2022-01-01,ZHZ3SPG0,0,66889632,4,0,409640045,19135,4,0,0,33,212,897,33,66889632,0,0,0,19024,82426400088,215004510220
2022-01-02,ZHZ3SPG0,0,236073472,4,0,413050981,19150,4,0,0,33,212,898,33,236073472,0,0,0,19039,82466015776,215134078372
2022-01-03,ZHZ3SPG0,0,217130360,4,0,416945456,19182,4,0,0,32,212,899,32,217130360,0,0,0,19071,82561451080,215507981628
2022-01-04,ZHZ3SPG0,0,14449488,4,0,418863871,19198,4,0,0,33,213,900,33,14449488,0,0,0,19086,82601938920,215753094580
2022-01-05,ZHZ3SPG0,0,35221448,4,0,422689763,19229,4,0,0,33,213,901,33,35221448,0,0,0,19118,82675706288,216188380636
2022-01-06,ZHZ3SPG0,0,20581832,4,0,425318136,19245,4,0,0,32,213,902,32,20581832,0,0,0,19134,82704207232,216389380708
2022-01-07,ZHZ3SPG0,0,215311840,4,0,430663834,19277,4,0,0,32,213,903,32,215311840,0,0,0,19165,82767599456,216764859292
2022-01-08,ZHZ3SPG0,0,232020248,4,0,435952156,19292,4,0,0,32,213,904,32,232020248,0,0,0,19181,82804935080,216988372708
2022-01-09,ZHZ3SPG0,0,40323376,4,0,442067862,19324,4,0,0,32,213,905,32,40323376,0,0,0,19212,82864205480,217225687204
2022-01-10,ZHZ3SPG0,0,159653272,4,0,445912000,19355,4,0,0,32,213,907,32,159653272,0,0,0,19243,82946778496,217506584716
2022-01-11,ZHZ3SPG0,0,122748944,4,0,447371904,19371,4,0,0,32,213,907,32,122748944,0,0,0,19259,82976853120,217683747308
2022-01-12,ZHZ3SPG0,0,54742552,4,0,449093691,19387,4,0,0,32,213,908,32,54742552,0,0,0,19275,83013945464,217822789468
2022-01-13,ZHZ3SPG0,0,62056,4,0,455350839,19418,4,0,0,32,213,909,32,62056,0,0,0,19306,83064777200,218205558732
2022-01-14,ZHZ3SPG0,0,226420128,4,0,457177703,19434,4,0,0,31,213,910,31,226420128,0,0,0,19322,83106162752,218390531252
2022-01-15,ZHZ3SPG0,0,148193240,4,0,460930811,19465,4,0,0,32,213,911,32,148193240,0,0,0,19353,83156675208,218750073684
2022-01-16,ZHZ3SPG0,0,22449256,4,0,464413968,19481,4,0,0,32,214,912,32,22449256,0,0,0,19368,83178017712,218847127988
2022-01-17,ZHZ3SPG0,0,195584256,4,0,468292724,19513,4,0,0,32,214,913,32,195584256,0,0,0,19400,83231003752,219211418524
2022-01-18,ZHZ3SPG0,0,124892168,4,0,469884848,19528,4,0,0,31,214,914,31,124892168,0,0,0,19415,83254291616,219361579308
2022-01-19,ZHZ3SPG0,0,22794768,4,0,473608029,19560,4,0,0,34,214,915,34,22794768,0,0,0,19447,83307751312,219694303700
2022-01-20,ZHZ3SPG0,0,25043352,4,0,475730076,19575,4,0,0,33,214,916,33,25043352,0,0,0,19462,83341343808,219907100420
2022-01-21,ZHZ3SPG0,0,185683640,4,0,481185121,19607,4,0,0,33,214,917,33,185683640,0,0,0,19493,83401702536,220251522740
2022-01-22,ZHZ3SPG0,0,135537152,4,0,482987361,19622,4,0,0,33,215,918,33,135537152,0,0,0,19509,83425373064,220421846396
2022-01-23,ZHZ3SPG0,0,178727440,4,0,488716044,19654,4,0,0,33,215,919,33,178727440,0,0,0,19540,83473647368,220660903116
2022-01-24,ZHZ3SPG0,0,135951432,4,0,490390127,19669,4,0,0,33,215,920,33,135951432,0,0,0,19556,83493284408,220842631148
2022-01-25,ZHZ3SPG0,0,61795080,4,0,493671747,19701,4,0,0,33,215,921,33,61795080,0,0,0,19587,83531673848,221218366844
2022-01-26,ZHZ3SPG0,0,190296704,4,0,496823713,19732,4,0,0,33,215,922,33,190296704,0,0,0,19618,83575516584,221547166724
2022-01-27,ZHZ3SPG0,0,147710200,4,0,499779525,19748,4,0,0,34,216,923,34,147710200,0,0,0,19634,83596651992,221727585516
2022-01-28,ZHZ3SPG0,0,58933728,4,0,505007426,19779,4,0,0,34,216,924,34,58933728,0,0,0,19665,83635685368,222088056932
2022-01-29,ZHZ3SPG0,0,30113824,4,0,507987311,19795,4,0,0,34,216,925,34,30113824,0,0,0,19681,83657856816,222281206396
2022-01-30,ZHZ3SPG0,0,126905384,4,0,514079809,19826,4,0,0,34,216,927,34,126905384,0,0,0,19712,83715607376,222564388052
2022-01-31,ZHZ3SPG0,0,120199664,4,0,516064481,19842,4,0,0,33,216,927,33,120199664,0,0,0,19728,83747815536,222769615132
2022-02-01,ZHZ3SPG0,0,52567648,4,0,519709084,19873,4,0,0,32,217,928,32,52567648,0,0,0,19759,83810158152,223127921956
2022-02-02,ZHZ3SPG0,0,21296200,4,0,521689979,19889,4,0,0,32,218,929,32,21296200,0,0,0,19774,83849607152,223301342436
2022-02-03,ZHZ3SPG0,0,31570448,4,0,527180387,19920,4,0,0,32,218,930,32,31570448,0,0,0,19806,83933556384,223715948964
2022-02-04,ZHZ3SPG0,0,114975432,4,0,531422510,19936,4,0,0,32,218,931,32,114975432,0,0,0,19821,84001738624,223975312436
2022-02-05,ZHZ3SPG0,0,103880192,4,0,536191649,19967,4,0,0,32,218,932,32,103880192,0,0,0,19853,84085163600,224369075012
2022-02-06,ZHZ3SPG0,0,11585504,4,0,542825158,19999,4,0,0,32,218,934,32,11585504,0,0,0,19884,84185323952,224664901580
2022-02-07,ZHZ3SPG0,0,33320896,4,0,545344289,20015,4,0,0,32,218,934,32,33320896,0,0,0,19899,84252843936,224863257804
2022-02-08,ZHZ3SPG0,0,26096192,4,0,550280308,20046,4,0,0,33,218,936,33,26096192,0,0,0,19930,84346136120,225251022348
2022-02-09,ZHZ3SPG0,0,30239520,4,0,552892792,20062,4,0,0,32,218,936,32,30239520,0,0,0,19946,84392110128,225453332372
2022-02-10,ZHZ3SPG0,0,57606128,4,0,558731921,20093,4,0,0,33,218,938,33,57606128,0,0,0,19977,84466504232,225894586404
2022-02-11,ZHZ3SPG0,0,26638904,4,0,561771675,20109,4,0,0,32,218,938,32,26638904,0,0,0,19993,84507008920,226067255572
2022-02-12,ZHZ3SPG0,0,16367880,4,0,569616643,20140,4,0,0,33,218,940,33,16367880,0,0,0,20024,84576787592,226475487140
2022-02-13,ZHZ3SPG0,0,178754920,4,0,573863942,20156,4,0,0,33,218,940,33,178754920,0,0,0,20040,84633306224,226581355548
2022-02-14,ZHZ3SPG0,0,184829096,4,0,579243892,20187,4,0,0,33,219,942,33,184829096,0,0,0,20071,84730446104,226978571404
2022-02-15,ZHZ3SPG0,0,218228120,4,0,582012125,20203,4,0,0,33,219,942,33,218228120,0,0,0,20087,84789513352,227197043916
2022-02-16,ZHZ3SPG0,0,216359376,4,0,587217370,20235,4,0,0,33,219,944,33,216359376,0,0,0,20118,84875478176,227597491764
2022-02-17,ZHZ3SPG0,0,38198928,4,0,593876008,20266,4,0,0,31,220,945,31,38198928,0,0,0,20149,84949160656,228078070876
2022-02-18,ZHZ3SPG0,0,1078656,4,0,595398790,20281,4,0,0,32,221,946,32,1078656,0,0,0,20165,84963415312,228270836580
2022-02-19,ZHZ3SPG0,0,105128192,4,0,599823085,20313,4,0,0,32,221,947,32,105128192,0,0,0,20196,84996694776,228585747396
2022-02-20,ZHZ3SPG0,0,10374000,4,0,602488077,20328,4,0,0,31,221,948,31,10374000,0,0,0,20212,85012940736,228718888044
2022-02-21,ZHZ3SPG0,0,174772016,4,0,605451416,20360,4,0,0,32,221,949,32,174772016,0,0,0,20243,85045301408,229095066092
2022-02-22,ZHZ3SPG0,0,102967520,4,0,606894747,20375,4,0,0,32,221,950,32,102967520,0,0,0,20258,85057437784,229255266276
2022-02-23,ZHZ3SPG0,0,44235320,4,0,610126442,20407,4,0,0,32,221,951,32,44235320,0,0,0,20290,85088637672,229653615684
2022-02-24,ZHZ3SPG0,0,39510336,4,0,613421537,20422,4,0,0,32,221,951,32,39510336,0,0,0,20305,85110978088,229870691012
2022-02-25,ZHZ3SPG0,0,169224976,4,0,617556910,20453,4,0,0,32,221,953,32,169224976,0,0,0,20336,85130878080,230224647268
2022-02-26,ZHZ3SPG0,0,121500960,4,0,619069108,20469,4,0,0,32,221,953,32,121500960,0,0,0,20352,85147211632,230404730332
2022-02-27,ZHZ3SPG0,0,217871272,4,0,624584294,20500,4,0,0,32,221,955,32,217871272,0,0,0,20383,85187993192,230704459716
2022-02-28,ZHZ3SPG0,0,171525696,4,0,627942421,20532,4,0,0,31,221,956,31,171525696,0,0,0,20414,85226383032,231108005852
2022-03-01,ZHZ3SPG0,0,154946200,4,0,629354718,20547,4,0,0,32,222,957,32,154946200,0,0,0,20430,85241831112,231320126332
2022-03-02,ZHZ3SPG0,0,212338144,4,0,632637322,20578,4,0,0,32,223,958,32,212338144,0,0,0,20461,85292794248,231814837540
2022-03-03,ZHZ3SPG0,0,2803824,4,0,635821800,20594,4,0,0,32,223,959,32,2803824,0,0,0,20476,85313418056,232072960860
2022-03-04,ZHZ3SPG0,0,22786688,4,0,637458273,20610,4,0,0,31,223,959,31,22786688,0,0,0,20492,85334067152,232316435436
2022-03-05,ZHZ3SPG0,0,14965632,4,0,640309519,20641,4,0,0,32,224,961,32,14965632,0,0,0,20523,85367588568,232763374500
2022-03-06,ZHZ3SPG0,0,124663624,4,0,643711415,20657,4,0,0,31,224,961,31,124663624,0,0,0,20539,85391233568,232849427492
2022-03-07,ZHZ3SPG0,0,88775280,4,0,647866799,20688,4,0,0,32,224,962,32,88775280,0,0,0,20570,85441166312,233251887668
2022-03-08,ZHZ3SPG0,0,162570304,4,0,651906064,20720,4,0,0,32,224,964,32,162570304,0,0,0,20602,85514656272,233496333684
2022-03-09,ZHZ3SPG0,0,167831288,4,0,653945303,20736,4,0,0,32,224,964,32,167831288,0,0,0,20617,85553572280,233706819740
2022-03-10,ZHZ3SPG0,0,3266512,4,0,660339091,20767,4,0,0,33,225,966,33,3266512,0,0,0,20649,85616216112,234212033684
2022-03-11,ZHZ3SPG0,0,33557288,4,0,662685656,20783,4,0,0,33,225,966,33,33557288,0,0,0,20664,85650763616,234451917596
2022-03-12,ZHZ3SPG0,0,9894688,4,0,667681678,20814,4,0,0,33,226,968,33,9894688,0,0,0,20696,85727385288,234839914844
2022-03-13,ZHZ3SPG0,0,162854488,4,0,671563767,20830,4,0,0,32,226,968,32,162854488,0,0,0,20711,85767080096,234953179836
2022-03-14,ZHZ3SPG0,0,176175800,5,0,673958280,20846,5,0,0,32,227,973,32,176175800,0,0,0,20727,85807149384,235170572488
2022-03-15,ZHZ3SPG0,0,57415072,5,0,678615932,20877,5,0,0,32,227,974,32,57415072,0,0,0,20758,85883078600,235464164144
2022-03-16,ZHZ3SPG0,0,1791864,5,0,680994857,20893,5,0,0,32,227,975,32,1791864,0,0,0,20774,85922942320,235612817880
2022-03-17,ZHZ3SPG0,0,105136112,5,0,686357808,20924,5,0,0,31,227,976,31,105136112,0,0,0,20805,85992906768,236134479312
2022-03-18,ZHZ3SPG0,0,221470328,5,0,691263615,20956,5,0,0,33,227,978,33,221470328,0,0,0,20836,86079323264,236408537664
2022-03-19,ZHZ3SPG0,0,13532104,5,0,693881337,20972,5,0,0,33,227,978,33,13532104,0,0,0,20852,86120348208,236647855840
2022-03-20,ZHZ3SPG0,0,87623808,5,0,701474697,21003,5,0,0,33,227,980,33,87623808,0,0,0,20883,86214617296,236871819088
2022-03-21,ZHZ3SPG0,0,45527104,5,0,703908965,21018,5,0,0,33,227,980,33,45527104,0,0,0,20899,86248244112,237040236216
2022-03-22,ZHZ3SPG0,0,64720184,5,0,708149122,21050,5,0,0,33,228,982,33,64720184,0,0,0,20930,86301599552,237494394928
2022-03-23,ZHZ3SPG0,0,88627632,5,0,710517988,21065,5,0,0,33,228,982,33,88627632,0,0,0,20946,86338448504,237725594544
2022-03-24,ZHZ3SPG0,0,15699216,5,0,716505828,21097,5,0,0,33,228,984,33,15699216,0,0,0,20977,86407863416,238071532816
2022-03-25,ZHZ3SPG0,0,25144184,5,0,719285160,21112,5,0,0,31,228,984,31,25144184,0,0,0,20992,86448291680,238284690232
2022-03-26,ZHZ3SPG0,0,113655360,5,0,727004680,21144,5,0,0,31,228,986,31,113655360,0,0,0,21023,86538369944,238771404776
2022-03-27,ZHZ3SPG0,0,235580152,5,0,730868733,21159,5,0,0,30,228,986,30,235580152,0,0,0,21038,86578774528,238852924984
2022-03-28,ZHZ3SPG0,0,230843680,5,0,735767872,21190,5,0,0,31,228,987,31,230843680,0,0,0,21070,86655094200,239260150168
2022-03-29,ZHZ3SPG0,0,235092296,5,0,738004089,21206,5,0,0,30,229,988,30,235092296,0,0,0,21085,86702649272,239460984504
2022-03-30,ZHZ3SPG0,0,21628584,5,0,741723947,21237,5,0,0,31,230,989,31,21628584,0,0,0,21116,86780853576,239901749200
2022-03-31,ZHZ3SPG0,0,238314208,5,0,748005392,21268,5,0,0,31,230,991,31,238314208,0,0,0,21147,86848296632,240295132400
2022-04-01,ZHZ3SPG0,0,220448408,5,0,750479915,21284,5,0,0,30,230,991,30,220448408,0,0,0,21163,86883244088,240486459776
2022-04-02,ZHZ3SPG0,0,133714920,5,0,754072496,21315,5,0,0,31,231,993,31,133714920,0,0,0,21194,86923875600,240847377528
2022-04-03,ZHZ3SPG0,0,3806464,5,0,757975079,21331,5,0,0,31,231,993,31,3806464,0,0,0,21209,86948894448,240936590856
2022-04-04,ZHZ3SPG0,0,205525968,5,0,760908506,21362,5,0,0,31,231,995,31,205525968,0,0,0,21241,86986543104,241344802480
2022-04-05,ZHZ3SPG0,0,176450264,5,0,762604964,21378,5,0,0,30,231,995,30,176450264,0,0,0,21256,87011085608,241535325864
2022-04-06,ZHZ3SPG0,0,121921904,5,0,765572517,21409,5,0,0,30,232,997,30,121921904,0,0,0,21287,87055213936,241924950528
2022-04-07,ZHZ3SPG0,0,77763688,5,0,767992303,21425,5,0,0,31,232,997,31,77763688,0,0,0,21303,87078239704,242101907176
2022-04-08,ZHZ3SPG0,0,10347200,5,0,773672007,21457,5,0,0,31,232,999,31,10347200,0,0,0,21334,87119934680,242481077136
2022-04-09,ZHZ3SPG0,0,229486368,5,0,775496058,21472,5,0,0,30,232,999,30,229486368,0,0,0,21350,87148947752,242671203232
2022-04-10,ZHZ3SPG0,0,66866104,5,0,781313478,21504,5,0,0,30,233,1000,30,66866104,0,0,0,21381,87185617248,242960195200
2022-04-11,ZHZ3SPG0,0,21308392,5,0,782989020,21520,5,0,0,30,233,1001,30,21308392,0,0,0,21397,87210388496,243134007272
2022-04-12,ZHZ3SPG0,0,132201536,5,0,785686029,21551,5,0,0,30,233,1002,30,132201536,0,0,0,21428,87250714376,243448716536
2022-04-13,ZHZ3SPG0,0,91951336,5,0,787427696,21567,5,0,0,30,233,1003,30,91951336,0,0,0,21444,87271001288,243632320152
2022-04-14,ZHZ3SPG0,0,17477832,5,0,791988252,21598,5,0,0,30,233,1004,30,17477832,0,0,0,21475,87311277152,244005852176
2022-04-15,ZHZ3SPG0,0,145277000,5,0,796859303,21629,5,0,0,31,233,1006,31,145277000,0,0,0,21506,87351625360,244337443800
2022-04-16,ZHZ3SPG0,0,99321264,5,0,798526199,21645,5,0,0,30,233,1006,30,99321264,0,0,0,21521,87375041776,244512212664
2022-04-17,ZHZ3SPG0,0,155975968,5,0,805026500,21676,5,0,0,31,233,1008,31,155975968,0,0,0,21552,87437688176,244750361656
2022-04-18,ZHZ3SPG0,0,138848688,5,0,806966240,21692,5,0,0,31,233,1008,31,138848688,0,0,0,21568,87468153992,244946909440
2022-04-19,ZHZ3SPG0,0,202815968,5,0,810380163,21723,5,0,0,31,233,1010,31,202815968,0,0,0,21599,87512247024,245210924816
2022-04-20,ZHZ3SPG0,0,119455056,5,0,812118823,21739,5,0,0,31,233,1010,31,119455056,0,0,0,21615,87537938424,245346013384
2022-04-21,ZHZ3SPG0,0,65337632,5,0,817764125,21770,5,0,0,29,233,1012,29,65337632,0,0,0,21645,87579976288,245738139856
2022-04-22,ZHZ3SPG0,0,60161000,5,0,820521548,21785,5,0,0,31,233,1012,31,60161000,0,0,0,21661,87611416576,245945664200
2022-04-23,ZHZ3SPG0,0,140893232,5,0,823764373,21817,5,0,0,31,235,1014,31,140893232,0,0,0,21692,87655306872,246226647016
2022-04-24,ZHZ3SPG0,0,135319704,5,0,829923887,21848,5,0,0,33,236,1015,33,135319704,0,0,0,21724,87703620048,246416900944
2022-04-25,ZHZ3SPG0,0,90177712,5,0,831745958,21864,5,0,0,33,236,1015,33,90177712,0,0,0,21739,87727167416,246592352504
2022-04-26,ZHZ3SPG0,0,228433224,5,0,835688459,21895,5,0,0,34,237,1017,34,228433224,0,0,0,21771,87779994080,246921922040
2022-04-27,ZHZ3SPG0,0,172708632,5,0,837453132,21911,5,0,0,34,237,1017,34,172708632,0,0,0,21786,87804379240,247085953128
2022-04-28,ZHZ3SPG0,0,126708448,5,0,839385070,21926,5,0,0,33,237,1018,33,126708448,0,0,0,21802,87832070264,247256402848
2022-04-29,ZHZ3SPG0,0,228332544,5,0,845813709,21958,5,0,0,32,237,1019,32,228332544,0,0,0,21833,87883082240,247551155600
2022-04-30,ZHZ3SPG0,0,24106920,5,0,849581164,21989,5,0,0,33,237,1021,33,24106920,0,0,0,21864,87932833984,247785460024
2022-05-01,ZHZ3SPG0,0,114069696,5,0,853087106,22005,5,0,0,33,237,1021,33,114069696,0,0,0,21879,87962503344,247845753440
2022-05-02,ZHZ3SPG0,0,241872712,5,0,861354368,22036,5,0,0,34,238,1023,34,241872712,0,0,0,21911,88023813696,248156386856
2022-05-03,ZHZ3SPG0,0,194620240,5,0,865378532,22052,5,0,0,34,238,1023,34,194620240,0,0,0,21926,88053243000,248323845784
2022-05-04,ZHZ3SPG0,0,162059168,5,0,870103936,22083,5,0,0,33,239,1025,33,162059168,0,0,0,21957,88113132576,248719676408
2022-05-05,ZHZ3SPG0,0,131506624,5,0,872842156,22099,5,0,0,33,239,1025,33,131506624,0,0,0,21973,88142798568,248903598592
2022-05-06,ZHZ3SPG0,0,25042584,5,0,878360179,22130,5,0,0,33,239,1027,33,25042584,0,0,0,22004,88191096312,249237118512
2022-05-07,ZHZ3SPG0,0,139162280,5,0,882865184,22162,5,0,0,33,240,1028,33,139162280,0,0,0,22036,88236952616,249549522760
2022-05-08,ZHZ3SPG0,0,48608088,5,0,885961170,22178,5,0,0,33,240,1029,33,48608088,0,0,0,22052,88254958880,249685103088
2022-05-09,ZHZ3SPG0,0,216143504,5,0,889445132,22209,5,0,0,33,240,1030,33,216143504,0,0,0,22083,88298638080,250053100168
2022-05-10,ZHZ3SPG0,0,187555528,5,0,891044636,22225,5,0,0,33,240,1031,33,187555528,0,0,0,22099,88326464384,250240826624
2022-05-11,ZHZ3SPG0,0,105181152,5,0,894440623,22257,5,0,0,33,240,1032,33,105181152,0,0,0,22130,88373681080,250599517256
2022-05-12,ZHZ3SPG0,0,60399152,5,0,897505569,22272,5,0,0,33,240,1033,33,60399152,0,0,0,22146,88392504440,250780052664
2022-05-13,ZHZ3SPG0,0,240224504,5,0,902826283,22304,5,0,0,33,240,1034,33,240224504,0,0,0,22177,88455771968,251140751120
2022-05-14,ZHZ3SPG0,0,22820120,5,0,904771875,22320,5,0,0,32,240,1034,32,22820120,0,0,0,22193,88481409144,251385990968
2022-05-15,ZHZ3SPG0,0,110838248,5,0,911093220,22351,5,0,0,33,240,1036,33,110838248,0,0,0,22225,88529082080,251670477104
2022-05-16,ZHZ3SPG0,0,96042400,5,0,913046446,22367,5,0,0,32,240,1036,32,96042400,0,0,0,22240,88551580344,251877323752
2022-05-17,ZHZ3SPG0,0,37344592,5,0,916589700,22399,5,0,0,32,241,1038,32,37344592,0,0,0,22272,88595310784,252263176992
2022-05-18,ZHZ3SPG0,0,179635720,5,0,918224231,22414,5,0,0,32,241,1039,32,179635720,0,0,0,22287,88613337288,252387441616
2022-05-19,ZHZ3SPG0,0,135201584,5,0,924343313,22446,5,0,0,33,241,1041,33,135201584,0,0,0,22319,88654770176,252789856032
2022-05-20,ZHZ3SPG0,0,79944192,5,0,926752951,22461,5,0,0,32,241,1041,32,79944192,0,0,0,22334,88685803488,252947706008
2022-05-21,ZHZ3SPG0,0,79287584,5,0,930554971,22493,5,0,0,33,242,1043,33,79287584,0,0,0,22366,88711344736,253165648792
2022-05-22,ZHZ3SPG0,0,183691880,5,0,934118522,22509,5,0,0,32,242,1043,32,183691880,0,0,0,22381,88738698264,253242699560
2022-05-23,ZHZ3SPG0,0,192399152,5,0,937090972,22540,5,0,0,33,242,1045,33,192399152,0,0,0,22412,88796611560,253437634168
2022-05-24,ZHZ3SPG0,0,151439744,5,0,938885579,22555,5,0,0,33,242,1045,33,151439744,0,0,0,22428,88815152736,253622274248
2022-05-25,ZHZ3SPG0,0,220963816,5,0,942158304,22587,5,0,0,33,243,1047,33,220963816,0,0,0,22459,88870985224,253880106520
2022-05-26,ZHZ3SPG0,0,163793744,5,0,944572657,22602,5,0,0,33,243,1047,33,163793744,0,0,0,22475,88893688992,254044373344
2022-05-27,ZHZ3SPG0,0,240601632,5,0,950313072,22634,5,0,0,33,243,1048,33,240601632,0,0,0,22506,88938014472,254320996384
2022-05-28,ZHZ3SPG0,0,237314472,5,0,952309522,22649,5,0,0,33,243,1049,33,237314472,0,0,0,22522,88966077704,254533786744
2022-05-29,ZHZ3SPG0,0,16050424,5,0,958702085,22681,5,0,0,32,243,1050,32,16050424,0,0,0,22553,89021580688,254745301136
2022-05-30,ZHZ3SPG0,0,217117248,5,0,960516072,22696,5,0,0,32,243,1051,32,217117248,0,0,0,22568,89053953448,254913995200
2022-05-31,ZHZ3SPG0,0,223149656,5,0,964285186,22728,5,0,0,33,244,1052,33,223149656,0,0,0,22599,89101379576,255360882792
2022-06-01,ZHZ3SPG0,0,223997256,5,0,966425039,22743,5,0,0,32,244,1053,32,223997256,0,0,0,22615,89126498840,255580751816
2022-06-02,ZHZ3SPG0,0,235242152,5,0,970635487,22774,5,0,0,32,244,1054,32,235242152,0,0,0,22646,89175562512,256031214512
2022-06-03,ZHZ3SPG0,0,195633752,5,0,972605372,22790,5,0,0,32,244,1055,32,195633752,0,0,0,22661,89204326872,256206982632
2022-06-04,ZHZ3SPG0,0,118310616,5,0,975982475,22822,5,0,0,33,244,1056,33,118310616,0,0,0,22693,89265069784,256557197960
2022-06-05,ZHZ3SPG0,0,168153872,5,0,982315766,22853,5,0,0,33,244,1058,33,168153872,0,0,0,22724,89314980168,256801271480
2022-06-07,ZHZ3SPG0,0,72001176,5,0,987623672,22900,5,0,0,33,244,1060,33,72001176,0,0,0,22771,89393957952,257358563248
2022-06-08,ZHZ3SPG0,0,37671120,5,0,989377383,22916,5,0,0,33,244,1061,33,37671120,0,0,0,22787,89426068264,257536263608
2022-06-09,ZHZ3SPG0,0,224556080,6,0,995323564,22947,6,0,0,33,244,1064,33,224556080,0,0,0,22818,89470716480,257922640978
2022-06-10,ZHZ3SPG0,0,234813824,6,0,998236135,22963,6,0,0,32,245,1065,32,234813824,0,0,0,22833,89499743616,258148012242
2022-06-11,ZHZ3SPG0,0,80761128,6,0,1743634,22994,6,0,0,32,245,1066,32,80761128,0,0,0,22865,89549676928,258432307730
2022-06-12,ZHZ3SPG0,0,211314128,6,0,7986294,23026,6,0,0,32,245,1068,32,211314128,0,0,0,22896,89599228944,258757449418
2022-06-13,ZHZ3SPG0,0,162203104,6,0,10472345,23042,6,0,0,32,245,1068,32,162203104,0,0,0,22912,89640282320,258911425818
2022-06-14,ZHZ3SPG0,0,226350312,6,0,17739092,23073,6,0,0,33,245,1070,33,226350312,0,0,0,22943,89717828288,259386308346
2022-06-15,ZHZ3SPG0,0,214870328,6,0,20330118,23089,6,0,0,32,245,1070,32,214870328,0,0,0,22959,89742829904,259593967882
2022-06-16,ZHZ3SPG0,0,209482128,6,0,22842046,23105,6,0,0,32,245,1071,32,209482128,0,0,0,22975,89769496456,259806053954
2022-06-17,ZHZ3SPG0,0,99349464,6,0,26351946,23136,6,0,0,32,245,1072,32,99349464,0,0,0,23006,89821711976,260131987370
2022-06-18,ZHZ3SPG0,0,1217624,6,0,28061237,23152,6,0,0,32,245,1073,32,1217624,0,0,0,23021,89847944864,260251763770
2022-06-19,ZHZ3SPG0,0,15688856,6,0,34072536,23183,6,0,0,32,245,1074,32,15688856,0,0,0,23053,89896616072,260461704602
2022-06-20,ZHZ3SPG0,0,142664272,6,0,35715913,23199,6,0,0,31,245,1075,31,142664272,0,0,0,23068,89923164008,260562132082
2022-06-21,ZHZ3SPG0,0,242488048,6,0,38837409,23230,6,0,0,32,245,1076,32,242488048,0,0,0,23099,89977955480,260851305066
2022-06-22,ZHZ3SPG0,0,206139528,6,0,40857436,23246,6,0,0,32,245,1077,32,206139528,0,0,0,23115,90009050168,261028002714
2022-06-23,ZHZ3SPG0,0,130299552,6,0,45346166,23277,6,0,0,33,245,1079,33,130299552,0,0,0,23145,90078332984,261371161266
2022-06-24,ZHZ3SPG0,0,39260608,6,0,51538973,23308,6,0,0,33,245,1080,33,39260608,0,0,0,23176,90134300856,261712435946
2022-06-25,ZHZ3SPG0,0,237398912,6,0,53267580,23324,6,0,0,33,245,1080,33,237398912,0,0,0,23192,90156548616,261888326490
2022-06-26,ZHZ3SPG0,0,14416232,6,0,59407025,23355,6,0,0,33,245,1082,33,14416232,0,0,0,23223,90194828520,262115345442
2022-06-27,ZHZ3SPG0,0,238939776,6,0,61240579,23371,6,0,0,32,245,1082,32,238939776,0,0,0,23239,90220993160,262313704346
2022-06-28,ZHZ3SPG0,0,120133112,6,0,64262405,23402,6,0,0,33,245,1084,33,120133112,0,0,0,23270,90257786304,262646386346
2022-06-29,ZHZ3SPG0,0,119744760,6,0,65959529,23418,6,0,0,32,245,1084,32,119744760,0,0,0,23286,90277751984,262870172946
2022-06-30,ZHZ3SPG0,0,92137680,6,0,71883983,23449,6,0,0,33,245,1086,33,92137680,0,0,0,23317,90313010968,263295588578
2022-07-01,ZHZ3SPG0,0,69912896,6,0,74329442,23465,6,0,0,32,245,1086,32,69912896,0,0,0,23332,90348589560,263481925834
2022-07-02,ZHZ3SPG0,0,40790256,6,0,78110423,23497,6,0,0,32,246,1088,32,40790256,0,0,0,23364,90403936240,263885738170
2022-07-03,ZHZ3SPG0,0,157357088,6,0,81788199,23512,6,0,0,32,246,1088,32,157357088,0,0,0,23379,90431213760,263975027482
2022-07-04,ZHZ3SPG0,0,82784152,6,0,86101261,23544,6,0,0,32,246,1090,32,82784152,0,0,0,23411,90502919400,264317030290
2022-07-05,ZHZ3SPG0,0,14321640,6,0,89948930,23575,6,0,0,32,246,1091,32,14321640,0,0,0,23442,90554475168,264685293354
2022-07-06,ZHZ3SPG0,0,229868176,6,0,91759589,23591,6,0,0,32,246,1092,32,229868176,0,0,0,23458,90575975728,264879339330
2022-07-07,ZHZ3SPG0,0,239185632,6,0,94225858,23607,6,0,0,32,246,1092,32,239185632,0,0,0,23473,90600805680,265107967522
2022-07-08,ZHZ3SPG0,0,170498144,6,0,98522086,23638,6,0,0,32,246,1093,32,170498144,0,0,0,23505,90651706520,265476660834
2022-07-09,ZHZ3SPG0,0,163496664,6,0,100683384,23654,6,0,0,32,247,1094,32,163496664,0,0,0,23520,90679436688,265686069850
2022-07-10,ZHZ3SPG0,0,213423224,6,0,106820326,23685,6,0,0,33,247,1095,33,213423224,0,0,0,23551,90733933816,265925639922
2022-07-11,ZHZ3SPG0,0,157582096,6,0,110185967,23716,6,0,0,33,247,1097,33,157582096,0,0,0,23583,90779376528,266312637810
2022-07-12,ZHZ3SPG0,0,157020320,6,0,114746221,23732,6,0,0,33,247,1097,33,157020320,0,0,0,23598,90799542600,266536050594
2022-07-13,ZHZ3SPG0,0,76818016,6,0,118093652,23763,6,0,0,33,247,1099,33,76818016,0,0,0,23629,90846668984,266897003986
2022-07-14,ZHZ3SPG0,0,61036952,6,0,120314307,23779,6,0,0,32,247,1099,32,61036952,0,0,0,23645,90873717416,267098315274
2022-07-15,ZHZ3SPG0,0,217841960,6,0,126200247,23811,6,0,0,32,248,1101,32,217841960,0,0,0,23677,90914794792,267458183826
2022-07-16,ZHZ3SPG0,0,192843856,6,0,127789442,23826,6,0,0,32,248,1101,32,192843856,0,0,0,23692,90938316456,267653804706
2022-07-17,ZHZ3SPG0,0,200050480,6,0,133510271,23858,6,0,0,32,250,1103,32,200050480,0,0,0,23723,90980292048,267863176370
2022-07-18,ZHZ3SPG0,0,158083240,6,0,134988639,23873,6,0,0,32,250,1103,32,158083240,0,0,0,23739,91004756712,268040885274
2022-07-19,ZHZ3SPG0,0,56927824,6,0,137925449,23905,6,0,0,33,252,1105,33,56927824,0,0,0,23770,91050278544,268382489306
2022-07-20,ZHZ3SPG0,0,38063200,6,0,139621149,23920,6,0,0,32,252,1105,32,38063200,0,0,0,23786,91073697792,268584346498
2022-07-21,ZHZ3SPG0,0,230062488,6,0,144424997,23952,6,0,0,33,253,1106,33,230062488,0,0,0,23817,91118423080,268975761162
2022-07-22,ZHZ3SPG0,0,209380152,6,0,148010121,23968,6,0,0,32,253,1107,32,209380152,0,0,0,23833,91147713064,269169929498
2022-07-23,ZHZ3SPG0,0,86329016,6,0,150901040,23999,6,0,0,33,253,1108,33,86329016,0,0,0,23864,91189474928,269493398386
2022-07-24,ZHZ3SPG0,0,200993512,6,0,154747676,24015,6,0,0,33,254,1109,33,200993512,0,0,0,23880,91210093184,269587444626
2022-07-25,ZHZ3SPG0,0,101834720,6,0,158347036,24046,6,0,0,33,254,1110,33,101834720,0,0,0,23911,91242558632,269944102146
2022-07-26,ZHZ3SPG0,0,78513488,6,0,160053920,24062,6,0,0,32,254,1111,32,78513488,0,0,0,23927,91267864216,270139615962
2022-07-27,ZHZ3SPG0,0,28674920,6,0,163333795,24093,6,0,0,32,254,1112,32,28674920,0,0,0,23958,91320034704,270525888258
2022-07-28,ZHZ3SPG0,0,230060160,6,0,168603804,24125,6,0,0,33,254,1114,33,230060160,0,0,0,23989,91372403104,270919045842
2022-07-29,ZHZ3SPG0,0,226388720,6,0,171708731,24140,6,0,0,33,254,1114,33,226388720,0,0,0,24005,91399226080,271132692106
2022-07-30,ZHZ3SPG0,0,109283056,6,0,174983763,24172,6,0,0,33,254,1116,33,109283056,0,0,0,24036,91441053024,271462040922
2022-07-31,ZHZ3SPG0,0,218037640,6,0,179076376,24187,6,0,0,33,254,1116,33,218037640,0,0,0,24051,91459685432,271552163098
2022-08-01,ZHZ3SPG0,0,120146600,6,0,182076457,24219,6,0,0,33,254,1118,33,120146600,0,0,0,24082,91511355704,271890883490
2022-08-02,ZHZ3SPG0,0,83393904,6,0,183725515,24234,6,0,0,33,254,1118,33,83393904,0,0,0,24098,91533249688,272076377458
2022-08-03,ZHZ3SPG0,0,241971816,6,0,186696776,24266,6,0,0,33,254,1120,33,241971816,0,0,0,24129,91573555672,272438790362
2022-08-04,ZHZ3SPG0,0,233637016,6,0,188998504,24281,6,0,0,33,254,1120,33,233637016,0,0,0,24145,91599231392,272648920634
2022-08-05,ZHZ3SPG0,0,40190632,6,0,194857945,24313,6,0,0,33,254,1122,33,40190632,0,0,0,24176,91640579120,273146548610
2022-08-06,ZHZ3SPG0,0,48154392,6,0,196342887,24328,6,0,0,32,254,1122,32,48154392,0,0,0,24191,91666537760,273372694426
2022-08-07,ZHZ3SPG0,0,132805768,6,0,202193038,24360,6,0,0,33,255,1124,33,132805768,0,0,0,24222,91710997200,273657026994
2022-08-08,ZHZ3SPG0,0,153529664,6,0,205086651,24391,6,0,0,33,255,1125,33,153529664,0,0,0,24254,91753581072,274123456650
2022-08-09,ZHZ3SPG0,0,132776808,6,0,206360112,24407,6,0,0,33,255,1125,33,132776808,0,0,0,24269,91776947080,274323478626
2022-08-10,ZHZ3SPG0,0,117646560,6,0,208838963,24438,6,0,0,33,256,1127,33,117646560,0,0,0,24300,91822214848,274507221250
2022-08-11,ZHZ3SPG0,0,103452352,6,0,211368338,24453,6,0,0,33,256,1127,33,103452352,0,0,0,24316,91840182040,274719200586
2022-08-12,ZHZ3SPG0,0,100505320,6,0,215800293,24488,6,0,0,32,256,1132,32,100505320,0,0,0,24349,91873004360,275171712564
2022-08-13,ZHZ3SPG0,0,88281368,6,0,217179322,24503,6,0,0,32,256,1132,32,88281368,0,0,0,24365,91887765968,275388867708
2022-08-14,ZHZ3SPG0,0,24740304,6,0,221224534,24535,6,0,0,33,256,1134,33,24740304,0,0,0,24396,91935682144,275765726748
2022-08-15,ZHZ3SPG0,0,79041072,6,0,225218271,24550,6,0,0,33,256,1134,33,79041072,0,0,0,24412,91954802216,276045048252
2022-08-16,ZHZ3SPG0,0,83293536,6,0,229152396,24582,6,0,0,33,256,1135,33,83293536,0,0,0,24443,91997842424,276494541772
2022-08-17,ZHZ3SPG0,0,79478432,6,0,230567542,24597,6,0,0,33,256,1136,33,79478432,0,0,0,24459,92017837936,276714872020
2022-08-18,ZHZ3SPG0,0,71312224,6,0,235747551,24629,6,0,0,33,256,1137,33,71312224,0,0,0,24490,92061820536,277151004516
2022-08-19,ZHZ3SPG0,0,55711880,6,0,238388972,24644,6,0,0,33,257,1138,33,55711880,0,0,0,24505,92078125240,277363240132
2022-08-20,ZHZ3SPG0,0,10220880,6,0,241685494,24676,6,0,0,33,257,1139,33,10220880,0,0,0,24537,92131758944,277752396964
2022-08-21,ZHZ3SPG0,0,147244392,6,0,245641264,24692,6,0,0,33,257,1140,33,147244392,0,0,0,24552,92174374456,277846804964
2022-08-22,ZHZ3SPG0,0,91856120,6,0,248657847,24723,6,0,0,33,257,1141,33,91856120,0,0,0,24584,92227069192,278227003444
2022-08-23,ZHZ3SPG0,0,61601280,6,0,250100020,24739,6,0,0,32,258,1142,32,61601280,0,0,0,24599,92251406856,278416551628
2022-08-24,ZHZ3SPG0,0,78992640,6,0,253214896,24770,6,0,0,32,258,1143,32,78992640,0,0,0,24630,92309872744,278863758692
2022-08-25,ZHZ3SPG0,0,81944928,6,0,255650566,24786,6,0,0,33,258,1144,33,81944928,0,0,0,24646,92334887192,279085838468
2022-08-26,ZHZ3SPG0,0,17280000,6,0,261218112,24817,6,0,0,32,259,1145,32,17280000,0,0,0,24677,92375786512,279468555780
2022-08-27,ZHZ3SPG0,0,37890376,6,0,262843620,24833,6,0,0,32,259,1146,32,37890376,0,0,0,24693,92403788688,279705304740
2022-08-28,ZHZ3SPG0,0,93542304,6,0,269161799,24864,6,0,0,32,259,1147,32,93542304,0,0,0,24724,92460397640,279948488372
2022-08-29,ZHZ3SPG0,0,95507040,6,0,270796492,24880,6,0,0,32,259,1148,32,95507040,0,0,0,24739,92495977088,280159014308
2022-08-30,ZHZ3SPG0,0,5826000,6,0,273525634,24911,6,0,0,33,259,1149,33,5826000,0,0,0,24771,92550374848,280503216972
2022-08-31,ZHZ3SPG0,0,180635672,6,0,276687787,24942,6,0,0,33,260,1151,33,180635672,0,0,0,24801,92597483048,280875059076
2022-09-01,ZHZ3SPG0,0,213500800,6,0,279748107,24958,6,0,0,33,260,1151,33,213500800,0,0,0,24817,92626744504,281122803492
2022-09-02,ZHZ3SPG0,0,157336480,6,0,285720933,24990,6,0,0,33,261,1153,33,157336480,0,0,0,24848,92678258592,281503406692
2022-09-03,ZHZ3SPG0,0,115141248,6,0,287240178,25005,6,0,0,33,261,1153,33,115141248,0,0,0,24864,92699480008,281684131332
2022-09-04,ZHZ3SPG0,0,126374928,6,0,293649733,25037,6,0,0,33,263,1155,33,126374928,0,0,0,24895,92752669216,281886316596
2022-09-05,ZHZ3SPG0,0,90386056,6,0,295216959,25052,6,0,0,32,263,1155,32,90386056,0,0,0,24911,92776785448,282070352308
2022-09-06,ZHZ3SPG0,0,223554360,6,0,298109260,25084,6,0,0,33,263,1157,33,223554360,0,0,0,24942,92827708544,282396738212
2022-09-07,ZHZ3SPG0,0,216647720,6,0,299954759,25100,6,0,0,33,263,1157,33,216647720,0,0,0,24958,92867784040,282593896708
2022-09-08,ZHZ3SPG0,0,163928672,6,0,304006604,25131,6,0,0,33,263,1159,33,163928672,0,0,0,24989,92925007656,282972240404
2022-09-09,ZHZ3SPG0,0,159744328,6,0,305917249,25147,6,0,0,33,263,1159,33,159744328,0,0,0,25005,92957338016,283179866508
2022-09-10,ZHZ3SPG0,0,58612040,6,0,309348334,25178,6,0,0,33,263,1161,33,58612040,0,0,0,25036,93010352624,283514004148
2022-09-11,ZHZ3SPG0,0,169315112,6,0,313184187,25194,6,0,0,33,263,1161,33,169315112,0,0,0,25052,93038533248,283596526596
2022-09-12,ZHZ3SPG0,0,1284960,6,0,316764875,25226,6,0,0,33,265,1163,33,1284960,0,0,0,25083,93096198736,283859112324
2022-09-13,ZHZ3SPG0,0,215217384,6,0,318459584,25241,6,0,0,33,265,1163,33,215217384,0,0,0,25099,93128141808,284041101676
2022-09-14,ZHZ3SPG0,0,59046464,6,0,321509618,25273,6,0,0,33,265,1165,33,59046464,0,0,0,25130,93190460272,284310893620
2022-09-15,ZHZ3SPG0,0,218847968,6,0,323522542,25289,6,0,0,33,265,1165,33,218847968,0,0,0,25146,93219278232,284441877164
2022-09-16,ZHZ3SPG0,0,216399520,6,0,327498168,25320,6,0,0,32,265,1167,32,216399520,0,0,0,25177,93274557456,284872431140
2022-09-17,ZHZ3SPG0,0,195315288,6,0,329224333,25336,6,0,0,32,265,1167,32,195315288,0,0,0,25193,93302068168,285067976844
2022-09-18,ZHZ3SPG0,0,207462920,6,0,334239774,25367,6,0,0,32,266,1169,32,207462920,0,0,0,25224,93358130704,285268202580
2022-09-19,ZHZ3SPG0,0,115567160,6,0,336922348,25383,6,0,0,32,266,1169,32,115567160,0,0,0,25240,93385385408,285393192748
2022-09-20,ZHZ3SPG0,0,161731024,6,0,339617552,25415,6,0,0,32,266,1171,32,161731024,0,0,0,25271,93434049000,285634833708
2022-09-21,ZHZ3SPG0,0,109818736,6,0,341229440,25430,6,0,0,32,266,1171,32,109818736,0,0,0,25287,93465978960,285795132092
2022-09-22,ZHZ3SPG0,0,16154304,6,0,346035951,25462,6,0,0,33,266,1173,33,16154304,0,0,0,25318,93516652864,286139075204
2022-09-23,ZHZ3SPG0,0,187665896,6,0,349464807,25478,6,0,0,32,266,1173,32,187665896,0,0,0,25334,93541443768,286285795892
2022-09-24,ZHZ3SPG0,0,202565560,6,0,352026819,25509,6,0,0,32,267,1175,32,202565560,0,0,0,25365,93589517464,286496762492
2022-09-25,ZHZ3SPG0,0,11856880,6,0,359726438,25540,6,0,0,34,268,1176,34,11856880,0,0,0,25397,93630707832,286753145100
2022-09-26,ZHZ3SPG0,0,205767864,6,0,364294444,25556,6,0,0,32,268,1176,32,205767864,0,0,0,25412,93655913616,286921850300
2022-09-27,ZHZ3SPG0,0,52076848,6,0,367112193,25588,6,0,0,33,269,1178,33,52076848,0,0,0,25444,93701054424,287211299998
2022-09-28,ZHZ3SPG0,0,207146424,6,0,368670303,25603,6,0,0,33,269,1178,33,207146424,0,0,0,25459,93725343144,287342080854
2022-09-29,ZHZ3SPG0,0,174631016,6,0,373677455,25635,6,0,0,33,269,1180,33,174631016,0,0,0,25491,93779170920,287744019054
2022-09-30,ZHZ3SPG0,0,170636656,6,0,377332162,25651,6,0,0,33,269,1180,33,170636656,0,0,0,25506,93805970336,287957365910
2022-10-01,ZHZ3SPG0,0,162281544,6,0,381188714,25682,6,0,0,33,270,1182,33,162281544,0,0,0,25537,93864320032,288378942638
2022-10-02,ZHZ3SPG0,0,221893648,6,0,387308184,25714,6,0,0,32,271,1183,32,221893648,0,0,0,25569,93915837784,288631177622
2022-10-03,ZHZ3SPG0,0,178630224,6,0,388844359,25729,6,0,0,33,271,1184,33,178630224,0,0,0,25584,93936328784,288811563830
2022-10-04,ZHZ3SPG0,0,138079848,6,0,392293289,25761,6,0,0,33,271,1185,33,138079848,0,0,0,25616,93989736256,289205887262
2022-10-05,ZHZ3SPG0,0,10056504,6,0,393616216,25777,6,0,0,33,271,1186,33,10056504,0,0,0,25631,94012800344,289298940470
2022-10-06,ZHZ3SPG0,0,56048624,6,0,396009911,25793,6,0,0,33,271,1186,33,56048624,0,0,0,25647,94043816448,289558057134
2022-10-07,ZHZ3SPG0,0,215935232,6,0,400010030,25824,6,0,0,33,272,1188,33,215935232,0,0,0,25678,94093115088,289912785814
2022-10-08,ZHZ3SPG0,0,176577648,6,0,401648812,25840,6,0,0,33,272,1188,33,176577648,0,0,0,25694,94115939208,290094744806
2022-10-09,ZHZ3SPG0,0,15749568,6,0,408093728,25871,6,0,0,33,272,1190,33,15749568,0,0,0,25725,94174870624,290363266694
2022-10-10,ZHZ3SPG0,0,67251264,6,0,410106113,25887,6,0,0,33,272,1190,33,67251264,0,0,0,25741,94201789176,290631990470
2022-10-11,ZHZ3SPG0,0,183682704,6,0,412946830,25919,6,0,0,33,272,1192,33,183682704,0,0,0,25772,94211797120,290982554686
2022-10-12,ZHZ3SPG0,0,75734720,6,0,416147268,25950,6,0,0,34,272,1193,34,75734720,0,0,0,25803,94265116440,291309568998
2022-10-13,ZHZ3SPG0,0,90690176,6,0,418548997,25966,6,0,0,33,272,1194,33,90690176,0,0,0,25819,94289819744,291543961782
2022-10-14,ZHZ3SPG0,0,131071816,6,0,424587255,25997,6,0,0,33,272,1195,33,131071816,0,0,0,25851,94343268176,291775035622
2022-10-15,ZHZ3SPG0,0,235655000,6,0,425994187,26013,6,0,0,33,272,1195,33,235655000,0,0,0,25866,94375594512,291847292470
2022-10-16,ZHZ3SPG0,0,232067880,6,0,432168798,26044,6,0,0,34,272,1197,34,232067880,0,0,0,25898,94436802800,292026637694
2022-10-17,ZHZ3SPG0,0,221888528,6,0,434031224,26060,6,0,0,33,272,1197,33,221888528,0,0,0,25913,94464427304,292232974678
2022-10-18,ZHZ3SPG0,0,4131232,6,0,436995873,26091,6,0,0,33,272,1199,33,4131232,0,0,0,25945,94518155120,292449770950
2022-10-19,ZHZ3SPG0,0,170579960,6,0,438571472,26107,6,0,0,33,272,1199,33,170579960,0,0,0,25960,94550140496,292584234302
2022-10-20,ZHZ3SPG0,0,162658224,6,0,444004765,26139,6,0,0,33,273,1201,33,162658224,0,0,0,25992,94601737008,293012997734
2022-10-21,ZHZ3SPG0,0,178034600,6,0,447497535,26154,6,0,0,33,273,1201,33,178034600,0,0,0,26007,94634018024,293240233974
2022-10-22,ZHZ3SPG0,0,83982520,6,0,450901915,26186,6,0,0,33,273,1203,33,83982520,0,0,0,26039,94685036504,293583444798
2022-10-23,ZHZ3SPG0,0,202939928,6,0,454809153,26202,6,0,0,33,273,1203,33,202939928,0,0,0,26054,94717535816,293669902894
2022-10-24,ZHZ3SPG0,0,200960912,6,0,459411348,26233,6,0,0,33,274,1205,33,200960912,0,0,0,26085,94767758464,294105982942
2022-10-25,ZHZ3SPG0,0,225820200,6,0,463423220,26249,6,0,0,33,274,1205,33,225820200,0,0,0,26101,94794447712,294348293862
2022-10-26,ZHZ3SPG0,0,197724576,6,0,468327114,26280,6,0,0,33,275,1207,33,197724576,0,0,0,26132,94842131136,294760796222
2022-10-27,ZHZ3SPG0,0,208264120,6,0,470497474,26296,6,0,0,33,275,1207,33,208264120,0,0,0,26148,94868388200,294989219382
2022-10-28,ZHZ3SPG0,0,202403184,6,0,477320229,26327,6,0,0,33,275,1209,33,202403184,0,0,0,26179,94923115672,295416912510
2022-10-29,ZHZ3SPG0,0,194244872,6,0,479083770,26343,6,0,0,33,275,1209,33,194244872,0,0,0,26195,94950102592,295625908070
2022-10-30,ZHZ3SPG0,0,231546560,6,0,485568649,26375,6,0,0,33,275,1211,33,231546560,0,0,0,26227,95005675104,295851778078
2022-10-31,ZHZ3SPG0,0,205091448,6,0,493264888,26406,6,0,0,34,275,1212,34,205091448,0,0,0,26258,95067456272,296251823142
2022-11-01,ZHZ3SPG0,0,128605960,6,0,494669103,26422,6,0,0,33,275,1213,33,128605960,0,0,0,26274,95094244472,296392690158
2022-11-02,ZHZ3SPG0,0,50803928,6,0,498038606,26453,6,0,0,33,275,1214,33,50803928,0,0,0,26305,95150768608,296746645542
2022-11-03,ZHZ3SPG0,0,26085776,6,0,500701696,26469,6,0,0,33,275,1214,33,26085776,0,0,0,26321,95177188416,296939648398
2022-11-04,ZHZ3SPG0,0,44290456,6,0,507081680,26500,6,0,0,34,275,1216,34,44290456,0,0,0,26351,95243704512,297379618406
2022-11-05,ZHZ3SPG0,0,241665640,6,0,508760570,26515,6,0,0,33,275,1216,33,241665640,0,0,0,26367,95271780744,297548917358
2022-11-06,ZHZ3SPG0,0,45981904,6,0,515116234,26547,6,0,0,33,276,1218,33,45981904,0,0,0,26398,95321503968,297791791710
2022-11-07,ZHZ3SPG0,0,43341128,6,0,516889948,26562,6,0,0,33,276,1218,33,43341128,0,0,0,26413,95349931328,298004864206
2022-11-08,ZHZ3SPG0,0,192288656,6,0,519911158,26593,6,0,0,33,277,1219,33,192288656,0,0,0,26444,95392594600,298355289230
2022-11-09,ZHZ3SPG0,0,110392216,6,0,521559705,26609,6,0,0,33,278,1220,33,110392216,0,0,0,26460,95418583536,298491544710
2022-11-10,ZHZ3SPG0,0,11479112,6,0,526462562,26640,6,0,0,33,278,1221,33,11479112,0,0,0,26491,95479074552,298820421918
2022-11-11,ZHZ3SPG0,0,160549000,6,0,531812440,26671,6,0,0,33,279,1223,33,160549000,0,0,0,26521,95529822608,299162884406
2022-11-12,ZHZ3SPG0,0,107933088,6,0,533315520,26687,6,0,0,33,279,1223,33,107933088,0,0,0,26537,95555753104,299328478806
2022-11-13,ZHZ3SPG0,0,120718272,6,0,539637277,26718,6,0,0,34,279,1225,34,120718272,0,0,0,26568,95614711160,299526446686
2022-11-14,ZHZ3SPG0,0,74532128,6,0,541406044,26733,6,0,0,33,279,1225,33,74532128,0,0,0,26583,95646591720,299692520614
2022-11-15,ZHZ3SPG0,0,211229456,6,0,544792479,26765,6,0,0,33,280,1227,33,211229456,0,0,0,26614,95700113208,300019837294
2022-11-16,ZHZ3SPG0,0,200417640,6,0,546700546,26780,6,0,0,33,280,1227,33,200417640,0,0,0,26630,95734056184,300219223662
2022-11-17,ZHZ3SPG0,0,220621896,6,0,554158830,26811,6,0,0,34,280,1228,34,220621896,0,0,0,26660,95789175512,300428449222
2022-11-18,ZHZ3SPG0,0,100353504,6,0,558043293,26827,6,0,0,34,281,1229,34,100353504,0,0,0,26676,95819345224,300522152062
2022-11-19,ZHZ3SPG0,0,152209448,6,0,565796219,26858,6,0,0,32,281,1230,32,152209448,0,0,0,26707,95891520944,300745972918
2022-11-20,ZHZ3SPG0,0,111766160,6,0,567639686,26873,6,0,0,32,281,1231,32,111766160,0,0,0,26722,95917568328,300923623014
2022-11-21,ZHZ3SPG0,0,217597344,6,0,570492550,26904,6,0,0,33,282,1232,33,217597344,0,0,0,26753,95961644464,301229518838
2022-11-22,ZHZ3SPG0,0,154477352,6,0,574050371,26936,6,0,0,32,283,1234,32,154477352,0,0,0,26785,96015229152,301601095654
2022-11-23,ZHZ3SPG0,0,94163136,6,0,575689505,26951,6,0,0,33,283,1234,33,94163136,0,0,0,26800,96039676424,301760474814
2022-11-24,ZHZ3SPG0,0,21403256,6,0,579473904,26982,6,0,0,34,283,1236,34,21403256,0,0,0,26831,96084594920,302131077782
2022-11-25,ZHZ3SPG0,0,226705728,6,0,582165382,26998,6,0,0,33,283,1236,33,226705728,0,0,0,26847,96112761224,302308213950
2022-11-26,ZHZ3SPG0,0,107521216,6,0,588492309,27029,6,0,0,34,283,1237,34,107521216,0,0,0,26877,96151340976,302638731206
2022-11-27,ZHZ3SPG0,0,208071304,6,0,591685577,27045,6,0,0,33,283,1238,33,208071304,0,0,0,26893,96178324952,302712297318
2022-11-28,ZHZ3SPG0,0,54007080,6,0,596681881,27076,6,0,0,34,284,1239,34,54007080,0,0,0,26924,96219526720,303005316142
2022-11-29,ZHZ3SPG0,0,26113192,6,0,598612693,27091,6,0,0,33,284,1240,33,26113192,0,0,0,26939,96252818440,303188271486
2022-11-30,ZHZ3SPG0,0,195133448,6,0,602547653,27122,6,0,0,33,284,1241,33,195133448,0,0,0,26970,96303392824,303550858078
2022-12-01,ZHZ3SPG0,0,177434920,6,0,605045873,27138,6,0,0,33,285,1242,33,177434920,0,0,0,26986,96332829064,303747864094
2022-12-02,ZHZ3SPG0,0,152374296,6,0,611388904,27169,6,0,0,33,285,1243,33,152374296,0,0,0,27017,96386355272,304157558766
2022-12-03,ZHZ3SPG0,0,139772624,6,0,613264013,27185,6,0,0,32,285,1244,32,139772624,0,0,0,27032,96414036352,304361416726
2022-12-04,ZHZ3SPG0,0,180924320,6,0,619730880,27216,6,0,0,33,285,1245,33,180924320,0,0,0,27063,96469217048,304591528422
2022-12-05,ZHZ3SPG0,0,114210520,6,0,623459029,27247,6,0,0,33,285,1247,33,114210520,0,0,0,27094,96522823560,304959489566
2022-12-06,ZHZ3SPG0,0,140560936,6,0,628866328,27263,6,0,0,33,285,1247,33,140560936,0,0,0,27110,96552505312,305200298894
2022-12-07,ZHZ3SPG0,0,67015824,6,0,632311712,27294,6,0,0,34,286,1249,34,67015824,0,0,0,27140,96606315736,305561224774
2022-12-08,ZHZ3SPG0,0,77106032,6,0,635273096,27309,6,0,0,33,286,1249,33,77106032,0,0,0,27156,96630575784,305791195566
2022-12-09,ZHZ3SPG0,0,45597696,6,0,641416254,27340,6,0,0,34,286,1251,34,45597696,0,0,0,27187,96685636824,306192907678
2022-12-11,ZHZ3SPG0,0,93902040,6,0,650124415,27387,6,0,0,34,287,1252,34,93902040,0,0,0,27234,96781700184,306633430182
2022-12-11,ZHZ3SPG0,0,93902040,6,0,650124415,27387,6,0,0,34,287,1252,34,93902040,0,0,0,27234,96781700184,306633430182
2022-12-12,ZHZ3SPG0,0,46036952,6,0,651844873,27403,6,0,0,33,287,1253,33,46036952,0,0,0,27249,96808422160,306802983750
2022-12-13,ZHZ3SPG0,0,219567360,6,0,655003710,27434,6,0,0,33,287,1254,33,219567360,0,0,0,27280,96857070072,307172006966
2022-12-14,ZHZ3SPG0,0,218095632,6,0,656915370,27450,6,0,0,33,287,1255,33,218095632,0,0,0,27295,96890334544,307381411470
2022-12-15,ZHZ3SPG0,0,161743824,6,0,662280712,27481,6,0,0,33,287,1256,33,161743824,0,0,0,27327,96964313104,307739362502
2022-12-16,ZHZ3SPG0,0,156980152,6,0,665707890,27497,6,0,0,32,287,1257,32,156980152,0,0,0,27342,96995101176,307947951390
2022-12-17,ZHZ3SPG0,0,80793328,6,0,668996926,27528,6,0,0,33,287,1258,33,80793328,0,0,0,27374,97068837968,308286312430
2022-12-18,ZHZ3SPG0,0,194026720,6,0,673161873,27544,6,0,0,32,288,1259,32,194026720,0,0,0,27389,97114930056,308353453734
2022-12-19,ZHZ3SPG0,0,59089864,6,0,676663018,27576,6,0,0,33,288,1260,33,59089864,0,0,0,27421,97190470072,308631258926
2022-12-20,ZHZ3SPG0,0,26849016,6,0,678284894,27591,6,0,0,32,288,1261,32,26849016,0,0,0,27437,97230966016,308802663062
2022-12-21,ZHZ3SPG0,0,186900792,6,0,681497103,27623,6,0,0,33,288,1262,33,186900792,0,0,0,27468,97296852272,309140969326
2022-12-22,ZHZ3SPG0,0,207139552,6,0,687770611,27654,6,0,0,33,288,1264,33,207139552,0,0,0,27499,97344843144,309601499294
2022-12-23,ZHZ3SPG0,0,199097656,6,0,690341569,27670,6,0,0,33,288,1264,33,199097656,0,0,0,27515,97368614992,309813826278
2022-12-24,ZHZ3SPG0,0,124580904,6,0,693583594,27702,6,0,0,34,289,1266,34,124580904,0,0,0,27546,97433819816,310162432670
2022-12-25,ZHZ3SPG0,0,223631024,6,0,697195494,27717,6,0,0,33,289,1266,33,223631024,0,0,0,27562,97459502432,310235800174
2022-12-26,ZHZ3SPG0,0,210241224,6,0,701414990,27749,6,0,0,33,290,1268,33,210241224,0,0,0,27593,97506081336,310664113654
2022-12-27,ZHZ3SPG0,0,215517984,6,0,702972422,27765,6,0,0,33,290,1268,33,215517984,0,0,0,27609,97538290448,310881322334
2022-12-28,ZHZ3SPG0,0,2418104,6,0,705494074,27796,6,0,0,33,291,1269,33,2418104,0,0,0,27640,97584913744,311109885214
2022-12-29,ZHZ3SPG0,0,156159480,6,0,708119757,27812,6,0,0,33,292,1270,33,156159480,0,0,0,27656,97611154552,311237385782
2022-12-30,ZHZ3SPG0,0,182236128,6,0,713682722,27843,6,0,0,33,293,1271,33,182236128,0,0,0,27687,97658964640,311703933758
2022-12-31,ZHZ3SPG0,0,181124648,6,0,715289777,27859,6,0,0,33,294,1272,33,181124648,0,0,0,27703,97691377736,311914550022
