2022-01-01,ZHZ3QD63,0,23510648,3,0,345345211,19173,3,0,0,31,183,1359,31,23510648,0,0,0,18932,78729880840,259673858620
2022-01-02,ZHZ3QD63,0,31233304,3,0,351698096,19204,3,0,0,30,183,1360,30,31233304,0,0,0,18964,78832089768,260067653660
2022-01-03,ZHZ3QD63,0,241150584,3,0,353337069,19220,3,0,0,30,183,1361,30,241150584,0,0,0,18979,78868386592,260241274116
2022-01-04,ZHZ3QD63,0,65060712,3,0,359090434,19251,3,0,0,31,183,1362,31,65060712,0,0,0,19010,78964351600,260457500772
2022-01-05,ZHZ3QD63,0,179056960,3,0,360678635,19267,3,0,0,30,184,1363,30,179056960,0,0,0,19026,79000522296,260535326324
2022-01-06,ZHZ3QD63,0,92430880,3,0,364268826,19298,3,0,0,31,184,1364,31,92430880,0,0,0,19057,79074516936,260862987164
2022-01-07,ZHZ3QD63,0,87089384,3,0,366263393,19314,3,0,0,30,184,1365,30,87089384,0,0,0,19072,79112460760,261063842556
2022-01-08,ZHZ3QD63,0,163301016,3,0,370404175,19345,3,0,0,30,184,1366,30,163301016,0,0,0,19103,79193846616,261546949820
2022-01-09,ZHZ3QD63,0,119538408,3,0,374083152,19361,3,0,0,29,184,1367,29,119538408,0,0,0,19119,79233460968,261707713796
2022-01-10,ZHZ3QD63,0,105028848,3,0,376791049,19392,3,0,0,29,184,1368,29,105028848,0,0,0,19150,79284639368,261886166868
2022-01-11,ZHZ3QD63,0,236692168,3,0,378950620,19408,3,0,0,30,184,1369,30,236692168,0,0,0,19166,79314532552,261987937004
2022-01-12,ZHZ3QD63,0,74200000,3,0,383860311,19439,3,0,0,29,184,1370,29,74200000,0,0,0,19197,79365104488,262263154268
2022-01-13,ZHZ3QD63,0,363952,3,0,385584757,19455,3,0,0,29,184,1371,29,363952,0,0,0,19213,79395229472,262403333924
2022-01-14,ZHZ3QD63,0,53116408,3,0,388608653,19486,3,0,0,29,184,1372,29,53116408,0,0,0,19244,79451515000,262643941692
2022-01-15,ZHZ3QD63,0,236114842,3,0,390381471,19502,3,0,0,29,184,1373,29,236114842,0,0,0,19260,79477934592,262800520534
2022-01-16,ZHZ3QD63,0,199684888,3,0,396715460,19533,3,0,0,29,185,1374,29,199684888,0,0,0,19291,79541608472,263188698686
2022-01-17,ZHZ3QD63,0,128694768,3,0,398514660,19549,3,0,0,30,185,1375,30,128694768,0,0,0,19306,79571927272,263331530406
2022-01-18,ZHZ3QD63,0,3820704,3,0,404043901,19580,3,0,0,30,186,1376,30,3820704,0,0,0,19338,79629586672,263637278566
2022-01-19,ZHZ3QD63,0,175715480,3,0,406138310,19596,3,0,0,29,186,1377,29,175715480,0,0,0,19353,79660254768,263778505246
2022-01-20,ZHZ3QD63,0,138660992,3,0,409595008,19627,3,0,0,29,186,1378,29,138660992,0,0,0,19384,79713424248,264176563086
2022-01-21,ZHZ3QD63,0,95102656,3,0,412946837,19659,3,0,0,30,186,1379,30,95102656,0,0,0,19415,79777244536,264557466486
2022-01-22,ZHZ3QD63,0,115903512,3,0,414837679,19674,3,0,0,29,186,1380,29,115903512,0,0,0,19431,79810196648,264789455982
2022-01-23,ZHZ3QD63,0,14639576,3,0,421218455,19706,3,0,0,30,186,1381,30,14639576,0,0,0,19462,79864202256,265366608934
2022-01-24,ZHZ3QD63,0,18561712,3,0,423054680,19721,3,0,0,29,186,1382,29,18561712,0,0,0,19478,79894581224,265584293142
2022-01-25,ZHZ3QD63,0,177293296,3,0,428692244,19753,3,0,0,30,187,1383,30,177293296,0,0,0,19509,79946283200,265935463382
2022-01-26,ZHZ3QD63,0,231712672,3,0,431748655,19768,3,0,0,30,187,1384,30,231712672,0,0,0,19524,79979624520,266200682550
2022-01-27,ZHZ3QD63,0,124286000,3,0,437087512,19799,3,0,0,29,188,1385,29,124286000,0,0,0,19555,80042544160,266518617814
2022-01-28,ZHZ3QD63,0,78828744,3,0,438815895,19815,3,0,0,29,188,1386,29,78828744,0,0,0,19571,80075658128,266684187406
2022-01-29,ZHZ3QD63,0,108435464,3,0,441912585,19846,3,0,0,29,188,1387,29,108435464,0,0,0,19602,80129089888,266904503366
2022-01-30,ZHZ3QD63,0,49879272,3,0,446135440,19862,3,0,0,29,188,1388,29,49879272,0,0,0,19617,80164614848,267054563046
2022-01-31,ZHZ3QD63,0,223586920,3,0,449296701,19893,3,0,0,30,188,1389,30,223586920,0,0,0,19649,80237312528,267399713758
2022-02-01,ZHZ3QD63,0,129222832,3,0,455245230,19925,3,0,0,30,188,1390,30,129222832,0,0,0,19680,80311349144,267719594478
2022-02-02,ZHZ3QD63,0,127869152,3,0,457254285,19940,3,0,0,29,188,1391,29,127869152,0,0,0,19695,80360042880,267913687910
2022-02-03,ZHZ3QD63,0,88573544,3,0,458941485,19956,3,0,0,29,188,1391,29,88573544,0,0,0,19711,80394083768,268084492494
2022-02-04,ZHZ3QD63,0,84281200,3,0,462528747,19987,3,0,0,30,188,1393,30,84281200,0,0,0,19742,80461235640,268501329790
2022-02-05,ZHZ3QD63,0,90135976,3,0,464707575,20003,3,0,0,30,188,1393,30,90135976,0,0,0,19758,80505576936,268706983974
2022-02-06,ZHZ3QD63,0,195717824,3,0,471502290,20034,3,0,0,30,188,1395,30,195717824,0,0,0,19789,80594626392,269211797798
2022-02-07,ZHZ3QD63,0,149729072,3,0,475118324,20066,3,0,0,30,188,1396,30,149729072,0,0,0,19820,80681187128,269567529590
2022-02-08,ZHZ3QD63,0,114741080,3,0,478234465,20081,3,0,0,29,188,1397,29,114741080,0,0,0,19836,80723872056,269733997302
2022-02-09,ZHZ3QD63,0,240848408,3,0,482754945,20113,3,0,0,29,188,1398,29,240848408,0,0,0,19867,80825669968,270002447350
2022-02-10,ZHZ3QD63,0,222710576,3,0,484613326,20129,3,0,0,30,188,1399,30,222710576,0,0,0,19883,80866315512,270187804646
2022-02-11,ZHZ3QD63,0,135952792,3,0,487725599,20160,3,0,0,29,188,1400,29,135952792,0,0,0,19914,80936934080,270518709902
2022-02-12,ZHZ3QD63,0,96900848,3,0,489471535,20176,3,0,0,30,188,1401,30,96900848,0,0,0,19930,80978281856,270682451254
2022-02-13,ZHZ3QD63,0,99551352,3,0,496110538,20207,3,0,0,30,188,1402,30,99551352,0,0,0,19961,81056934360,271094733542
2022-02-14,ZHZ3QD63,0,102564072,3,0,498024587,20223,3,0,0,30,188,1403,30,102564072,0,0,0,19976,81097688904,271301132518
2022-02-15,ZHZ3QD63,0,235351544,3,0,503283614,20254,3,0,0,30,188,1404,30,235351544,0,0,0,20007,81162837344,271612912366
2022-02-16,ZHZ3QD63,0,176028264,3,0,507495718,20285,3,0,0,30,188,1405,30,176028264,0,0,0,20038,81249826008,271954883206
2022-02-17,ZHZ3QD63,0,184083704,3,0,509296903,20300,3,0,0,29,188,1406,29,184083704,0,0,0,20054,81288859368,272168046294
2022-02-18,ZHZ3QD63,0,111939544,3,0,513243808,20332,3,0,0,30,188,1407,30,111939544,0,0,0,20085,81363079416,272509963502
2022-02-19,ZHZ3QD63,0,88639320,3,0,515480953,20347,3,0,0,30,188,1408,30,88639320,0,0,0,20101,81406765392,272687117934
2022-02-20,ZHZ3QD63,0,60456144,3,0,522428193,20379,3,0,0,30,188,1409,30,60456144,0,0,0,20132,81479376624,273074604958
2022-02-21,ZHZ3QD63,0,232138720,3,0,524505166,20394,3,0,0,30,188,1410,30,232138720,0,0,0,20147,81520799784,273204864374
2022-02-22,ZHZ3QD63,0,26049728,3,0,530747634,20425,3,0,0,30,188,1411,30,26049728,0,0,0,20179,81592305296,273415551910
2022-02-23,ZHZ3QD63,0,230695952,3,0,533068297,20441,3,0,0,30,188,1412,30,230695952,0,0,0,20194,81641129480,273571373950
2022-02-24,ZHZ3QD63,0,124021720,3,0,537157643,20472,3,0,0,29,189,1413,29,124021720,0,0,0,20225,81721777808,273872332902
2022-02-25,ZHZ3QD63,0,81146632,3,0,539312275,20488,3,0,0,30,189,1414,30,81146632,0,0,0,20241,81767017328,274028359022
2022-02-26,ZHZ3QD63,0,74591944,3,0,543863852,20519,3,0,0,31,189,1415,31,74591944,0,0,0,20272,81846872296,274430230934
2022-02-27,ZHZ3QD63,0,63002816,3,0,548772335,20535,3,0,0,31,189,1416,31,63002816,0,0,0,20287,81887205440,274622450142
2022-02-28,ZHZ3QD63,0,16045416,3,0,555744386,20566,3,0,0,31,189,1417,31,16045416,0,0,0,20319,81949309976,275001669702
2022-03-01,ZHZ3QD63,0,175463816,3,0,558065703,20582,3,0,0,31,189,1418,31,175463816,0,0,0,20334,81975928872,275134469206
2022-03-02,ZHZ3QD63,0,211196488,3,0,563620420,20613,3,0,0,29,189,1419,29,211196488,0,0,0,20365,82032430800,275357841550
2022-03-03,ZHZ3QD63,0,179148520,3,0,565269494,20629,3,0,0,30,190,1420,30,179148520,0,0,0,20381,82070902224,275531464054
2022-03-04,ZHZ3QD63,0,51023248,3,0,568316683,20660,3,0,0,30,191,1421,30,51023248,0,0,0,20412,82119807480,275842715598
2022-03-05,ZHZ3QD63,0,238934328,3,0,570075498,20676,3,0,0,30,191,1422,30,238934328,0,0,0,20428,82149808960,276000625198
2022-03-06,ZHZ3QD63,0,131101000,3,0,576008736,20707,3,0,0,29,191,1423,29,131101000,0,0,0,20459,82191852984,276339029246
2022-03-07,ZHZ3QD63,0,14318936,3,0,579073313,20738,3,0,0,30,191,1424,30,14318936,0,0,0,20490,82234902520,276667479182
2022-03-08,ZHZ3QD63,0,178080096,3,0,582235528,20754,3,0,0,30,191,1425,30,178080096,0,0,0,20506,82257384456,276808758406
2022-03-09,ZHZ3QD63,0,56946112,3,0,586703044,20786,3,0,0,30,191,1426,30,56946112,0,0,0,20537,82299036728,277134253542
2022-03-10,ZHZ3QD63,0,220067200,3,0,588424604,20801,3,0,0,30,191,1427,30,220067200,0,0,0,20553,82319317024,277277094334
2022-03-11,ZHZ3QD63,0,126513088,3,0,592037646,20833,3,0,0,31,191,1428,31,126513088,0,0,0,20584,82366434360,277624704606
2022-03-12,ZHZ3QD63,0,55861952,3,0,593723412,20848,3,0,0,30,191,1429,30,55861952,0,0,0,20599,82387790008,277776838486
2022-03-13,ZHZ3QD63,0,241521376,3,0,599742156,20880,3,0,0,29,191,1430,29,241521376,0,0,0,20631,82439317248,278155111342
2022-03-14,ZHZ3QD63,0,185351016,3,0,601441075,20895,3,0,0,30,191,1431,30,185351016,0,0,0,20646,82460650688,278321748174
2022-03-15,ZHZ3QD63,0,24798904,3,0,607041879,20927,3,0,0,23,191,1432,23,24798904,0,0,0,20677,82499629496,278610498630
2022-03-16,ZHZ3QD63,0,212883448,3,0,608795665,20942,3,0,0,23,191,1433,23,212883448,0,0,0,20693,82533994856,278764217814
2022-03-17,ZHZ3QD63,0,82944680,3,0,611774243,20973,3,0,0,23,192,1434,23,82944680,0,0,0,20724,82579977408,279076578150
2022-03-18,ZHZ3QD63,0,39990616,3,0,613420871,20989,3,0,0,23,192,1435,23,39990616,0,0,0,20740,82610929664,279246812646
2022-03-19,ZHZ3QD63,0,187288552,3,0,616588341,21020,3,0,0,22,192,1436,22,187288552,0,0,0,20771,82656039344,279593141654
2022-03-20,ZHZ3QD63,0,205690864,3,0,621073399,21036,3,0,0,23,193,1437,23,205690864,0,0,0,20787,82681334336,279830389606
2022-03-21,ZHZ3QD63,0,113903568,3,0,624734384,21067,3,0,0,23,194,1438,23,113903568,0,0,0,20818,82735386976,280172831302
2022-03-22,ZHZ3QD63,0,106518432,3,0,626727101,21083,3,0,0,23,194,1439,23,106518432,0,0,0,20833,82757486216,280387487582
2022-03-23,ZHZ3QD63,0,207473816,3,0,632108223,21114,3,0,0,23,194,1440,23,207473816,0,0,0,20864,82802761008,280687309214
2022-03-24,ZHZ3QD63,0,117621344,3,0,635419202,21145,3,0,0,23,194,1441,23,117621344,0,0,0,20895,82846601408,281041897742
2022-03-25,ZHZ3QD63,0,93660144,3,0,637294751,21161,3,0,0,23,194,1442,23,93660144,0,0,0,20911,82874843136,281233835574
2022-03-26,ZHZ3QD63,0,4713624,3,0,641145341,21192,3,0,0,23,195,1443,23,4713624,0,0,0,20942,82918238496,281589774998
2022-03-27,ZHZ3QD63,0,221208888,3,0,645246589,21208,3,0,0,23,195,1444,23,221208888,0,0,0,20958,82953585032,281770923726
2022-03-28,ZHZ3QD63,0,112988264,3,0,648696530,21240,3,0,0,22,195,1445,22,112988264,0,0,0,20989,83004035088,282100534382
2022-03-29,ZHZ3QD63,0,46937656,3,0,651421635,21255,3,0,0,23,195,1446,23,46937656,0,0,0,21004,83035294600,282247365198
2022-03-30,ZHZ3QD63,0,135595744,3,0,655800334,21286,3,0,0,23,195,1447,23,135595744,0,0,0,21035,83075963200,282539495438
2022-03-31,ZHZ3QD63,0,77892408,3,0,657640019,21302,3,0,0,23,195,1448,23,77892408,0,0,0,21051,83115333184,282686562854
2022-04-01,ZHZ3QD63,0,221464976,3,0,664497491,21333,3,0,0,24,195,1449,24,221464976,0,0,0,21082,83165500360,283024109022
2022-04-02,ZHZ3QD63,0,153315784,3,0,666168404,21349,3,0,0,24,195,1450,24,153315784,0,0,0,21098,83197155072,283168445774
2022-04-03,ZHZ3QD63,0,234475240,3,0,672386003,21380,3,0,0,24,196,1451,24,234475240,0,0,0,21129,83264239320,283670802334
2022-04-04,ZHZ3QD63,0,17063456,3,0,674073357,21396,3,0,0,24,196,1452,24,17063456,0,0,0,21144,83289665720,283916249566
2022-04-05,ZHZ3QD63,0,38043808,3,0,678973249,21427,3,0,0,23,196,1453,23,38043808,0,0,0,21176,83344720456,284370456630
2022-04-06,ZHZ3QD63,0,25802928,3,0,681729095,21443,3,0,0,24,196,1454,24,25802928,0,0,0,21191,83370271992,284576804886
2022-04-07,ZHZ3QD63,0,33658928,3,0,685230762,21474,3,0,0,24,196,1455,24,33658928,0,0,0,21223,83428848840,285014365742
2022-04-08,ZHZ3QD63,0,55909880,3,0,688714114,21506,3,0,0,24,196,1456,24,55909880,0,0,0,21254,83493240360,285460506894
2022-04-09,ZHZ3QD63,0,65403072,3,0,690393371,21522,3,0,0,23,196,1457,23,65403072,0,0,0,21270,83521514880,285685866454
2022-04-10,ZHZ3QD63,0,127161208,3,0,696665820,21553,3,0,0,23,196,1458,23,127161208,0,0,0,21301,83580826408,286176596670
2022-04-11,ZHZ3QD63,0,51652920,3,0,698530747,21569,3,0,0,22,196,1459,22,51652920,0,0,0,21317,83614986456,286311068982
2022-04-12,ZHZ3QD63,0,149242544,3,0,705453152,21600,3,0,0,23,196,1460,23,149242544,0,0,0,21348,83678957344,286588828350
2022-04-13,ZHZ3QD63,0,75303848,3,0,707112765,21616,3,0,0,22,196,1461,22,75303848,0,0,0,21364,83721326856,286716661374
2022-04-14,ZHZ3QD63,0,53963696,3,0,711685855,21647,3,0,0,23,196,1462,23,53963696,0,0,0,21395,83801469720,287103459662
2022-04-15,ZHZ3QD63,0,232870248,3,0,713496721,21663,3,0,0,23,197,1463,23,232870248,0,0,0,21411,83836968512,287246867422
2022-04-16,ZHZ3QD63,0,117051576,3,0,716916537,21694,3,0,0,24,197,1464,24,117051576,0,0,0,21442,83913849160,287542449478
2022-04-17,ZHZ3QD63,0,70583472,3,0,721467426,21710,3,0,0,24,197,1465,24,70583472,0,0,0,21458,83957633912,287696337254
2022-04-18,ZHZ3QD63,0,23038336,3,0,724935177,21741,3,0,0,23,197,1466,23,23038336,0,0,0,21489,84019122272,288075585342
2022-04-19,ZHZ3QD63,0,3948808,3,0,727224865,21757,3,0,0,23,197,1467,23,3948808,0,0,0,21504,84049665024,288270093742
2022-04-20,ZHZ3QD63,0,137255824,3,0,732588708,21788,3,0,0,23,198,1468,23,137255824,0,0,0,21535,84119428880,288577777758
2022-04-21,ZHZ3QD63,0,82020840,3,0,736282042,21819,3,0,0,24,198,1469,24,82020840,0,0,0,21567,84186569624,288943683606
2022-04-22,ZHZ3QD63,0,87948360,3,0,738766538,21835,3,0,0,24,198,1470,24,87948360,0,0,0,21582,84236513552,289143808262
2022-04-23,ZHZ3QD63,0,31141968,3,0,742700212,21866,3,0,0,24,198,1471,24,31141968,0,0,0,21613,84298665552,289513131278
2022-04-24,ZHZ3QD63,0,7714040,3,0,746538358,21882,3,0,0,24,198,1472,24,7714040,0,0,0,21629,84335933856,289696575678
2022-04-25,ZHZ3QD63,0,5310568,3,0,750045333,21913,3,0,0,25,198,1474,25,5310568,0,0,0,21660,84405689728,290112697606
2022-04-26,ZHZ3QD63,0,233774328,3,0,753332430,21929,3,0,0,24,198,1474,24,233774328,0,0,0,21676,84458003488,290288847606
2022-04-27,ZHZ3QD63,0,184429504,3,0,758691442,21960,3,0,0,23,198,1475,23,184429504,0,0,0,21707,84531550152,290654237542
2022-04-28,ZHZ3QD63,0,168682480,3,0,760896193,21976,3,0,0,24,198,1476,24,168682480,0,0,0,21723,84572160448,290842020854
2022-04-29,ZHZ3QD63,0,107753296,3,0,764745269,22007,3,0,0,24,198,1477,24,107753296,0,0,0,21754,84637660128,291203873278
2022-04-30,ZHZ3QD63,0,66403288,3,0,766839780,22023,3,0,0,24,198,1478,24,66403288,0,0,0,21770,84680389480,291363934734
2022-05-01,ZHZ3QD63,0,113709616,3,0,773670225,22055,3,0,0,24,198,1479,24,113709616,0,0,0,21801,84754379008,291825539894
2022-05-02,ZHZ3QD63,0,103496432,3,0,775556314,22070,3,0,0,24,198,1480,24,103496432,0,0,0,21817,84807724408,292006122022
2022-05-03,ZHZ3QD63,0,75818152,3,0,781340480,22102,3,0,0,24,199,1481,24,75818152,0,0,0,21848,84880471248,292393978270
2022-05-04,ZHZ3QD63,0,70600016,3,0,783740072,22117,3,0,0,23,199,1482,23,70600016,0,0,0,21863,84922745752,292590626262
2022-05-05,ZHZ3QD63,0,42622616,3,0,788516645,22149,3,0,0,24,199,1483,24,42622616,0,0,0,21895,84987985464,292985690830
2022-05-06,ZHZ3QD63,0,237611136,3,0,791458227,22165,3,0,0,22,199,1484,22,237611136,0,0,0,21911,85018080568,293150584246
2022-05-07,ZHZ3QD63,0,24087000,3,0,794149385,22196,3,0,0,24,200,1485,24,24087000,0,0,0,21942,85076230152,293367192414
2022-05-08,ZHZ3QD63,0,157006514,3,0,797410741,22228,3,0,0,30,200,1487,30,157006514,0,0,0,21973,85134749560,293685733624
2022-05-09,ZHZ3QD63,0,128594376,3,0,799247534,22243,3,0,0,30,200,1487,30,128594376,0,0,0,21989,85181670432,293854541408
2022-05-10,ZHZ3QD63,0,230828064,3,0,803845380,22275,3,0,0,31,200,1489,31,230828064,0,0,0,22020,85262928392,294119658112
2022-05-11,ZHZ3QD63,0,128343744,3,0,808598851,22291,3,0,0,30,200,1489,30,128343744,0,0,0,22036,85303742824,294220500032
2022-05-12,ZHZ3QD63,0,20052560,3,0,814618053,22322,3,0,0,30,200,1491,30,20052560,0,0,0,22067,85344390152,294559843200
2022-05-13,ZHZ3QD63,0,209180064,3,0,816452508,22338,3,0,0,30,200,1491,30,209180064,0,0,0,22083,85397937744,294695423112
2022-05-14,ZHZ3QD63,0,89588112,3,0,820421532,22369,3,0,0,31,201,1493,31,89588112,0,0,0,22114,85467045968,294995005408
2022-05-15,ZHZ3QD63,0,77918288,3,0,824422941,22385,3,0,0,29,201,1493,29,77918288,0,0,0,22130,85506367544,295188157496
2022-05-16,ZHZ3QD63,0,91285792,3,0,827443435,22416,3,0,0,31,202,1495,31,91285792,0,0,0,22161,85568748232,295383285144
2022-05-17,ZHZ3QD63,0,163356224,3,0,833620830,22448,3,0,0,30,203,1496,30,163356224,0,0,0,22192,85649788736,295618456104
2022-05-18,ZHZ3QD63,0,63339416,3,0,835202171,22463,3,0,0,32,203,1497,32,63339416,0,0,0,22207,85680449664,295731919208
2022-05-19,ZHZ3QD63,0,45403912,3,0,837343489,22479,3,0,0,30,203,1497,30,45403912,0,0,0,22223,85725925088,295912649016
2022-05-20,ZHZ3QD63,0,8333264,3,0,841333172,22510,3,0,0,30,203,1499,30,8333264,0,0,0,22254,85806660304,296283125096
2022-05-21,ZHZ3QD63,0,194079136,3,0,843320930,22526,3,0,0,30,203,1499,30,194079136,0,0,0,22270,85851691632,296423839640
2022-05-22,ZHZ3QD63,0,193705488,3,0,849278892,22558,3,0,0,29,204,1500,29,193705488,0,0,0,22301,85936130840,296583167416
2022-05-23,ZHZ3QD63,0,79056432,3,0,850773845,22573,3,0,0,29,205,1501,29,79056432,0,0,0,22317,85968695824,296680094216
2022-05-24,ZHZ3QD63,0,160091560,3,0,855667896,22605,3,0,0,30,205,1502,30,160091560,0,0,0,22348,86011600936,296962365240
2022-05-25,ZHZ3QD63,0,121997464,3,0,859026032,22620,3,0,0,30,206,1503,30,121997464,0,0,0,22364,86058811272,297121201440
2022-05-26,ZHZ3QD63,0,19207184,3,0,863387431,22652,3,0,0,30,206,1504,30,19207184,0,0,0,22395,86146290560,297419213488
2022-05-27,ZHZ3QD63,0,148845032,3,0,865084425,22668,3,0,0,29,206,1505,29,148845032,0,0,0,22411,86187239832,297507902064
2022-05-28,ZHZ3QD63,0,8468704,3,0,868652008,22699,3,0,0,29,206,1506,29,8468704,0,0,0,22442,86268831600,297774215304
2022-05-29,ZHZ3QD63,0,36410680,3,0,872932535,22715,3,0,0,30,206,1507,30,36410680,0,0,0,22458,86305070664,298010058928
2022-05-30,ZHZ3QD63,0,4549000,3,0,877658930,22746,3,0,0,29,206,1508,29,4549000,0,0,0,22489,86378096624,298393452792
2022-05-31,ZHZ3QD63,0,56130496,3,0,884113714,22778,3,0,0,30,206,1510,30,56130496,0,0,0,22520,86456951744,298610319856
2022-06-01,ZHZ3QD63,0,184964968,3,0,885958743,22794,3,0,0,29,206,1510,29,184964968,0,0,0,22536,86493878424,298702227648
2022-06-02,ZHZ3QD63,0,203862736,3,0,889253381,22825,3,0,0,31,206,1512,31,203862736,0,0,0,22567,86574359216,298884785272
2022-06-03,ZHZ3QD63,0,147719320,3,0,893422493,22857,3,0,0,30,206,1513,30,147719320,0,0,0,22599,86664121424,299227161224
2022-06-04,ZHZ3QD63,0,112807224,3,0,895324819,22872,3,0,0,30,206,1514,30,112807224,0,0,0,22614,86689355576,299411155656
2022-06-05,ZHZ3QD63,0,68698400,3,0,902571660,22904,3,0,0,30,207,1515,30,68698400,0,0,0,22646,86766493336,299778190680
2022-06-07,ZHZ3QD63,0,116077768,3,0,910825182,22951,3,0,0,29,207,1517,29,116077768,0,0,0,22693,86877658072,300202686752
2022-06-08,ZHZ3QD63,0,22941552,3,0,912368925,22967,3,0,0,30,207,1518,30,22941552,0,0,0,22708,86910279464,300321070272
2022-06-09,ZHZ3QD63,0,216531336,3,0,916314627,22998,3,0,0,29,208,1519,29,216531336,0,0,0,22740,86984352776,300684727376
2022-06-10,ZHZ3QD63,0,110448616,3,0,917693612,23014,3,0,0,29,209,1520,29,110448616,0,0,0,22755,87012052072,300795086064
2022-06-11,ZHZ3QD63,0,56914936,3,0,922671846,23045,3,0,0,31,210,1521,31,56914936,0,0,0,22787,87083745728,301158140344
2022-06-12,ZHZ3QD63,0,42500920,3,0,925938483,23061,3,0,0,30,211,1522,30,42500920,0,0,0,22802,87110499888,301361112816
2022-06-13,ZHZ3QD63,0,210385848,3,0,929507782,23093,3,0,0,30,212,1523,30,210385848,0,0,0,22834,87171166864,301712471400
2022-06-14,ZHZ3QD63,0,130681104,3,0,933074647,23108,3,0,0,30,212,1524,30,130681104,0,0,0,22849,87202532512,301845541800
2022-06-15,ZHZ3QD63,0,87288816,3,0,937699831,23140,3,0,0,30,212,1525,30,87288816,0,0,0,22880,87269632120,302223331528
2022-06-16,ZHZ3QD63,0,57954480,3,0,939453184,23155,3,0,0,30,212,1525,30,57954480,0,0,0,22896,87298390392,302409379840
2022-06-17,ZHZ3QD63,0,229728992,3,0,943410624,23187,3,0,0,31,213,1527,31,229728992,0,0,0,22927,87368355704,302755329816
2022-06-18,ZHZ3QD63,0,176391736,3,0,945246404,23202,3,0,0,30,213,1527,30,176391736,0,0,0,22943,87400607656,302913881464
2022-06-19,ZHZ3QD63,0,72678640,3,0,951608599,23234,3,0,0,30,214,1529,30,72678640,0,0,0,22974,87460652904,303238414104
2022-06-20,ZHZ3QD63,0,73043360,3,0,953534803,23250,3,0,0,30,214,1529,30,73043360,0,0,0,22990,87497808800,303445763560
2022-06-21,ZHZ3QD63,0,193644512,3,0,959444268,23281,3,0,0,30,215,1531,30,193644512,0,0,0,23021,87553699504,303754614640
2022-06-22,ZHZ3QD63,0,168843912,3,0,965500277,23297,3,0,0,30,215,1531,30,168843912,0,0,0,23037,87590122616,303937531560
2022-06-23,ZHZ3QD63,0,70189864,3,0,969295966,23328,3,0,0,31,216,1533,31,70189864,0,0,0,23068,87660453184,304256828328
2022-06-24,ZHZ3QD63,0,8027384,3,0,973579196,23359,3,0,0,30,216,1534,30,8027384,0,0,0,23099,87728896280,304858645016
2022-06-25,ZHZ3QD63,0,11156688,3,0,975536554,23375,3,0,0,31,217,1535,31,11156688,0,0,0,23115,87760229128,305074582104
2022-06-26,ZHZ3QD63,0,209951008,3,0,982041462,23407,3,0,0,30,218,1536,30,209951008,0,0,0,23146,87831014952,305446731624
2022-06-27,ZHZ3QD63,0,140040248,3,0,983683519,23422,3,0,0,30,218,1537,30,140040248,0,0,0,23162,87876499368,305575477368
2022-06-28,ZHZ3QD63,0,183932000,3,0,990432427,23454,3,0,0,30,218,1538,30,183932000,0,0,0,23193,87951672480,305788337104
2022-06-29,ZHZ3QD63,0,60217504,3,0,992040001,23469,3,0,0,30,219,1539,30,60217504,0,0,0,23208,87989292832,305871142888
2022-06-30,ZHZ3QD63,0,160154624,3,0,995891534,23501,3,0,0,30,219,1540,30,160154624,0,0,0,23240,88054944224,306149569392
2022-07-01,ZHZ3QD63,0,73567448,3,0,997670350,23516,3,0,0,29,219,1541,29,73567448,0,0,0,23255,88087273176,306274793976
2022-07-02,ZHZ3QD63,0,235570760,3,0,2172927,23548,3,0,0,32,219,1542,32,235570760,0,0,0,23286,88161668800,306606542800
2022-07-03,ZHZ3QD63,0,57783320,3,0,6579424,23563,3,0,0,30,219,1543,30,57783320,0,0,0,23302,88195937200,306882768424
2022-07-04,ZHZ3QD63,0,150849480,3,0,10799449,23595,3,0,0,31,220,1544,31,150849480,0,0,0,23333,88263114000,307396939152
2022-07-05,ZHZ3QD63,0,57178384,3,0,13127331,23611,3,0,0,30,220,1544,30,57178384,0,0,0,23349,88298855264,307511667424
2022-07-06,ZHZ3QD63,0,123916896,3,0,19253079,23642,3,0,0,32,221,1546,32,123916896,0,0,0,23380,88383574184,307737827744
2022-07-07,ZHZ3QD63,0,107394152,3,0,21296442,23658,3,0,0,30,221,1546,30,107394152,0,0,0,23396,88425726248,307923293848
2022-07-08,ZHZ3QD63,0,212376656,3,0,25326597,23689,3,0,0,32,221,1548,32,212376656,0,0,0,23427,88490772600,308207370632
2022-07-09,ZHZ3QD63,0,190418608,3,0,30672496,23721,3,0,0,31,222,1549,31,190418608,0,0,0,23458,88577780688,308586685920
2022-07-10,ZHZ3QD63,0,173636512,3,0,34773588,23736,3,0,0,31,222,1550,31,173636512,0,0,0,23474,88614580968,308777244176
2022-07-11,ZHZ3QD63,0,85438968,3,0,39000623,23768,3,0,0,31,222,1551,31,85438968,0,0,0,23505,88682236320,309109672856
2022-07-12,ZHZ3QD63,0,231286376,3,0,43066822,23783,3,0,0,33,222,1552,33,231286376,0,0,0,23521,88719195136,309218561448
2022-07-13,ZHZ3QD63,0,139514904,3,0,47469614,23799,3,0,0,30,222,1552,30,139514904,0,0,0,23536,88761908600,309328217344
2022-07-14,ZHZ3QD63,0,9097328,3,0,51083265,23830,3,0,0,31,223,1554,31,9097328,0,0,0,23568,88825798088,309622191976
2022-07-15,ZHZ3QD63,0,242893664,3,0,53365517,23846,3,0,0,30,223,1554,30,242893664,0,0,0,23583,88864316968,309817469432
2022-07-16,ZHZ3QD63,0,208418040,3,0,57313786,23877,3,0,0,30,224,1556,30,208418040,0,0,0,23615,88920434864,310215157632
2022-07-17,ZHZ3QD63,0,176685616,3,0,61761881,23893,3,0,0,29,224,1556,29,176685616,0,0,0,23630,88962186976,310385813728
2022-07-18,ZHZ3QD63,0,139740736,3,0,65609070,23925,3,0,0,30,225,1558,30,139740736,0,0,0,23661,89019681744,310535514712
2022-07-19,ZHZ3QD63,0,98124168,3,0,67909494,23940,3,0,0,30,225,1558,30,98124168,0,0,0,23677,89053424904,310704295840
2022-07-20,ZHZ3QD63,0,207007536,3,0,74191976,23972,3,0,0,29,225,1560,29,207007536,0,0,0,23708,89115399656,310995345192
2022-07-21,ZHZ3QD63,0,158804600,3,0,76259756,23987,3,0,0,29,225,1560,29,158804600,0,0,0,23724,89151106512,311155576040
2022-07-22,ZHZ3QD63,0,52060072,3,0,80104378,24019,3,0,0,29,225,1562,29,52060072,0,0,0,23756,89212307496,311475911968
2022-07-23,ZHZ3QD63,0,239359336,3,0,81984619,24035,3,0,0,29,225,1562,29,239359336,0,0,0,23771,89243669848,311631848880
2022-07-24,ZHZ3QD63,0,36528200,3,0,89015408,24066,3,0,0,29,225,1564,29,36528200,0,0,0,23803,89302473544,312102636192
2022-07-25,ZHZ3QD63,0,4157400,3,0,90972153,24082,3,0,0,29,225,1564,29,4157400,0,0,0,23818,89334816736,312282063128
2022-07-26,ZHZ3QD63,0,40612592,3,0,95505582,24113,3,0,0,29,225,1566,29,40612592,0,0,0,23850,89393453944,312504021744
2022-07-27,ZHZ3QD63,0,40990328,3,0,100458965,24145,3,0,0,30,226,1567,30,40990328,0,0,0,23881,89431569456,312710425104
2022-07-28,ZHZ3QD63,0,193003264,3,0,112909572,24176,3,0,0,30,226,1568,30,193003264,0,0,0,23912,89478100240,317454583440
2022-07-29,ZHZ3QD63,0,206314360,3,0,122868516,24192,3,0,0,31,226,1569,31,206314360,0,0,0,23928,89496227992,321111878824
2022-07-30,ZHZ3QD63,0,165163072,3,0,144273548,24224,3,0,0,31,227,1570,31,165163072,0,0,0,23960,89535520400,327623235328
2022-07-31,ZHZ3QD63,0,178083168,3,0,155633843,24240,3,0,0,31,227,1571,31,178083168,0,0,0,23975,89546732456,330554633216
2022-08-01,ZHZ3QD63,0,174120424,3,0,176334740,24271,3,0,0,30,227,1572,30,174120424,0,0,0,24006,89594128936,335386090680
2022-08-02,ZHZ3QD63,0,144029648,3,0,181690823,24287,3,0,0,30,228,1573,30,144029648,0,0,0,24022,89647128504,335547141408
2022-08-03,ZHZ3QD63,0,42959312,3,0,186132341,24303,3,0,0,29,228,1573,29,42959312,0,0,0,24038,89690230952,335647109520
2022-08-04,ZHZ3QD63,0,190092240,3,0,190122180,24334,3,0,0,30,228,1575,30,190092240,0,0,0,24069,89763264440,335965349816
2022-08-05,ZHZ3QD63,0,178764712,3,0,193946317,24350,3,0,0,30,228,1575,30,178764712,0,0,0,24085,89807227120,336154200408
2022-08-06,ZHZ3QD63,0,168290216,3,0,200231582,24381,3,0,0,29,228,1577,29,168290216,0,0,0,24116,89866903384,336572331288
2022-08-07,ZHZ3QD63,0,149034936,3,0,204695250,24397,3,0,0,29,228,1577,29,149034936,0,0,0,24132,89903841304,336760278760
2022-08-08,ZHZ3QD63,0,558072,3,0,208935404,24428,3,0,0,29,228,1579,29,558072,0,0,0,24163,89974103224,337029821456
2022-08-09,ZHZ3QD63,0,55012448,3,0,215454738,24459,3,0,0,30,229,1580,30,55012448,0,0,0,24194,90071319664,337231200384
2022-08-10,ZHZ3QD63,0,191786640,3,0,217606898,24475,3,0,0,29,229,1581,29,191786640,0,0,0,24210,90134695200,337304599040
2022-08-11,ZHZ3QD63,0,109276416,3,0,221616555,24507,3,0,0,30,229,1582,30,109276416,0,0,0,24241,90219441968,337625623400
2022-08-12,ZHZ3QD63,0,80434320,3,0,223715890,24523,3,0,0,29,229,1585,29,80434320,0,0,0,24257,90256938088,337803426018
2022-08-13,ZHZ3QD63,0,103522752,3,0,228547160,24554,3,0,0,25,229,1586,25,103522752,0,0,0,24288,90338783000,338232951026
2022-08-14,ZHZ3QD63,0,120879392,3,0,233424010,24570,3,0,0,24,229,1587,24,120879392,0,0,0,24304,90386067640,338447163658
2022-08-15,ZHZ3QD63,0,154865784,3,0,237955872,24601,3,0,0,25,229,1588,25,154865784,0,0,0,24336,90458952136,338896547178
2022-08-16,ZHZ3QD63,0,88625224,3,0,241270256,24617,3,0,0,23,229,1589,23,88625224,0,0,0,24351,90503848232,339029551154
2022-08-17,ZHZ3QD63,0,109524264,3,0,247173800,24648,3,0,0,25,230,1590,25,109524264,0,0,0,24382,90594393552,339204045818
2022-08-18,ZHZ3QD63,0,99262064,3,0,249619254,24664,3,0,0,24,230,1591,24,99262064,0,0,0,24398,90656246672,339376071322
2022-08-19,ZHZ3QD63,0,126949480,3,0,253315187,24695,3,0,0,25,231,1592,25,126949480,0,0,0,24429,90733025296,339571121098
2022-08-20,ZHZ3QD63,0,5150496,3,0,255453926,24711,3,0,0,24,232,1593,24,5150496,0,0,0,24445,90783156640,339643331482
2022-08-21,ZHZ3QD63,0,99355336,3,0,262907228,24743,3,0,0,25,232,1594,25,99355336,0,0,0,24476,90868339144,340140635170
2022-08-22,ZHZ3QD63,0,110221904,3,0,265085867,24758,3,0,0,23,232,1595,23,110221904,0,0,0,24492,90906050928,340357930818
2022-08-23,ZHZ3QD63,0,101640544,3,0,270792494,24790,3,0,0,24,232,1596,24,101640544,0,0,0,24523,90976947504,340766734354
2022-08-24,ZHZ3QD63,0,100518048,3,0,274353751,24806,3,0,0,24,232,1597,24,100518048,0,0,0,24539,91029619720,340957080562
2022-08-25,ZHZ3QD63,0,57507176,3,0,278725991,24837,3,0,0,24,232,1598,24,57507176,0,0,0,24570,91126890392,341305080282
2022-08-26,ZHZ3QD63,0,57776432,3,0,281651784,24853,3,0,0,24,232,1598,24,57776432,0,0,0,24586,91183923976,341492456818
2022-08-27,ZHZ3QD63,0,57602944,3,0,286249129,24884,3,0,0,24,232,1600,24,57602944,0,0,0,24617,91279981440,341884507266
2022-08-28,ZHZ3QD63,0,115039032,3,0,290325060,24900,3,0,0,24,232,1600,24,115039032,0,0,0,24633,91344768176,342121297258
2022-08-29,ZHZ3QD63,0,183421840,3,0,295885707,24931,3,0,0,23,233,1602,23,183421840,0,0,0,24664,91444848960,342333739914
2022-08-30,ZHZ3QD63,0,92778688,3,0,302230734,24963,3,0,0,25,233,1603,25,92778688,0,0,0,24695,91543019576,342633207410
2022-08-31,ZHZ3QD63,0,13695352,3,0,305447113,24979,3,0,0,23,233,1604,23,13695352,0,0,0,24711,91586467096,342754817226
2022-09-01,ZHZ3QD63,0,15142864,3,0,310156218,25010,3,0,0,25,233,1605,25,15142864,0,0,0,24742,91677786928,343153226194
2022-09-02,ZHZ3QD63,0,19202744,3,0,312863375,25026,3,0,0,24,233,1606,24,19202744,0,0,0,24758,91745623640,343333590170
2022-09-03,ZHZ3QD63,0,233000840,3,0,317780510,25057,3,0,0,26,233,1607,26,233000840,0,0,0,24789,91846367472,343690785154
2022-09-04,ZHZ3QD63,0,83637680,3,0,322428236,25073,3,0,0,24,233,1608,24,83637680,0,0,0,24805,91903677192,343972393634
2022-09-05,ZHZ3QD63,0,72406872,3,0,328020080,25105,3,0,0,25,233,1609,25,72406872,0,0,0,24836,92011584704,344341536746
2022-09-06,ZHZ3QD63,0,44372592,3,0,331159757,25121,3,0,0,23,233,1609,23,44372592,0,0,0,24852,92059496568,344509731234
2022-09-07,ZHZ3QD63,0,153181256,3,0,337931843,25152,3,0,0,25,233,1611,25,153181256,0,0,0,24884,92147479744,344774697362
2022-09-08,ZHZ3QD63,0,155605400,3,0,343486749,25184,3,0,0,25,233,1612,25,155605400,0,0,0,24915,92256334272,345156548354
2022-09-09,ZHZ3QD63,0,166331008,3,0,346030172,25200,3,0,0,25,233,1613,25,166331008,0,0,0,24931,92298039184,345369709818
2022-09-10,ZHZ3QD63,0,151807704,3,0,352036956,25231,3,0,0,24,233,1614,24,151807704,0,0,0,24962,92370375992,345771131122
2022-09-11,ZHZ3QD63,0,122007920,3,0,356285634,25247,3,0,0,23,233,1615,23,122007920,0,0,0,24978,92394894272,345960953690
2022-09-12,ZHZ3QD63,0,151952296,3,0,360770010,25278,3,0,0,24,233,1616,24,151952296,0,0,0,25009,92457589680,346416484178
2022-09-13,ZHZ3QD63,0,71777464,3,0,364462399,25294,3,0,0,24,233,1617,24,71777464,0,0,0,25025,92479591248,346558449002
2022-09-14,ZHZ3QD63,0,70411320,3,0,369794893,25326,3,0,0,24,233,1618,24,70411320,0,0,0,25056,92531939672,346993015930
2022-09-15,ZHZ3QD63,0,55583176,3,0,371744431,25341,3,0,0,23,233,1619,23,55583176,0,0,0,25072,92558673992,347195594330
2022-09-16,ZHZ3QD63,0,385872,3,0,376087560,25373,3,0,0,24,233,1620,24,385872,0,0,0,25103,92620304216,347567048458
2022-09-17,ZHZ3QD63,0,157362960,3,0,377840592,25388,3,0,0,23,234,1621,23,157362960,0,0,0,25119,92642603648,347701726114
2022-09-18,ZHZ3QD63,0,142669288,3,0,385568734,25420,3,0,0,23,234,1622,23,142669288,0,0,0,25150,92709278280,348108639074
2022-09-19,ZHZ3QD63,0,97755656,3,0,387477898,25436,3,0,0,23,234,1623,23,97755656,0,0,0,25166,92734079976,348283064530
2022-09-20,ZHZ3QD63,0,197884808,3,0,393891848,25467,3,0,0,24,235,1624,24,197884808,0,0,0,25198,92785220216,348576194090
2022-09-21,ZHZ3QD63,0,129073424,3,0,396672560,25483,3,0,0,24,235,1625,24,129073424,0,0,0,25213,92814215872,348722528186
2022-09-22,ZHZ3QD63,0,92671192,3,0,404772203,25514,3,0,0,25,235,1626,25,92671192,0,0,0,25245,92876169808,349112453394
2022-09-23,ZHZ3QD63,0,61094032,3,0,406962689,25530,3,0,0,24,235,1627,24,61094032,0,0,0,25260,92905917680,349295268994
2022-09-24,ZHZ3QD63,0,7487992,3,0,411406994,25562,3,0,0,25,235,1628,25,7487992,0,0,0,25292,92966560368,349669301810
2022-09-25,ZHZ3QD63,0,196059192,3,0,416074981,25577,3,0,0,24,235,1629,24,196059192,0,0,0,25307,92994735408,349829697970
2022-09-26,ZHZ3QD63,0,37744528,3,0,419868147,25609,3,0,0,24,235,1630,24,37744528,0,0,0,25339,93048097424,350106302698
2022-09-27,ZHZ3QD63,0,120592960,3,0,426855751,25640,3,0,0,24,235,1631,24,120592960,0,0,0,25370,93104859728,350376529458
2022-09-28,ZHZ3QD63,0,52150472,3,0,428688348,25656,3,0,0,24,235,1632,24,52150472,0,0,0,25386,93126386440,350530700946
2022-09-29,ZHZ3QD63,0,9969440,3,0,430770865,25672,3,0,0,23,235,1633,23,9969440,0,0,0,25402,93156090200,350702956802
2022-09-30,ZHZ3QD63,0,139567464,3,0,434695227,25703,3,0,0,24,235,1634,24,139567464,0,0,0,25433,93203799336,351028986386
2022-10-01,ZHZ3QD63,0,99248384,3,0,437482879,25719,3,0,0,23,235,1635,23,99248384,0,0,0,25448,93243772568,351192835474
2022-10-02,ZHZ3QD63,0,95002504,3,0,444655582,25751,3,0,0,23,235,1636,23,95002504,0,0,0,25480,93305590928,351615052498
2022-10-03,ZHZ3QD63,0,35983280,3,0,446558299,25767,3,0,0,23,235,1637,23,35983280,0,0,0,25495,93342860312,351762904978
2022-10-04,ZHZ3QD63,0,122504600,3,0,452072822,25798,3,0,0,24,235,1638,24,122504600,0,0,0,25527,93401394920,352035032322
2022-10-05,ZHZ3QD63,0,213019944,3,0,457152724,25830,3,0,0,23,235,1639,23,213019944,0,0,0,25558,93469265552,352301817778
2022-10-06,ZHZ3QD63,0,130967312,3,0,458755503,25845,3,0,0,23,235,1640,23,130967312,0,0,0,25574,93493834920,352439336506
2022-10-07,ZHZ3QD63,0,108347496,3,0,460867884,25861,3,0,0,24,235,1640,24,108347496,0,0,0,25590,93523775632,352630916738
2022-10-08,ZHZ3QD63,0,230022248,3,0,464903686,25893,3,0,0,23,236,1642,23,230022248,0,0,0,25621,93564902240,352955605514
2022-10-09,ZHZ3QD63,0,21960208,3,0,469298620,25909,3,0,0,25,236,1642,25,21960208,0,0,0,25636,93597968840,353202758378
2022-10-10,ZHZ3QD63,0,223210568,3,0,474213323,25940,3,0,0,24,236,1644,24,223210568,0,0,0,25668,93660230064,353585888162
2022-10-11,ZHZ3QD63,0,190759576,3,0,476366639,25956,3,0,0,24,236,1644,24,190759576,0,0,0,25684,93682919608,353774888258
2022-10-12,ZHZ3QD63,0,8018240,3,0,482816049,25987,3,0,0,23,237,1646,23,8018240,0,0,0,25715,93729228904,354034119122
2022-10-13,ZHZ3QD63,0,192925160,3,0,484761223,26003,3,0,0,23,237,1646,23,192925160,0,0,0,25731,93765762168,354182492778
2022-10-14,ZHZ3QD63,0,134003264,3,0,488754862,26035,3,0,0,23,237,1648,23,134003264,0,0,0,25762,93819904632,354557709810
2022-10-15,ZHZ3QD63,0,117800328,3,0,490868127,26050,3,0,0,23,237,1648,23,117800328,0,0,0,25778,93853784616,354751767690
2022-10-16,ZHZ3QD63,0,129901312,3,0,497707611,26082,3,0,0,24,238,1650,24,129901312,0,0,0,25809,93900656656,355205278146
2022-10-17,ZHZ3QD63,0,95639776,3,0,502029209,26113,3,0,0,23,238,1651,23,95639776,0,0,0,25840,93947904920,355612049898
2022-10-18,ZHZ3QD63,0,53022536,3,0,505293136,26129,3,0,0,23,239,1652,23,53022536,0,0,0,25856,93971552536,355789925674
2022-10-19,ZHZ3QD63,0,133453864,3,0,510995772,26161,3,0,0,24,239,1653,24,133453864,0,0,0,25887,94023787280,356062262946
2022-10-20,ZHZ3QD63,0,100532640,3,0,513048662,26176,3,0,0,23,239,1654,23,100532640,0,0,0,25903,94053194936,356244074706
2022-10-21,ZHZ3QD63,0,56671696,3,0,516971739,26208,3,0,0,24,239,1655,24,56671696,0,0,0,25934,94106859168,356634830954
2022-10-22,ZHZ3QD63,0,30411168,3,0,519196021,26224,3,0,0,23,239,1656,23,30411168,0,0,0,25950,94140336800,356819233426
2022-10-23,ZHZ3QD63,0,232327104,3,0,526533502,26255,3,0,0,23,239,1657,23,232327104,0,0,0,25981,94187553744,357218073058
2022-10-24,ZHZ3QD63,0,5189984,3,0,528834032,26271,3,0,0,23,240,1658,23,5189984,0,0,0,25997,94220345856,357446425258
2022-10-25,ZHZ3QD63,0,111367704,3,0,534642917,26303,3,0,0,23,240,1659,23,111367704,0,0,0,26028,94272172928,357744916538
2022-10-26,ZHZ3QD63,0,38940216,3,0,537649303,26318,3,0,0,23,240,1660,23,38940216,0,0,0,26044,94304348408,357884454386
2022-10-27,ZHZ3QD63,0,185549920,3,0,541645013,26350,3,0,0,23,240,1661,23,185549920,0,0,0,26075,94375622000,358203931330
2022-10-28,ZHZ3QD63,0,136746464,3,0,543831961,26366,3,0,0,23,240,1661,23,136746464,0,0,0,26091,94410185056,358364706034
2022-10-29,ZHZ3QD63,0,8445376,3,0,547524193,26397,3,0,0,23,240,1663,23,8445376,0,0,0,26123,94466981768,358667889530
2022-10-30,ZHZ3QD63,0,6532264,3,0,552040047,26413,3,0,0,23,240,1663,23,6532264,0,0,0,26138,94496061800,358881037042
2022-10-31,ZHZ3QD63,0,131547680,3,0,556937751,26444,3,0,0,23,240,1665,23,131547680,0,0,0,26170,94545454520,359200800378
2022-11-01,ZHZ3QD63,0,80178864,3,0,559258629,26460,3,0,0,23,240,1665,23,80178864,0,0,0,26186,94571654224,359367372490
2022-11-02,ZHZ3QD63,0,189369592,3,0,565955994,26492,3,0,0,22,241,1667,22,189369592,0,0,0,26217,94635387448,359656970674
2022-11-03,ZHZ3QD63,0,79185224,3,0,567875580,26507,3,0,0,22,241,1667,22,79185224,0,0,0,26232,94678517496,359747797290
2022-11-04,ZHZ3QD63,0,218131992,3,0,571611842,26539,3,0,0,23,242,1669,23,218131992,0,0,0,26264,94738183440,360071218834
2022-11-05,ZHZ3QD63,0,179439376,3,0,573847088,26554,3,0,0,23,242,1669,23,179439376,0,0,0,26279,94777022400,360237827978
2022-11-06,ZHZ3QD63,0,171672168,3,0,581535942,26586,3,0,0,24,242,1671,24,171672168,0,0,0,26310,94842659288,360652705882
2022-11-07,ZHZ3QD63,0,113133712,3,0,589228699,26617,3,0,0,23,242,1672,23,113133712,0,0,0,26341,94894695336,361030412850
2022-11-08,ZHZ3QD63,0,65232944,3,0,591586152,26632,3,0,0,23,243,1673,23,65232944,0,0,0,26357,94931519456,361189828650
2022-11-09,ZHZ3QD63,0,107509616,3,0,598244120,26664,3,0,0,23,243,1675,23,107509616,0,0,0,26388,94992677784,361415088234
2022-11-10,ZHZ3QD63,0,74104888,3,0,600571340,26679,3,0,0,23,243,1675,23,74104888,0,0,0,26403,95031856064,361586645978
2022-11-11,ZHZ3QD63,0,43236512,3,0,604760239,26710,3,0,0,23,243,1677,23,43236512,0,0,0,26434,95093619672,361982295426
2022-11-12,ZHZ3QD63,0,45443880,3,0,607261093,26726,3,0,0,23,243,1677,23,45443880,0,0,0,26450,95139098328,362183164938
2022-11-13,ZHZ3QD63,0,44735560,3,0,615098748,26757,3,0,0,23,243,1679,23,44735560,0,0,0,26481,95202129576,362607706794
2022-11-14,ZHZ3QD63,0,236451336,3,0,617111922,26773,3,0,0,23,243,1679,23,236451336,0,0,0,26496,95231286920,362770265226
2022-11-15,ZHZ3QD63,0,80376784,3,0,621531824,26804,3,0,0,23,243,1681,23,80376784,0,0,0,26527,95288242304,363045516722
2022-11-16,ZHZ3QD63,0,216780304,3,0,625715300,26819,3,0,0,23,243,1681,23,216780304,0,0,0,26543,95318562768,363151599778
2022-11-17,ZHZ3QD63,0,88489552,3,0,631755443,26851,3,0,0,23,244,1683,23,88489552,0,0,0,26574,95358458560,363471694498
2022-11-18,ZHZ3QD63,0,144386336,3,0,640364181,26882,3,0,0,24,245,1684,24,144386336,0,0,0,26605,95398124856,363732065618
2022-11-19,ZHZ3QD63,0,41162192,3,0,645008760,26897,3,0,0,24,245,1684,24,41162192,0,0,0,26620,95428630232,363842477346
2022-11-20,ZHZ3QD63,0,232017880,3,0,652684002,26928,3,0,0,22,245,1686,22,232017880,0,0,0,26651,95477342536,364228761410
2022-11-21,ZHZ3QD63,0,163433096,3,0,654441918,26944,3,0,0,23,245,1686,23,163433096,0,0,0,26667,95500669480,364380990466
2022-11-22,ZHZ3QD63,0,44775040,3,0,660215960,26975,3,0,0,22,247,1688,22,44775040,0,0,0,26697,95549755032,364701528210
2022-11-23,ZHZ3QD63,0,201485416,3,0,662997819,26991,3,0,0,22,247,1688,22,201485416,0,0,0,26713,95580525656,364827467962
2022-11-24,ZHZ3QD63,0,49640264,3,0,666165916,27022,3,0,0,22,247,1691,22,49640264,0,0,0,26744,95607630688,365136799172
2022-11-25,ZHZ3QD63,0,180206192,3,0,669984738,27053,3,0,0,24,247,1692,24,180206192,0,0,0,26775,95660931872,365458204636
2022-11-26,ZHZ3QD63,0,157635760,3,0,672782085,27069,3,0,0,23,247,1693,23,157635760,0,0,0,26790,95696954504,365643752412
2022-11-27,ZHZ3QD63,0,88261992,3,0,680142692,27100,3,0,0,23,247,1694,23,88261992,0,0,0,26821,95766141816,365993472764
2022-11-28,ZHZ3QD63,0,23648376,3,0,681925234,27116,3,0,0,23,247,1695,23,23648376,0,0,0,26837,95798067792,366141074084
2022-11-29,ZHZ3QD63,0,93431032,3,0,688240269,27147,3,0,0,24,247,1696,24,93431032,0,0,0,26868,95865920552,366387144740
2022-11-30,ZHZ3QD63,0,24029704,3,0,691049810,27162,3,0,0,23,247,1697,23,24029704,0,0,0,26883,95905171264,366522633364
2022-12-01,ZHZ3QD63,0,238205112,3,0,696712686,27194,3,0,0,24,248,1698,24,238205112,0,0,0,26914,95994337024,366891783684
2022-12-02,ZHZ3QD63,0,240122280,3,0,699903951,27209,3,0,0,23,248,1699,23,240122280,0,0,0,26930,96050220416,367081958252
2022-12-03,ZHZ3QD63,0,158968448,3,0,704920340,27241,3,0,0,22,249,1700,22,158968448,0,0,0,26961,96121145384,367418161116
2022-12-04,ZHZ3QD63,0,155123696,3,0,709645303,27256,3,0,0,23,249,1701,23,155123696,0,0,0,26976,96150804024,367628798516
2022-12-05,ZHZ3QD63,0,47149720,3,0,713954943,27287,3,0,0,22,249,1702,22,47149720,0,0,0,27007,96209467368,367950442516
2022-12-06,ZHZ3QD63,0,7798032,3,0,716565127,27303,3,0,0,22,249,1703,22,7798032,0,0,0,27023,96239423472,368125275396
2022-12-07,ZHZ3QD63,0,128457592,3,0,722640627,27334,3,0,0,22,249,1704,22,128457592,0,0,0,27054,96300087336,368429411876
2022-12-08,ZHZ3QD63,0,135401696,3,0,724661602,27350,3,0,0,22,250,1705,22,135401696,0,0,0,27070,96346720704,368633863484
2022-12-09,ZHZ3QD63,0,222234288,3,0,728479360,27381,3,0,0,22,251,1706,22,222234288,0,0,0,27101,96417888632,369137809844
2022-12-11,ZHZ3QD63,0,231665496,3,0,737490230,27428,3,0,0,22,251,1708,22,231665496,0,0,0,27147,96501808064,369795743660
2022-12-11,ZHZ3QD63,0,231665496,3,0,737490230,27428,3,0,0,22,251,1708,22,231665496,0,0,0,27147,96501808064,369795743660
2022-12-12,ZHZ3QD63,0,212596800,3,0,740991956,27459,3,0,0,23,251,1709,23,212596800,0,0,0,27178,96544304936,370222459492
2022-12-13,ZHZ3QD63,0,146820392,3,0,744158413,27474,3,0,0,22,251,1710,22,146820392,0,0,0,27194,96570795920,370374332852
2022-12-14,ZHZ3QD63,0,188686008,3,0,749610425,27505,3,0,0,23,252,1711,23,188686008,0,0,0,27225,96629911280,370601223740
2022-12-15,ZHZ3QD63,0,131150712,3,0,751720587,27521,3,0,0,22,252,1712,22,131150712,0,0,0,27241,96666100488,370751639868
2022-12-16,ZHZ3QD63,0,217499616,3,0,755373877,27553,3,0,0,23,252,1713,23,217499616,0,0,0,27272,96730889384,371017340516
2022-12-17,ZHZ3QD63,0,127349216,3,0,757091711,27569,3,0,0,21,252,1714,21,127349216,0,0,0,27288,96771398560,371130822076
2022-12-18,ZHZ3QD63,0,214263080,3,0,763816455,27600,3,0,0,22,252,1715,22,214263080,0,0,0,27319,96838106440,371395168740
2022-12-19,ZHZ3QD63,0,92975760,3,0,765649337,27616,3,0,0,22,253,1716,22,92975760,0,0,0,27335,96873928736,371482199988
2022-12-20,ZHZ3QD63,0,138260984,3,0,772051139,27648,3,0,0,22,253,1717,22,138260984,0,0,0,27366,96936531568,371709023020
2022-12-21,ZHZ3QD63,0,34703064,3,0,776758901,27679,3,0,0,23,253,1719,23,34703064,0,0,0,27398,97018023032,372012255900
2022-12-22,ZHZ3QD63,0,233632928,3,0,778642225,27695,3,0,0,22,253,1719,22,233632928,0,0,0,27413,97042245216,372186963580
2022-12-23,ZHZ3QD63,0,178783456,3,0,782569475,27727,3,0,0,23,253,1721,23,178783456,0,0,0,27445,97121987040,372540653604
2022-12-24,ZHZ3QD63,0,168736736,3,0,785153087,27742,3,0,0,22,253,1721,22,168736736,0,0,0,27461,97150940808,372745793748
2022-12-25,ZHZ3QD63,0,208125400,3,0,796706827,27774,3,0,0,23,253,1723,23,208125400,0,0,0,27492,97218386024,373206018636
2022-12-26,ZHZ3QD63,0,162877720,3,0,799472899,27790,3,0,0,23,253,1723,23,162877720,0,0,0,27508,97252486208,373370811476
2022-12-27,ZHZ3QD63,0,15356800,3,0,806416592,27821,3,0,0,24,253,1725,24,15356800,0,0,0,27539,97308014072,373656044188
2022-12-28,ZHZ3QD63,0,182886936,3,0,809134011,27837,3,0,0,23,253,1725,23,182886936,0,0,0,27555,97329534184,373802054212
2022-12-29,ZHZ3QD63,0,134613184,3,0,812559928,27869,3,0,0,23,254,1727,23,134613184,0,0,0,27586,97386860504,374184735660
2022-12-30,ZHZ3QD63,0,81594896,3,0,814403735,27884,3,0,0,22,254,1727,22,81594896,0,0,0,27602,97412987160,374349731572
2022-12-31,ZHZ3QD63,0,3489552,3,0,818621758,27916,3,0,0,24,255,1729,24,3489552,0,0,0,27634,97467688728,374705205940
