2022-01-01,ZHZ669YD,0,161516088,5,0,161407973,15191,4,0,0,30,1,744,30,161516088,0,0,0,15082,69390114928,201768077572
2022-01-02,ZHZ669YD,0,24963064,5,0,165977543,15222,4,0,0,31,1,745,31,24963064,0,0,0,15112,69496161272,202013759628
2022-01-03,ZHZ669YD,0,181345160,5,0,169966006,15238,4,0,0,31,1,746,31,181345160,0,0,0,15128,69565488664,202100814332
2022-01-04,ZHZ669YD,0,61838808,5,0,174060411,15269,4,0,0,31,1,747,31,61838808,0,0,0,15158,69671877032,202363201100
2022-01-05,ZHZ669YD,0,6383888,5,0,176217229,15284,4,0,0,30,1,748,30,6383888,0,0,0,15174,69743938648,202479825236
2022-01-06,ZHZ669YD,0,187245768,5,0,180042151,15315,4,0,0,30,1,749,30,187245768,0,0,0,15204,69838286672,202810479908
2022-01-07,ZHZ669YD,0,52809248,5,0,187036070,15346,4,0,0,31,1,750,31,52809248,0,0,0,15235,69948811976,203297940468
2022-01-08,ZHZ669YD,0,24421848,5,0,189040167,15362,4,0,0,31,1,751,31,24421848,0,0,0,15251,69998071672,203464434172
2022-01-09,ZHZ669YD,0,2490640,5,0,194576001,15393,4,0,0,31,1,752,31,2490640,0,0,0,15281,70109293336,203819563308
2022-01-10,ZHZ669YD,0,165093632,5,0,197776374,15408,4,0,0,31,1,753,31,165093632,0,0,0,15297,70154553600,203936906036
2022-01-11,ZHZ669YD,0,79849744,5,0,201999413,15439,4,0,0,31,1,754,31,79849744,0,0,0,15327,70268239720,204226257332
2022-01-12,ZHZ669YD,0,16202536,5,0,203751203,15455,4,0,0,30,1,755,30,16202536,0,0,0,15343,70302810880,204372179836
2022-01-13,ZHZ669YD,0,162570552,5,0,208930711,15486,4,0,0,31,1,756,31,162570552,0,0,0,15374,70395614592,204669884860
2022-01-14,ZHZ669YD,0,156938584,5,0,213755442,15501,4,0,0,31,1,757,31,156938584,0,0,0,15389,70436394680,204867613580
2022-01-15,ZHZ669YD,0,151889848,5,0,219708340,15532,4,0,0,31,1,758,31,151889848,0,0,0,15420,70536202120,205251039380
2022-01-16,ZHZ669YD,0,142210008,5,0,222110365,15548,4,0,0,31,1,759,31,142210008,0,0,0,15436,70591132200,205430570100
2022-01-17,ZHZ669YD,0,3583552,5,0,228284395,15579,4,0,0,30,1,760,30,3583552,0,0,0,15466,70682581320,205688776156
2022-01-18,ZHZ669YD,0,208464920,5,0,230524851,15594,4,0,0,30,1,760,30,208464920,0,0,0,15482,70724105608,205852133236
2022-01-19,ZHZ669YD,0,189767904,5,0,234435552,15625,4,0,0,31,1,762,31,189767904,0,0,0,15513,70825530048,206220293428
2022-01-20,ZHZ669YD,0,126141992,5,0,238892760,15656,4,0,0,32,1,763,32,126141992,0,0,0,15543,70919624096,206550854964
2022-01-21,ZHZ669YD,0,105728304,5,0,242081392,15672,4,0,0,31,1,764,31,105728304,0,0,0,15559,70964523352,206729682668
2022-01-22,ZHZ669YD,0,33184520,5,0,247531577,15703,4,0,0,32,1,765,32,33184520,0,0,0,15590,71055271576,207054672116
2022-01-23,ZHZ669YD,0,228014248,5,0,249801889,15718,4,0,0,32,1,766,32,228014248,0,0,0,15605,71100049464,207204723956
2022-01-24,ZHZ669YD,0,114719408,5,0,256821084,15749,4,0,0,32,1,767,32,114719408,0,0,0,15636,71217668832,207462091180
2022-01-25,ZHZ669YD,0,76852856,5,0,259121454,15765,4,0,0,31,1,768,31,76852856,0,0,0,15652,71269066632,207616967692
2022-01-26,ZHZ669YD,0,235174888,5,0,263085955,15796,4,0,0,31,1,769,31,235174888,0,0,0,15683,71348014304,207940482732
2022-01-27,ZHZ669YD,0,190405888,5,0,265409164,15812,4,0,0,31,1,770,31,190405888,0,0,0,15698,71405481144,208082387740
2022-01-28,ZHZ669YD,0,132569256,5,0,271201502,15843,4,0,0,32,1,771,32,132569256,0,0,0,15730,71480246128,208438068556
2022-01-29,ZHZ669YD,0,134088992,5,0,273554557,15859,4,0,0,31,1,772,31,134088992,0,0,0,15745,71531960376,208632014676
2022-01-30,ZHZ669YD,0,104072640,5,0,277825522,15890,4,0,0,32,1,773,32,104072640,0,0,0,15776,71619799520,209002440588
2022-01-31,ZHZ669YD,0,38192736,5,0,282246246,15906,4,0,0,32,1,773,32,38192736,0,0,0,15792,71685248384,209115252492
2022-02-01,ZHZ669YD,0,236191192,5,0,286758817,15937,4,0,0,32,1,775,32,236191192,0,0,0,15823,71792257088,209450382900
2022-02-02,ZHZ669YD,0,215172408,5,0,289116930,15953,4,0,0,32,1,775,32,215172408,0,0,0,15839,71849623192,209616138676
2022-02-03,ZHZ669YD,0,101551448,5,0,293162211,15984,4,0,0,32,1,777,32,101551448,0,0,0,15870,71937292392,209903129964
2022-02-04,ZHZ669YD,0,101605784,5,0,295716194,16000,4,0,0,32,1,777,32,101605784,0,0,0,15885,71992947904,210091676028
2022-02-05,ZHZ669YD,0,29391136,5,0,302477859,16031,4,0,0,32,1,779,32,29391136,0,0,0,15916,72084893864,210415796996
2022-02-06,ZHZ669YD,0,177569864,5,0,307453190,16062,4,0,0,32,1,780,32,177569864,0,0,0,15947,72171149296,210721861108
2022-02-07,ZHZ669YD,0,81981672,5,0,311638608,16077,4,0,0,32,1,781,32,81981672,0,0,0,15962,72213195184,210828367660
2022-02-08,ZHZ669YD,0,7622440,5,0,317069416,16108,4,0,0,33,1,782,33,7622440,0,0,0,15993,72303017104,211152467820
2022-02-09,ZHZ669YD,0,24789408,5,0,319525342,16124,4,0,0,32,1,782,32,24789408,0,0,0,16009,72350228888,211366564020
2022-02-10,ZHZ669YD,0,204566560,5,0,323637481,16155,4,0,0,32,1,784,32,204566560,0,0,0,16040,72445765552,211694945196
2022-02-11,ZHZ669YD,0,225131448,5,0,326502940,16171,4,0,0,33,1,784,33,225131448,0,0,0,16056,72499742280,211905674036
2022-02-12,ZHZ669YD,0,139151352,5,0,332412393,16202,4,0,0,31,1,786,31,139151352,0,0,0,16087,72565014936,212242702660
2022-02-13,ZHZ669YD,0,86378224,5,0,334381446,16218,4,0,0,32,1,786,32,86378224,0,0,0,16103,72592840528,212406244620
2022-02-14,ZHZ669YD,0,183950648,5,0,340224739,16250,4,0,0,31,1,788,31,183950648,0,0,0,16134,72647639496,212693158716
2022-02-15,ZHZ669YD,0,149456456,5,0,342262592,16265,4,0,0,25,1,788,25,149456456,0,0,0,16150,72676190672,212874254188
2022-02-16,ZHZ669YD,0,67680128,5,0,346253722,16297,4,0,0,25,1,790,25,67680128,0,0,0,16182,72739737144,213217212948
2022-02-17,ZHZ669YD,0,7494360,5,0,350289813,16329,4,0,0,25,1,791,25,7494360,0,0,0,16213,72794742656,213590303332
2022-02-18,ZHZ669YD,0,14344664,5,0,353837751,16344,4,0,0,25,1,792,25,14344664,0,0,0,16229,72819543616,213816493308
2022-02-19,ZHZ669YD,0,156467296,5,0,358051028,16360,4,0,0,26,1,792,26,156467296,0,0,0,16244,72848426312,214662155652
2022-02-20,ZHZ669YD,0,72284352,5,0,365823740,16391,4,0,0,26,1,794,26,72284352,0,0,0,16275,72912124400,216467401572
2022-02-21,ZHZ669YD,0,11354160,5,0,367734000,16407,4,0,0,25,1,794,25,11354160,0,0,0,16291,72942868144,216619869596
2022-02-22,ZHZ669YD,0,123346664,5,0,373361224,16437,4,0,0,25,1,796,25,123346664,0,0,0,16321,73000181824,216918689556
2022-02-23,ZHZ669YD,0,206621424,5,0,376503836,16453,4,0,0,26,1,796,26,206621424,0,0,0,16337,73024826384,218198023972
2022-02-24,ZHZ669YD,0,77141840,5,0,385152877,16484,4,0,0,26,1,797,26,77141840,0,0,0,16368,73080218496,220454560708
2022-02-25,ZHZ669YD,0,134808104,5,0,391675335,16515,4,0,0,26,1,799,26,134808104,0,0,0,16399,73131851280,222657879532
2022-02-26,ZHZ669YD,0,102761576,5,0,396383018,16531,4,0,0,26,1,799,26,102761576,0,0,0,16414,73164453872,223813934244
2022-02-27,ZHZ669YD,0,95364400,5,0,403894364,16562,4,0,0,25,1,801,25,95364400,0,0,0,16445,73228551744,225939707348
2022-02-28,ZHZ669YD,0,228614464,5,0,406318504,16577,4,0,0,25,1,801,25,228614464,0,0,0,16460,73267192616,226034316540
2022-03-01,ZHZ669YD,0,28152,5,0,412487098,16608,4,0,0,26,1,803,26,28152,0,0,0,16491,73333076072,226716409908
2022-03-02,ZHZ669YD,0,201245768,5,0,416245763,16624,4,0,0,26,1,803,26,201245768,0,0,0,16506,73375243864,227852024556
2022-03-03,ZHZ669YD,0,27810968,5,0,422989597,16655,4,0,0,26,1,805,26,27810968,0,0,0,16537,73412845432,229838258196
2022-03-04,ZHZ669YD,0,90501304,5,0,431294042,16686,4,0,0,25,1,806,25,90501304,0,0,0,16568,73436988456,231829931636
2022-03-05,ZHZ669YD,0,53788728,5,0,436579263,16701,4,0,0,26,1,807,26,53788728,0,0,0,16583,73451728592,232755042276
2022-03-06,ZHZ669YD,0,151066488,5,0,444421995,16732,4,0,0,25,1,808,25,151066488,0,0,0,16614,73484296976,234528736996
2022-03-07,ZHZ669YD,0,15094264,5,0,446934438,16748,4,0,0,25,1,808,25,15094264,0,0,0,16630,73502879976,234618322404
2022-03-08,ZHZ669YD,0,49071832,5,0,453572960,16779,4,0,0,26,1,810,26,49071832,0,0,0,16661,73532166552,235599577236
2022-03-09,ZHZ669YD,0,22750728,5,0,457974056,16794,4,0,0,26,1,810,26,22750728,0,0,0,16676,73549167152,236532818908
2022-03-10,ZHZ669YD,0,136497736,5,0,464740900,16825,4,0,0,26,1,812,26,136497736,0,0,0,16707,73587162992,238317555484
2022-03-11,ZHZ669YD,0,88281792,5,0,468821974,16840,4,0,0,26,1,812,26,88281792,0,0,0,16722,73609120256,239223945004
2022-03-12,ZHZ669YD,0,27667464,5,0,479119218,16871,4,0,0,26,1,814,26,27667464,0,0,0,16753,73644795520,241324922796
2022-03-13,ZHZ669YD,0,226309032,5,0,485840604,16902,4,0,0,25,1,815,25,226309032,0,0,0,16784,73674339952,243447146780
2022-03-14,ZHZ669YD,0,74961968,5,0,488129863,16918,4,0,0,25,1,816,25,74961968,0,0,0,16799,73687903528,243526376836
2022-03-15,ZHZ669YD,0,26783056,5,0,493813906,16949,4,0,0,26,1,817,26,26783056,0,0,0,16830,73724409320,244906537668
2022-03-16,ZHZ669YD,0,42690672,5,0,496672025,16964,4,0,0,26,1,817,26,42690672,0,0,0,16845,73740164144,246371540780
2022-03-17,ZHZ669YD,0,213110816,5,0,502115978,16995,4,0,0,25,1,819,25,213110816,0,0,0,16876,73770962224,248708431012
2022-03-18,ZHZ669YD,0,177174808,5,0,505262049,17011,4,0,0,26,1,819,26,177174808,0,0,0,16891,73808486552,249855678828
2022-03-19,ZHZ669YD,0,46856680,5,0,514346848,17042,4,0,0,26,1,821,26,46856680,0,0,0,16922,73836841672,252382559484
2022-03-20,ZHZ669YD,0,12540808,5,0,518229313,17057,4,0,0,26,1,821,26,12540808,0,0,0,16938,73856826784,253548962260
2022-03-21,ZHZ669YD,0,241153736,5,0,523203694,17088,4,0,0,25,1,823,25,241153736,0,0,0,16969,73885191944,254237491796
2022-03-22,ZHZ669YD,0,142238512,5,0,526061100,17104,4,0,0,26,1,823,26,142238512,0,0,0,16984,73906824576,254361084572
2022-03-23,ZHZ669YD,0,224779440,5,0,533716779,17135,4,0,0,26,1,825,26,224779440,0,0,0,17015,73939128600,256364449508
2022-03-24,ZHZ669YD,0,73530032,5,0,540491111,17166,4,0,0,26,1,826,26,73530032,0,0,0,17046,73971109960,258134345292
2022-03-25,ZHZ669YD,0,14242736,5,0,544250606,17181,4,0,0,26,1,827,26,14242736,0,0,0,17061,73990849248,259031881956
2022-03-26,ZHZ669YD,0,116672016,5,0,554832631,17212,4,0,0,26,1,828,26,116672016,0,0,0,17092,74034514704,261043771916
2022-03-27,ZHZ669YD,0,215831832,5,0,559060997,17228,4,0,0,26,1,828,26,215831832,0,0,0,17107,74067477168,262086533804
2022-03-28,ZHZ669YD,0,2585936,5,0,564028657,17259,4,0,0,26,1,830,26,2585936,0,0,0,17138,74119330528,262553856684
2022-03-29,ZHZ669YD,0,159905536,5,0,566862912,17274,4,0,0,26,1,830,26,159905536,0,0,0,17154,74151277120,262679229692
2022-03-30,ZHZ669YD,0,212751288,5,0,573506889,17305,4,0,0,26,1,832,26,212751288,0,0,0,17184,74197006880,264395331252
2022-03-31,ZHZ669YD,0,214879576,5,0,577612793,17321,4,0,0,26,1,832,26,214879576,0,0,0,17200,74226712424,265344316716
2022-04-01,ZHZ669YD,0,10072360,5,0,584517371,17352,4,0,0,26,1,834,26,10072360,0,0,0,17231,74271964456,267535667588
2022-04-02,ZHZ669YD,0,229543352,5,0,588795629,17367,4,0,0,26,1,834,26,229543352,0,0,0,17246,74298377760,268949431948
2022-04-03,ZHZ669YD,0,171780640,5,0,596684931,17398,4,0,0,26,1,836,26,171780640,0,0,0,17277,74343552296,272020325884
2022-04-04,ZHZ669YD,0,92523920,5,0,601632487,17429,4,0,0,26,1,837,26,92523920,0,0,0,17308,74398220240,272374682852
2022-04-05,ZHZ669YD,0,193170464,5,0,604589884,17445,4,0,0,26,1,838,26,193170464,0,0,0,17323,74421074744,272452474892
2022-04-06,ZHZ669YD,0,60107400,5,0,610843979,17476,4,0,0,25,1,839,25,60107400,0,0,0,17354,74487367352,274206245652
2022-04-07,ZHZ669YD,0,2331800,5,0,613797901,17491,4,0,0,25,1,840,25,2331800,0,0,0,17370,74519368832,275093036604
2022-04-08,ZHZ669YD,0,9419400,5,0,620451823,17522,4,0,0,26,1,841,26,9419400,0,0,0,17401,74582176848,277234601268
2022-04-09,ZHZ669YD,0,29458048,5,0,625060630,17538,4,0,0,26,1,842,26,29458048,0,0,0,17416,74616012392,278197367412
2022-04-10,ZHZ669YD,0,120400296,5,0,633916759,17569,4,0,0,25,1,843,25,120400296,0,0,0,17447,74671961936,280185486228
2022-04-11,ZHZ669YD,0,5655040,5,0,636142232,17584,4,0,0,25,1,844,25,5655040,0,0,0,17463,74703397912,280283445972
2022-04-12,ZHZ669YD,0,48982816,5,0,642019853,17615,4,0,0,25,1,845,25,48982816,0,0,0,17494,74760180992,280514131364
2022-04-13,ZHZ669YD,0,215155896,5,0,646104314,17631,4,0,0,25,1,846,25,215155896,0,0,0,17509,74809406400,281363501644
2022-04-14,ZHZ669YD,0,235387816,5,0,653819824,17662,4,0,0,25,1,847,25,235387816,0,0,0,17540,74872571976,283273703572
2022-04-15,ZHZ669YD,0,207614536,5,0,662361353,17693,4,0,0,26,1,848,26,207614536,0,0,0,17571,74952484328,285119146172
2022-04-16,ZHZ669YD,0,185461024,5,0,667609334,17709,4,0,0,26,1,849,26,185461024,0,0,0,17586,74992959952,286033079852
2022-04-17,ZHZ669YD,0,43929544,5,0,676013167,17740,4,0,0,25,1,850,25,43929544,0,0,0,17618,75062891472,287774742876
2022-04-18,ZHZ669YD,0,168092592,5,0,678532482,17756,4,0,0,25,1,851,25,168092592,0,0,0,17633,75099408136,287862389260
2022-04-19,ZHZ669YD,0,20506600,5,0,684986712,17787,4,0,0,26,1,852,26,20506600,0,0,0,17664,75179212832,288367421180
2022-04-20,ZHZ669YD,0,186758592,5,0,688863940,17802,4,0,0,26,1,853,26,186758592,0,0,0,17680,75240371592,289204936844
2022-04-21,ZHZ669YD,0,35996944,5,0,696410717,17833,4,0,0,26,1,854,26,35996944,0,0,0,17711,75303598728,290944074156
2022-04-22,ZHZ669YD,0,192660320,5,0,700056067,17849,4,0,0,26,1,855,26,192660320,0,0,0,17726,75328837168,291807921252
2022-04-23,ZHZ669YD,0,79603992,5,0,708407069,17880,4,0,0,26,1,856,26,79603992,0,0,0,17757,75383584216,294569807484
2022-04-24,ZHZ669YD,0,89446600,5,0,712534192,17896,4,0,0,26,1,856,26,89446600,0,0,0,17772,75415684296,296012397660
2022-04-25,ZHZ669YD,0,61507800,5,0,717713683,17927,4,0,0,25,1,858,25,61507800,0,0,0,17803,75464007400,296912699852
2022-04-26,ZHZ669YD,0,200855032,5,0,723474862,17958,4,0,0,26,1,859,26,200855032,0,0,0,17834,75515423728,297733052972
2022-04-27,ZHZ669YD,0,37937832,5,0,726499337,17973,4,0,0,26,1,860,26,37937832,0,0,0,17850,75545505192,298760757828
2022-04-28,ZHZ669YD,0,192585144,5,0,732569817,18005,4,0,0,26,1,861,26,192585144,0,0,0,17881,75596054352,300817990916
2022-04-29,ZHZ669YD,0,59212440,5,0,735956302,18021,4,0,0,26,1,862,26,59212440,0,0,0,17897,75631723832,301869653276
2022-04-30,ZHZ669YD,0,13173432,5,0,744565822,18052,4,0,0,27,1,863,27,13173432,0,0,0,17928,75690881656,303717584212
2022-05-01,ZHZ669YD,0,216272072,5,0,748660970,18067,4,0,0,27,1,864,27,216272072,0,0,0,17943,75716411912,304627575012
2022-05-02,ZHZ669YD,0,59729808,5,0,753744202,18098,4,0,0,26,1,865,26,59729808,0,0,0,17974,75775675008,305144191812
2022-05-03,ZHZ669YD,0,240171280,5,0,760704342,18129,4,0,0,26,1,866,26,240171280,0,0,0,18005,75834850832,305997879828
2022-05-04,ZHZ669YD,0,193504584,5,0,765267525,18145,4,0,0,27,1,867,27,193504584,0,0,0,18021,75862361896,306900264796
2022-05-05,ZHZ669YD,0,38057512,5,0,771087817,18161,4,0,0,27,1,868,27,38057512,0,0,0,18036,75896673160,307687069476
2022-05-06,ZHZ669YD,0,122118400,5,0,779495440,18192,4,0,0,27,1,869,27,122118400,0,0,0,18067,75951639192,309669290556
2022-05-07,ZHZ669YD,0,147356288,5,0,789803205,18223,4,0,0,27,1,870,27,147356288,0,0,0,18098,76024548192,311574744636
2022-05-08,ZHZ669YD,0,209465256,5,0,794237171,18238,4,0,0,27,1,871,27,209465256,0,0,0,18114,76057398864,312580566260
2022-05-09,ZHZ669YD,0,135183136,5,0,801022236,18269,4,0,0,27,1,872,27,135183136,0,0,0,18144,76118207568,312933757036
2022-05-10,ZHZ669YD,0,216599896,5,0,805280180,18285,4,0,0,26,1,873,26,216599896,0,0,0,18160,76152196312,313957748268
2022-05-11,ZHZ669YD,0,218231304,5,0,812855323,18316,4,0,0,27,1,874,27,218231304,0,0,0,18191,76226194344,315838508180
2022-05-12,ZHZ669YD,0,161425184,5,0,816274096,18331,4,0,0,28,1,875,28,161425184,0,0,0,18206,76265798712,316718668524
2022-05-13,ZHZ669YD,0,173733240,5,0,822081722,18363,4,0,0,27,1,876,27,173733240,0,0,0,18237,76318706656,318875335860
2022-05-14,ZHZ669YD,0,201707136,5,0,826746853,18378,4,0,0,27,1,877,27,201707136,0,0,0,18253,76350719240,320336142004
2022-05-15,ZHZ669YD,0,91609048,5,0,834301765,18409,4,0,0,26,1,878,26,91609048,0,0,0,18284,76411785064,322850538980
2022-05-16,ZHZ669YD,0,199110320,6,0,840634569,18441,5,0,0,27,1,880,27,199110320,0,0,0,18315,76478393672,324844575592
2022-05-17,ZHZ669YD,0,63385056,6,0,844036966,18456,5,0,0,26,1,881,26,63385056,0,0,0,18331,76518055464,325889892368
2022-05-18,ZHZ669YD,0,73733744,6,0,847501609,18472,5,0,0,26,1,881,26,73733744,0,0,0,18346,76560467296,326834392144
2022-05-19,ZHZ669YD,0,192809424,6,0,854330502,18503,5,0,0,28,1,882,28,192809424,0,0,0,18377,76632231032,328590689576
2022-05-20,ZHZ669YD,0,142501712,6,0,862554885,18534,5,0,0,28,1,884,28,142501712,0,0,0,18408,76684073536,330441665776
2022-05-21,ZHZ669YD,0,174538056,6,0,867660869,18550,5,0,0,27,1,884,27,174538056,0,0,0,18424,76708369856,331425969224
2022-05-22,ZHZ669YD,0,81242464,6,0,876369206,18581,5,0,0,27,1,886,27,81242464,0,0,0,18454,76758158032,333236012144
2022-05-23,ZHZ669YD,0,175128840,6,0,879045475,18596,5,0,0,26,1,886,26,175128840,0,0,0,18470,76780785480,333307271072
2022-05-24,ZHZ669YD,0,143063136,6,0,886501340,18627,5,0,0,28,1,888,28,143063136,0,0,0,18501,76847817800,333940595880
2022-05-25,ZHZ669YD,0,162545576,6,0,890306635,18643,5,0,0,28,1,888,28,162545576,0,0,0,18516,76880200464,334904258888
2022-05-26,ZHZ669YD,0,178829168,6,0,898513403,18674,5,0,0,29,1,890,29,178829168,0,0,0,18548,76938555192,337059455032
2022-05-27,ZHZ669YD,0,134732656,6,0,902966151,18690,5,0,0,28,1,890,28,134732656,0,0,0,18564,76981210800,337949265920
2022-05-28,ZHZ669YD,0,80901632,6,0,912996290,18721,5,0,0,28,1,892,28,80901632,0,0,0,18594,77050079168,339779695280
2022-05-29,ZHZ669YD,0,80129744,6,0,917901280,18737,5,0,0,28,1,892,28,80129744,0,0,0,18610,77094792304,340710773848
2022-05-30,ZHZ669YD,0,122466912,6,0,923871069,18769,5,0,0,28,1,894,28,122466912,0,0,0,18642,77152491240,341427834528
2022-05-31,ZHZ669YD,0,229904960,6,0,927447834,18785,5,0,0,26,1,894,26,229904960,0,0,0,18657,77193635712,341494128104
2022-06-01,ZHZ669YD,0,66491352,6,0,933497773,18816,5,0,0,27,1,896,27,66491352,0,0,0,18689,77272168368,343937739000
2022-06-02,ZHZ669YD,0,124257520,6,0,939646506,18848,5,0,0,27,1,897,27,124257520,0,0,0,18721,77343188896,346121751760
2022-06-03,ZHZ669YD,0,23127792,6,0,942631651,18863,5,0,0,30,1,898,30,23127792,0,0,0,18736,77365159112,347219367744
2022-06-04,ZHZ669YD,0,228353488,6,0,951366814,18894,5,0,0,30,1,899,30,228353488,0,0,0,18767,77429982904,349312899176
2022-06-05,ZHZ669YD,0,148534128,6,0,955308821,18910,5,0,0,30,1,900,30,148534128,0,0,0,18782,77460989968,350422779520
2022-06-06,ZHZ669YD,0,43958784,6,0,960819903,18941,5,0,0,28,1,901,28,43958784,0,0,0,18813,77513915096,350753560768
2022-06-07,ZHZ669YD,0,162649480,6,0,964209375,18957,5,0,0,28,1,902,28,162649480,0,0,0,18829,77554061400,350832105160
2022-06-08,ZHZ669YD,0,116113576,6,0,970575458,18988,5,0,0,29,1,903,29,116113576,0,0,0,18859,77627200128,352177275248
2022-06-09,ZHZ669YD,0,6587200,6,0,974404659,19003,5,0,0,29,1,904,29,6587200,0,0,0,18875,77661721488,353009790712
2022-06-10,ZHZ669YD,0,110960272,6,0,982685389,19034,5,0,0,29,1,905,29,110960272,0,0,0,18906,77715566728,355013444904
2022-06-11,ZHZ669YD,0,59840776,6,0,987628831,19050,5,0,0,29,1,906,29,59840776,0,0,0,18921,77754985664,355899469512
2022-06-12,ZHZ669YD,0,133565904,6,0,997825591,19081,5,0,0,27,1,907,27,133565904,0,0,0,18952,77820538336,357860768040
2022-06-13,ZHZ669YD,0,240263432,6,0,176817,19097,5,0,0,29,1,907,29,240263432,0,0,0,18968,77846292568,357941711336
2022-06-14,ZHZ669YD,0,79111992,6,0,3040484,19112,5,0,0,27,1,908,27,79111992,0,0,0,18983,77876878472,357994114664
2022-06-15,ZHZ669YD,0,98698944,6,0,9722694,19143,5,0,0,29,1,909,29,98698944,0,0,0,19014,77961234824,358661767416
2022-06-16,ZHZ669YD,0,155800152,6,0,16969293,19174,5,0,0,30,1,911,30,155800152,0,0,0,19045,78042634208,360346454832
2022-06-17,ZHZ669YD,0,76805576,6,0,20951339,19190,5,0,0,28,1,911,28,76805576,0,0,0,19060,78086668320,361199989608
2022-06-18,ZHZ669YD,0,165287288,6,0,30600082,19221,5,0,0,27,1,913,27,165287288,0,0,0,19091,78184632880,363143632792
2022-06-19,ZHZ669YD,0,21190216,6,0,40012361,19252,5,0,0,27,1,914,27,21190216,0,0,0,19122,78269683768,364867611000
2022-06-20,ZHZ669YD,0,148406592,6,0,42471113,19268,5,0,0,26,1,915,26,148406592,0,0,0,19137,78315431352,364949079792
2022-06-21,ZHZ669YD,0,144873400,6,0,48265215,19299,5,0,0,27,1,916,27,144873400,0,0,0,19168,78385728184,365119391088
2022-06-22,ZHZ669YD,0,232021936,6,0,51746130,19314,5,0,0,26,1,917,26,232021936,0,0,0,19184,78428610632,366140220128
2022-06-23,ZHZ669YD,0,228751992,6,0,58190889,19345,5,0,0,26,1,918,26,228751992,0,0,0,19215,78506718912,368744394288
2022-06-24,ZHZ669YD,0,118847512,6,0,65131152,19377,5,0,0,26,1,919,26,118847512,0,0,0,19246,78582711560,371244045912
2022-06-25,ZHZ669YD,0,75245000,6,0,69667752,19392,5,0,0,26,1,920,26,75245000,0,0,0,19262,78616145120,372387721120
2022-06-26,ZHZ669YD,0,123082376,6,0,76695039,19424,5,0,0,26,1,921,26,123082376,0,0,0,19293,78699969936,374060718888
2022-06-27,ZHZ669YD,0,219696896,6,0,79084410,19439,5,0,0,25,1,922,25,219696896,0,0,0,19308,78732052920,374125250424
2022-06-28,ZHZ669YD,0,176624648,6,0,84947810,19470,5,0,0,27,1,923,27,176624648,0,0,0,19339,78810635688,374491876688
2022-06-29,ZHZ669YD,0,205861480,6,0,88466476,19486,5,0,0,26,1,924,26,205861480,0,0,0,19355,78852471608,375455845432
2022-06-30,ZHZ669YD,0,49466048,6,0,95304854,19517,5,0,0,27,1,925,27,49466048,0,0,0,19386,78939151544,377165897656
2022-07-01,ZHZ669YD,0,187357000,6,0,98904763,19533,5,0,0,26,1,926,26,187357000,0,0,0,19402,78981524488,377993837896
2022-07-02,ZHZ669YD,0,178359400,6,0,108847074,19564,5,0,0,26,1,927,26,178359400,0,0,0,19433,79070279456,379849212392
2022-07-03,ZHZ669YD,0,125148656,6,0,113764152,19580,5,0,0,27,1,928,27,125148656,0,0,0,19449,79118761152,380724083280
2022-07-04,ZHZ669YD,0,139332368,6,0,119966715,19611,5,0,0,27,1,929,27,139332368,0,0,0,19480,79217873280,381127436448
2022-07-05,ZHZ669YD,0,16362496,6,0,123475479,19627,5,0,0,26,1,929,26,16362496,0,0,0,19496,79264851928,381201629768
2022-07-06,ZHZ669YD,0,122635240,6,0,130690786,19658,5,0,0,26,1,931,26,122635240,0,0,0,19527,79351639208,382441820176
2022-07-07,ZHZ669YD,0,165737488,6,0,134729857,19674,5,0,0,26,1,931,26,165737488,0,0,0,19542,79401952336,383167031384
2022-07-08,ZHZ669YD,0,227653320,6,0,142097660,19705,5,0,0,26,1,933,26,227653320,0,0,0,19573,79485186168,384854699952
2022-07-09,ZHZ669YD,0,208814184,6,0,152586924,19736,5,0,0,27,1,934,27,208814184,0,0,0,19604,79571879912,386702293160
2022-07-10,ZHZ669YD,0,242565112,6,0,157323567,19752,5,0,0,26,1,935,26,242565112,0,0,0,19620,79613726352,387670760552
2022-07-11,ZHZ669YD,0,25296400,6,0,162532785,19783,5,0,0,26,1,936,26,25296400,0,0,0,19651,79683396944,387872102744
2022-07-12,ZHZ669YD,0,117004144,6,0,165517437,19799,5,0,0,25,1,937,25,117004144,0,0,0,19666,79717375816,387929831616
2022-07-13,ZHZ669YD,0,101432840,6,0,173435563,19830,5,0,0,26,1,938,26,101432840,0,0,0,19697,79810876896,389529745056
2022-07-14,ZHZ669YD,0,121349960,6,0,177744075,19845,5,0,0,26,1,939,26,121349960,0,0,0,19713,79846581016,390490521200
2022-07-15,ZHZ669YD,0,55348304,6,0,184928487,19876,5,0,0,26,1,940,26,55348304,0,0,0,19744,79926011160,393030638040
2022-07-16,ZHZ669YD,0,192201328,6,0,189512824,19892,5,0,0,25,1,941,25,192201328,0,0,0,19759,79968366416,394345839296
2022-07-17,ZHZ669YD,0,9137184,6,0,197149124,19923,5,0,0,26,1,942,26,9137184,0,0,0,19790,80049586592,396522964304
2022-07-18,ZHZ669YD,0,24126184,6,0,203140780,19954,5,0,0,26,1,943,26,24126184,0,0,0,19821,80142337512,396689343016
2022-07-19,ZHZ669YD,0,139743336,6,0,206096938,19970,5,0,0,28,1,944,28,139743336,0,0,0,19836,80183426744,396763870936
2022-07-20,ZHZ669YD,0,152563976,6,0,209382789,19985,5,0,0,28,1,944,28,152563976,0,0,0,19852,80244019576,397448521696
2022-07-21,ZHZ669YD,0,134146936,6,0,215656703,20016,5,0,0,26,1,946,26,134146936,0,0,0,19883,80339460432,399287791416
2022-07-22,ZHZ669YD,0,61250664,6,0,222684152,20047,5,0,0,27,1,947,27,61250664,0,0,0,19914,80422270776,401085211264
2022-07-23,ZHZ669YD,0,87238576,6,0,227393389,20063,5,0,0,27,1,948,27,87238576,0,0,0,19929,80458662760,402051370248
2022-07-24,ZHZ669YD,0,80450016,6,0,236060703,20094,5,0,0,26,1,949,26,80450016,0,0,0,19960,80541503384,403670726856
2022-07-25,ZHZ669YD,0,198861640,6,0,238738007,20110,5,0,0,26,1,950,26,198861640,0,0,0,19976,80586282104,403744359760
2022-07-26,ZHZ669YD,0,223344,6,0,245136206,20141,5,0,0,27,1,951,27,223344,0,0,0,20007,80679081032,403941203824
2022-07-27,ZHZ669YD,0,145119496,6,0,251138294,20157,5,0,0,27,1,952,27,145119496,0,0,0,20022,80722393144,404531069312
2022-07-28,ZHZ669YD,0,5053736,6,0,259658114,20188,5,0,0,26,1,953,26,5053736,0,0,0,20053,80798074656,406268450440
2022-07-29,ZHZ669YD,0,237601408,6,0,263863730,20203,5,0,0,27,1,954,27,237601408,0,0,0,20069,80847127912,407184367632
2022-07-30,ZHZ669YD,0,52360456,6,0,273841296,20234,5,0,0,27,1,955,27,52360456,0,0,0,20100,80936804752,409106717208
2022-07-31,ZHZ669YD,0,234443608,6,0,278630738,20250,5,0,0,27,1,956,27,234443608,0,0,0,20115,80988425312,409969602432
2022-08-01,ZHZ669YD,0,65495768,6,0,284649701,20281,5,0,0,26,1,957,26,65495768,0,0,0,20146,81068908160,410452594192
2022-08-02,ZHZ669YD,0,70639264,6,0,290897488,20312,5,0,0,26,1,958,26,70639264,0,0,0,20177,81175993072,410594793528
2022-08-03,ZHZ669YD,0,168656320,6,0,294828172,20328,5,0,0,27,1,959,27,168656320,0,0,0,20193,81226577416,411374648776
2022-08-04,ZHZ669YD,0,211217448,6,0,303110640,20359,5,0,0,27,1,960,27,211217448,0,0,0,20224,81326680504,413026092232
2022-08-05,ZHZ669YD,0,162277816,6,0,307246074,20375,5,0,0,27,1,961,27,162277816,0,0,0,20239,81363510568,413916885472
2022-08-06,ZHZ669YD,0,83729352,6,0,316260993,20406,5,0,0,27,1,962,27,83729352,0,0,0,20271,81432011016,415967103514
2022-08-07,ZHZ669YD,0,39563952,6,0,320161218,20422,5,0,0,27,1,963,27,39563952,0,0,0,20286,81485889432,416845622546
2022-08-08,ZHZ669YD,0,28524216,6,0,325660330,20453,5,0,0,26,1,964,26,28524216,0,0,0,20318,81591893048,417216863138
2022-08-09,ZHZ669YD,0,186081288,6,0,329271224,20469,5,0,0,26,1,965,26,186081288,0,0,0,20333,81653759120,417312554138
2022-08-10,ZHZ669YD,0,74374528,6,0,335825187,20500,5,0,0,27,1,966,27,74374528,0,0,0,20364,81765531992,418553919986
2022-08-11,ZHZ669YD,0,129965792,6,0,339183170,20515,5,0,0,27,1,967,27,129965792,0,0,0,20380,81825160432,419526445562
2022-08-12,ZHZ669YD,0,155126736,6,0,345386195,20547,5,0,0,26,1,968,26,155126736,0,0,0,20411,81947019736,421382879922
2022-08-13,ZHZ669YD,0,117275232,6,0,349674933,20562,5,0,0,27,1,969,27,117275232,0,0,0,20426,82010205816,422258405570
2022-08-14,ZHZ669YD,0,242756808,6,0,358217433,20594,5,0,0,26,1,970,26,242756808,0,0,0,20457,82116716464,423986361426
2022-08-15,ZHZ669YD,0,161405528,6,0,361054313,20609,5,0,0,26,1,970,26,161405528,0,0,0,20473,82180461816,424085405426
2022-08-16,ZHZ669YD,0,161861776,6,0,367401313,20641,5,0,0,26,1,972,26,161861776,0,0,0,20504,82277106712,424233357602
2022-08-17,ZHZ669YD,0,37789704,6,0,374272750,20672,5,0,0,27,1,973,27,37789704,0,0,0,20535,82398980656,425452256306
2022-08-18,ZHZ669YD,0,229019504,6,0,377972979,20688,5,0,0,26,1,974,26,229019504,0,0,0,20551,82445470440,426329418354
2022-08-19,ZHZ669YD,0,135845456,6,0,385473290,20719,5,0,0,26,1,975,26,135845456,0,0,0,20582,82541254360,428093590554
2022-08-20,ZHZ669YD,0,225073880,6,0,390365402,20734,5,0,0,27,1,976,27,225073880,0,0,0,20598,82596141672,428860354258
2022-08-21,ZHZ669YD,0,158186520,6,0,399690921,20766,5,0,0,26,1,977,26,158186520,0,0,0,20629,82723797328,430130655826
2022-08-22,ZHZ669YD,0,89049880,6,0,402965865,20781,5,0,0,26,1,977,26,89049880,0,0,0,20644,82784321832,430245135314
2022-08-23,ZHZ669YD,0,114764384,6,0,409600489,20812,5,0,0,26,1,979,26,114764384,0,0,0,20675,82896278440,430403033858
2022-08-24,ZHZ669YD,0,6309744,6,0,413314637,20828,5,0,0,27,1,979,27,6309744,0,0,0,20691,82955598144,430723541314
2022-08-25,ZHZ669YD,0,133669368,6,0,421558237,20859,5,0,0,27,1,981,27,133669368,0,0,0,20722,83057994712,432213349634
2022-08-26,ZHZ669YD,0,212630072,6,0,425683441,20875,5,0,0,27,1,981,27,212630072,0,0,0,20738,83116327336,432966399714
2022-08-27,ZHZ669YD,0,84925472,6,0,435719797,20906,5,0,0,27,1,983,27,84925472,0,0,0,20769,83211128968,434697019730
2022-08-28,ZHZ669YD,0,79742936,6,0,444382354,20938,5,0,0,26,1,984,26,79742936,0,0,0,20800,83323302464,435800367730
2022-08-29,ZHZ669YD,0,213783800,6,0,447454563,20953,5,0,0,26,1,985,26,213783800,0,0,0,20815,83367029704,435890681354
2022-08-30,ZHZ669YD,0,88031456,6,0,454810249,20985,5,0,0,27,1,986,27,88031456,0,0,0,20847,83492422552,436616099082
2022-08-31,ZHZ669YD,0,183028488,6,0,459236183,21000,5,0,0,27,1,987,27,183028488,0,0,0,20862,83543852856,437392088050
2022-09-01,ZHZ669YD,0,239337856,6,0,463623263,21016,5,0,0,27,1,987,27,239337856,0,0,0,20878,83601804328,438122868098
2022-09-02,ZHZ669YD,0,212054664,6,0,471803231,21047,5,0,0,26,1,989,26,212054664,0,0,0,20909,83723273256,439683101210
2022-09-03,ZHZ669YD,0,165815256,6,0,481621495,21078,5,0,0,27,1,990,27,165815256,0,0,0,20940,83833784800,441235335906
2022-09-04,ZHZ669YD,0,209011808,6,0,486508814,21094,5,0,0,27,1,991,27,209011808,0,0,0,20956,83889983776,441954755618
2022-09-05,ZHZ669YD,0,134571304,6,0,493088285,21125,5,0,0,26,1,992,26,134571304,0,0,0,20987,84004030744,442254549954
2022-09-06,ZHZ669YD,0,40764312,6,0,496683558,21141,5,0,0,26,1,992,26,40764312,0,0,0,21003,84069680048,442339234290
2022-09-07,ZHZ669YD,0,141675840,6,0,503255298,21172,5,0,0,27,1,994,27,141675840,0,0,0,21034,84180772840,442817334482
2022-09-08,ZHZ669YD,0,145046896,6,0,507275837,21188,5,0,0,26,1,994,26,145046896,0,0,0,21049,84251357536,443482543090
2022-09-09,ZHZ669YD,0,135803696,6,0,515714935,21219,5,0,0,27,1,996,27,135803696,0,0,0,21080,84361033864,444828468242
2022-09-10,ZHZ669YD,0,59031992,6,0,520763240,21235,5,0,0,27,1,996,27,59031992,0,0,0,21096,84423036128,445422116602
2022-09-11,ZHZ669YD,0,73579288,6,0,529669704,21266,5,0,0,26,1,998,26,73579288,0,0,0,21127,84538395784,447030289386
2022-09-12,ZHZ669YD,0,9990872,6,0,532983320,21282,5,0,0,26,1,998,26,9990872,0,0,0,21143,84605207416,447144030170
2022-09-13,ZHZ669YD,0,85946208,6,0,540244079,21313,5,0,0,26,1,1000,26,85946208,0,0,0,21174,84734408384,447334925338
2022-09-14,ZHZ669YD,0,236607008,6,0,543620573,21329,5,0,0,26,1,1000,26,236607008,0,0,0,21190,84795961312,447424033210
2022-09-15,ZHZ669YD,0,8574496,6,0,550274394,21360,5,0,0,27,1,1002,27,8574496,0,0,0,21221,84913999392,449031088554
2022-09-16,ZHZ669YD,0,147836328,6,0,554294579,21376,5,0,0,26,1,1002,26,147836328,0,0,0,21237,84977765200,449839006506
2022-09-17,ZHZ669YD,0,200200936,6,0,562367017,21407,5,0,0,26,1,1004,26,200200936,0,0,0,21268,85086066048,451736202610
2022-09-18,ZHZ669YD,0,185242568,6,0,566571402,21423,5,0,0,27,1,1004,27,185242568,0,0,0,21283,85153862528,452385869754
2022-09-19,ZHZ669YD,0,13581880,6,0,573645354,21454,5,0,0,26,1,1006,26,13581880,0,0,0,21315,85262644432,453081990106
2022-09-20,ZHZ669YD,0,168301560,6,0,577363766,21470,5,0,0,26,1,1006,26,168301560,0,0,0,21330,85321430792,453177923426
2022-09-21,ZHZ669YD,0,96666768,6,0,584478408,21501,5,0,0,27,1,1008,27,96666768,0,0,0,21361,85430459472,453485541466
2022-09-22,ZHZ669YD,0,29207248,6,0,592468754,21532,5,0,0,27,1,1009,27,29207248,0,0,0,21392,85539476400,455018050402
2022-09-23,ZHZ669YD,0,153645200,6,0,596213769,21548,5,0,0,26,1,1010,26,153645200,0,0,0,21408,85600151208,455814235690
2022-09-24,ZHZ669YD,0,100521680,6,0,605113352,21579,5,0,0,26,1,1011,26,100521680,0,0,0,21439,85697722192,457372526466
2022-09-25,ZHZ669YD,0,122817784,6,0,609274030,21595,5,0,0,26,1,1011,26,122817784,0,0,0,21455,85744465008,457592220490
2022-09-26,ZHZ669YD,0,178842056,6,0,616516016,21626,5,0,0,26,1,1013,26,178842056,0,0,0,21486,85828444448,457808405954
2022-09-27,ZHZ669YD,0,103662128,6,0,620390129,21642,5,0,0,26,1,1013,26,103662128,0,0,0,21501,85871546440,457934264730
2022-09-28,ZHZ669YD,0,179789536,6,0,625584067,21673,5,0,0,26,1,1015,26,179789536,0,0,0,21532,85947108136,458178971090
2022-09-29,ZHZ669YD,0,24071488,6,0,630429817,21704,5,0,0,26,1,1016,26,24071488,0,0,0,21564,86013271528,458445370930
2022-09-30,ZHZ669YD,0,12239760,6,0,633513436,21720,5,0,0,26,1,1017,26,12239760,0,0,0,21579,86045668128,458645283314
2022-10-01,ZHZ669YD,0,203574144,6,0,641285686,21751,5,0,0,26,1,1018,26,203574144,0,0,0,21611,86140148048,458986278450
2022-10-02,ZHZ669YD,0,139409112,6,0,643853256,21767,5,0,0,26,1,1019,26,139409112,0,0,0,21626,86198300184,459108101946
2022-10-03,ZHZ669YD,0,194122136,6,0,650542508,21799,5,0,0,26,1,1020,26,194122136,0,0,0,21658,86311753832,459293502034
2022-10-04,ZHZ669YD,0,137561368,6,0,654128648,21814,5,0,0,26,1,1021,26,137561368,0,0,0,21673,86369771624,459423064106
2022-10-05,ZHZ669YD,0,120895528,6,0,659113015,21846,5,0,0,26,1,1022,26,120895528,0,0,0,21704,86501276744,459763174858
2022-10-06,ZHZ669YD,0,124978880,6,0,661681436,21861,5,0,0,26,1,1023,26,124978880,0,0,0,21720,86551183248,459961492362
2022-10-07,ZHZ669YD,0,32307704,6,0,667962121,21893,5,0,0,26,1,1024,26,32307704,0,0,0,21751,86632418168,460275877946
2022-10-08,ZHZ669YD,0,9319360,6,0,671309595,21908,5,0,0,26,1,1025,26,9319360,0,0,0,21767,86669751424,460459697122
2022-10-09,ZHZ669YD,0,146897248,6,0,675476024,21940,5,0,0,26,1,1026,26,146897248,0,0,0,21798,86750618960,460760548538
2022-10-10,ZHZ669YD,0,30284592,6,0,679633130,21955,5,0,0,26,1,1027,26,30284592,0,0,0,21813,86785767640,460852927834
2022-10-11,ZHZ669YD,0,185062224,6,0,685094530,21987,5,0,0,26,1,1028,26,185062224,0,0,0,21844,86860568488,461177045250
2022-10-12,ZHZ669YD,0,161216528,6,0,687726195,22002,5,0,0,26,1,1028,26,161216528,0,0,0,21860,86897023744,461360884962
2022-10-13,ZHZ669YD,0,43049552,6,0,691877800,22033,5,0,0,25,1,1030,25,43049552,0,0,0,21891,86953216824,461674806170
2022-10-14,ZHZ669YD,0,22941840,6,0,694518606,22049,5,0,0,26,1,1030,26,22941840,0,0,0,21907,86999361640,461852694274
2022-10-15,ZHZ669YD,0,171191264,6,0,702125052,22081,5,0,0,26,1,1032,26,171191264,0,0,0,21938,87060548872,462183897298
2022-10-16,ZHZ669YD,0,90936872,6,0,704627646,22097,5,0,0,26,1,1032,26,90936872,0,0,0,21954,87102565336,462305767122
2022-10-17,ZHZ669YD,0,134531736,6,0,710794143,22128,5,0,0,26,1,1034,26,134531736,0,0,0,21985,87158066336,462538001618
2022-10-18,ZHZ669YD,0,74203120,6,0,713901447,22143,5,0,0,26,1,1034,26,74203120,0,0,0,22001,87187939168,462691941250
2022-10-19,ZHZ669YD,0,5868776,6,0,718037072,22175,5,0,0,26,1,1036,26,5868776,0,0,0,22032,87245327800,463054499546
2022-10-20,ZHZ669YD,0,212121424,6,0,721711010,22190,5,0,0,26,1,1036,26,212121424,0,0,0,22047,87285442240,463220637754
2022-10-21,ZHZ669YD,0,123407600,6,0,729463695,22221,5,0,0,26,1,1037,26,123407600,0,0,0,22079,87344474144,463561173522
2022-10-22,ZHZ669YD,0,179798688,6,0,736777322,22253,5,0,0,26,1,1039,26,179798688,0,0,0,22110,87403258960,464047061418
2022-10-23,ZHZ669YD,0,156997704,6,0,739124049,22268,5,0,0,26,1,1039,26,156997704,0,0,0,22125,87442733056,464228926970
2022-10-24,ZHZ669YD,0,222691056,6,0,746056462,22300,5,0,0,26,1,1041,26,222691056,0,0,0,22156,87503064632,464478429378
2022-10-25,ZHZ669YD,0,153204528,6,0,748449682,22315,5,0,0,25,1,1041,25,153204528,0,0,0,22172,87538079576,464618069410
2022-10-26,ZHZ669YD,0,47020376,6,0,752798395,22347,5,0,0,26,1,1043,26,47020376,0,0,0,22203,87607790720,464930455682
2022-10-27,ZHZ669YD,0,235013568,6,0,755210812,22362,5,0,0,26,1,1043,26,235013568,0,0,0,22219,87649942880,465076296714
2022-10-28,ZHZ669YD,0,70652520,6,0,760347278,22394,5,0,0,26,1,1045,26,70652520,0,0,0,22250,87714600472,465335559650
2022-10-29,ZHZ669YD,0,25384352,6,0,764543123,22410,5,0,0,26,1,1045,26,25384352,0,0,0,22266,87756366904,465492665770
2022-10-30,ZHZ669YD,0,179011864,6,0,769148715,22441,5,0,0,26,1,1047,26,179011864,0,0,0,22297,87815545224,465831255594
2022-10-31,ZHZ669YD,0,89873752,6,0,773104426,22457,5,0,0,26,1,1047,26,89873752,0,0,0,22313,87853402536,465948400802
2022-11-01,ZHZ669YD,0,224915904,6,0,778524007,22488,5,0,0,26,1,1049,26,224915904,0,0,0,22344,87913612264,466267374034
2022-11-02,ZHZ669YD,0,40408192,6,0,781522701,22504,5,0,0,26,1,1049,26,40408192,0,0,0,22359,87969083624,466515676506
2022-11-03,ZHZ669YD,0,118093160,6,0,785997328,22535,5,0,0,26,1,1051,26,118093160,0,0,0,22390,88032066728,466774519026
2022-11-04,ZHZ669YD,0,65766176,6,0,788412429,22551,5,0,0,26,1,1051,26,65766176,0,0,0,22406,88073504400,466924895002
2022-11-05,ZHZ669YD,0,238612248,6,0,796029779,22583,5,0,0,26,1,1053,26,238612248,0,0,0,22438,88156196856,467259189362
2022-11-06,ZHZ669YD,0,198808344,6,0,798549250,22599,5,0,0,26,1,1053,26,198808344,0,0,0,22453,88220077336,467399645714
2022-11-07,ZHZ669YD,0,25458584,6,0,805207699,22631,5,0,0,26,1,1055,26,25458584,0,0,0,22485,88298285480,467636369298
2022-11-08,ZHZ669YD,0,227381560,6,0,807880413,22647,5,0,0,26,1,1055,26,227381560,0,0,0,22501,88331440944,467805136810
2022-11-09,ZHZ669YD,0,118307408,6,0,812103240,22678,5,0,0,26,1,1056,26,118307408,0,0,0,22533,88404553592,468111231610
2022-11-10,ZHZ669YD,0,11622816,6,0,816348008,22710,5,0,0,26,1,1058,26,11622816,0,0,0,22564,88463179192,468434202930
2022-11-11,ZHZ669YD,0,34394488,6,0,819018282,22726,5,0,0,26,1,1058,26,34394488,0,0,0,22580,88497884208,468666410386
2022-11-12,ZHZ669YD,0,87275704,6,0,826271458,22758,5,0,0,26,1,1060,26,87275704,0,0,0,22612,88556989592,468904326890
2022-11-13,ZHZ669YD,0,11773224,6,0,828447153,22774,5,0,0,26,1,1060,26,11773224,0,0,0,22628,88591055416,469038899338
2022-11-14,ZHZ669YD,0,58549976,6,0,835529627,22805,5,0,0,27,1,1062,27,58549976,0,0,0,22659,88649716296,469271156018
2022-11-15,ZHZ669YD,0,103223760,6,0,838118452,22821,5,0,0,26,1,1062,26,103223760,0,0,0,22675,88683456112,469526230786
2022-11-16,ZHZ669YD,0,214773816,6,0,842538329,22853,5,0,0,26,1,1064,26,214773816,0,0,0,22707,88754837872,469810539858
2022-11-17,ZHZ669YD,0,147641352,6,0,845787843,22869,5,0,0,26,1,1064,26,147641352,0,0,0,22722,88824689912,469917695986
2022-11-18,ZHZ669YD,0,163494544,6,0,852258115,22901,5,0,0,26,1,1066,26,163494544,0,0,0,22754,88897531744,470104847978
2022-11-19,ZHZ669YD,0,30024320,6,0,855900679,22917,5,0,0,26,1,1066,26,30024320,0,0,0,22770,88933177296,470179873010
2022-11-20,ZHZ669YD,0,111520632,6,0,860435465,22948,5,0,0,26,1,1068,26,111520632,0,0,0,22802,88995670560,470443016690
2022-11-21,ZHZ669YD,0,195424,6,0,864787976,22964,5,0,0,26,1,1068,26,195424,0,0,0,22818,89036043848,470535458842
2022-11-22,ZHZ669YD,0,72774400,6,0,869360209,22996,5,0,0,26,1,1070,26,72774400,0,0,0,22850,89096632432,470791589866
2022-11-23,ZHZ669YD,0,243670856,6,0,871533141,23012,5,0,0,26,1,1070,26,243670856,0,0,0,22866,89130590864,470928528082
2022-11-24,ZHZ669YD,0,67051144,6,0,875313685,23045,5,0,0,26,1,1072,26,67051144,0,0,0,22898,89186992408,471183788242
2022-11-25,ZHZ669YD,0,78236376,6,0,878420909,23061,5,0,0,26,1,1072,26,78236376,0,0,0,22914,89221577320,471404529394
2022-11-26,ZHZ669YD,0,79375144,6,0,885555284,23093,5,0,0,26,1,1074,26,79375144,0,0,0,22946,89275008776,471840518266
2022-11-27,ZHZ669YD,0,67820936,6,0,887954736,23109,5,0,0,25,1,1074,25,67820936,0,0,0,22962,89315688072,472032425490
2022-11-28,ZHZ669YD,0,157567896,6,0,894995698,23141,5,0,0,26,1,1076,26,157567896,0,0,0,22993,89366968392,472315032762
2022-11-29,ZHZ669YD,0,166318648,6,0,897567022,23157,5,0,0,26,1,1076,26,166318648,0,0,0,23009,89402020192,472532872370
2022-11-30,ZHZ669YD,0,55483640,6,0,901779883,23188,5,0,0,26,1,1078,26,55483640,0,0,0,23041,89466872752,472845466234
2022-12-01,ZHZ669YD,0,235452912,6,0,904002663,23205,5,0,0,26,1,1078,26,235452912,0,0,0,23057,89498983232,472993325026
2022-12-02,ZHZ669YD,0,147204904,6,0,909755064,23236,5,0,0,26,1,1080,26,147204904,0,0,0,23089,89577491048,473314850482
2022-12-03,ZHZ669YD,0,151842488,6,0,913945376,23253,5,0,0,26,1,1080,26,151842488,0,0,0,23105,89628295704,473512824242
2022-12-04,ZHZ669YD,0,113587488,6,0,918852331,23285,5,0,0,26,1,1082,26,113587488,0,0,0,23137,89714864336,473876282946
2022-12-05,ZHZ669YD,0,234379416,6,0,923069162,23301,5,0,0,26,1,1082,26,234379416,0,0,0,23153,89748531456,473963407754
2022-12-06,ZHZ669YD,0,83321728,6,0,927877799,23333,5,0,0,26,1,1084,26,83321728,0,0,0,23185,89817951768,474231211018
2022-12-07,ZHZ669YD,0,68854600,6,0,930425178,23349,5,0,0,26,1,1084,26,68854600,0,0,0,23201,89867405736,474411430554
2022-12-08,ZHZ669YD,0,170703224,6,0,934390513,23381,5,0,0,26,1,1086,26,170703224,0,0,0,23233,89940512624,474684313042
2022-12-09,ZHZ669YD,0,141971184,6,0,937165084,23397,5,0,0,26,1,1086,26,141971184,0,0,0,23249,89976989880,474863244778
2022-12-11,ZHZ669YD,0,48175976,6,0,946304957,23445,5,0,0,26,1,1088,26,48175976,0,0,0,23296,90078990240,475399871458
2022-12-11,ZHZ669YD,0,48175976,6,0,946304957,23445,5,0,0,26,1,1088,26,48175976,0,0,0,23296,90078990240,475399871458
2022-12-12,ZHZ669YD,0,87753320,6,0,953266435,23477,5,0,0,26,1,1090,26,87753320,0,0,0,23328,90137346032,475625233642
2022-12-13,ZHZ669YD,0,66278048,6,0,955575344,23493,5,0,0,26,1,1090,26,66278048,0,0,0,23344,90175086696,475810158338
2022-12-14,ZHZ669YD,0,189045488,6,0,959846663,23525,5,0,0,26,1,1092,26,189045488,0,0,0,23376,90242050096,476110103058
2022-12-15,ZHZ669YD,0,176515144,6,0,966113992,23541,5,0,0,27,1,1092,27,176515144,0,0,0,23392,90281788144,476301975410
2022-12-16,ZHZ669YD,0,75619528,6,0,972523172,23573,5,0,0,26,1,1094,26,75619528,0,0,0,23424,90354211016,476616938266
2022-12-17,ZHZ669YD,0,68750280,6,0,976793897,23589,5,0,0,26,1,1094,26,68750280,0,0,0,23440,90397179144,476811241522
2022-12-18,ZHZ669YD,0,20229304,6,0,981438577,23621,5,0,0,26,1,1096,26,20229304,0,0,0,23472,90491858904,477156322266
2022-12-19,ZHZ669YD,0,150671824,6,0,985768317,23637,5,0,0,26,1,1096,26,150671824,0,0,0,23488,90540156216,477238467474
2022-12-20,ZHZ669YD,0,61168752,6,0,991343517,23669,5,0,0,26,1,1098,26,61168752,0,0,0,23520,90661770496,477515631522
2022-12-21,ZHZ669YD,0,16655680,6,0,993836044,23685,5,0,0,26,1,1098,26,16655680,0,0,0,23536,90715394336,477661635418
2022-12-22,ZHZ669YD,0,199649976,6,0,996193307,23702,5,0,0,26,1,1099,26,199649976,0,0,0,23552,90762612464,477797411586
2022-12-23,ZHZ669YD,0,118757904,6,0,878530,23734,5,0,0,26,1,1100,26,118757904,0,0,0,23584,90837262680,478130150618
2022-12-24,ZHZ669YD,0,100375416,6,0,4851389,23750,5,0,0,26,1,1101,26,100375416,0,0,0,23600,90886245280,478306926162
2022-12-25,ZHZ669YD,0,57305312,6,0,11696747,23782,5,0,0,26,1,1102,26,57305312,0,0,0,23632,90982662168,478655720442
2022-12-26,ZHZ669YD,0,236808456,6,0,15149940,23798,5,0,0,26,1,1103,26,236808456,0,0,0,23648,91025253088,478792632666
2022-12-27,ZHZ669YD,0,74989504,6,0,21993745,23830,5,0,0,25,1,1104,25,74989504,0,0,0,23680,91098813920,479045534514
2022-12-28,ZHZ669YD,0,43394752,6,0,24530206,23846,5,0,0,26,1,1105,26,43394752,0,0,0,23696,91141368232,479215526330
2022-12-29,ZHZ669YD,0,219136936,6,0,28944295,23878,5,0,0,26,1,1106,26,219136936,0,0,0,23728,91217179320,479559598186
2022-12-30,ZHZ669YD,0,183799224,6,0,31563161,23894,5,0,0,26,1,1107,26,183799224,0,0,0,23744,91267041904,479718538530
2022-12-31,ZHZ669YD,0,126331056,6,0,39204554,23926,5,0,0,26,1,1108,26,126331056,0,0,0,23776,91331306104,480085087554
