2022-01-01,ZHZ661CC,0,41918328,2,0,923820973,14854,2,0,0,43,1,1804,43,41918328,0,0,0,14534,73096783936,190861655422
2022-01-02,ZHZ661CC,0,122230408,2,0,929473800,14885,2,0,0,43,1,1805,43,122230408,0,0,0,14565,73193847608,191089044670
2022-01-03,ZHZ661CC,0,138722296,2,0,931429913,14901,2,0,0,42,1,1806,42,138722296,0,0,0,14581,73242861736,191300663086
2022-01-04,ZHZ661CC,0,69060680,2,0,934992158,14932,2,0,0,42,1,1807,42,69060680,0,0,0,14612,73335230312,191626914630
2022-01-05,ZHZ661CC,0,83928280,2,0,937201215,14948,2,0,0,42,1,1808,42,83928280,0,0,0,14628,73378516392,191842636902
2022-01-06,ZHZ661CC,0,193730448,2,0,943884469,14979,2,0,0,44,1,1809,44,193730448,0,0,0,14659,73440058280,192379179782
2022-01-07,ZHZ661CC,0,236424248,2,0,947856755,14995,2,0,0,42,1,1810,42,236424248,0,0,0,14674,73481753760,192624318878
2022-01-08,ZHZ661CC,0,234467968,2,0,951653705,15026,2,0,0,43,1,1811,43,234467968,0,0,0,14705,73550466968,193041930790
2022-01-09,ZHZ661CC,0,150370640,2,0,956909626,15057,2,0,0,43,1,1812,43,150370640,0,0,0,14737,73616288936,193380293702
2022-01-10,ZHZ661CC,0,130986904,2,0,958582870,15073,2,0,0,43,1,1813,43,130986904,0,0,0,14752,73645902784,193575436766
2022-01-11,ZHZ661CC,0,125329552,2,0,962329302,15104,2,0,0,44,1,1814,44,125329552,0,0,0,14783,73713834904,193990128758
2022-01-12,ZHZ661CC,0,16109552,2,0,963951893,15120,2,0,0,46,1,1815,46,16109552,0,0,0,14799,73743609112,194095275366
2022-01-13,ZHZ661CC,0,202265624,2,0,966217924,15136,2,0,0,44,1,1816,44,202265624,0,0,0,14815,73779931880,194245108670
2022-01-14,ZHZ661CC,0,118918992,2,0,971609022,15167,2,0,0,44,1,1817,44,118918992,0,0,0,14846,73848835224,194581140542
2022-01-15,ZHZ661CC,0,89425552,2,0,973750260,15183,2,0,0,44,1,1818,44,89425552,0,0,0,14861,73897719216,194746903742
2022-01-16,ZHZ661CC,0,232833560,2,0,980532253,15214,2,0,0,43,1,1819,43,232833560,0,0,0,14893,73991868960,195040302638
2022-01-17,ZHZ661CC,0,208947832,2,0,982495354,15230,2,0,0,43,1,1820,43,208947832,0,0,0,14908,74035656032,195216770558
2022-01-18,ZHZ661CC,0,109570408,2,0,986086859,15261,2,0,0,42,1,1821,42,109570408,0,0,0,14939,74104922872,195536407774
2022-01-19,ZHZ661CC,0,45134416,2,0,989903383,15292,2,0,0,44,1,1822,44,45134416,0,0,0,14970,74191916944,195873259550
2022-01-20,ZHZ661CC,0,4263976,2,0,993262363,15308,2,0,0,44,1,1823,44,4263976,0,0,0,14986,74226904728,196041542414
2022-01-21,ZHZ661CC,0,190185584,2,0,997646762,15339,2,0,0,42,1,1824,42,190185584,0,0,0,15017,74299743600,196398765934
2022-01-22,ZHZ661CC,0,174691448,2,0,999665707,15355,2,0,0,43,1,1825,43,174691448,0,0,0,15033,74341117576,196586038838
2022-01-23,ZHZ661CC,0,45759712,2,0,5288113,15386,2,0,0,43,1,1826,43,45759712,0,0,0,15064,74401037688,196885468254
2022-01-24,ZHZ661CC,0,200291400,2,0,8858659,15418,2,0,0,43,1,1827,43,200291400,0,0,0,15095,74462052712,197223125550
2022-01-25,ZHZ661CC,0,204618936,2,0,10524814,15433,2,0,0,44,1,1828,44,204618936,0,0,0,15111,74490278160,197443368270
2022-01-26,ZHZ661CC,0,195831272,2,0,12379777,15449,2,0,0,43,1,1829,43,195831272,0,0,0,15127,74524904880,197644094926
2022-01-27,ZHZ661CC,0,223817144,2,0,18129587,15480,2,0,0,44,1,1830,44,223817144,0,0,0,15157,74591620208,198093646838
2022-01-28,ZHZ661CC,0,184294520,2,0,20323007,15496,2,0,0,45,1,1831,45,184294520,0,0,0,15173,74626180056,198263705550
2022-01-29,ZHZ661CC,0,114898984,2,0,23860878,15527,2,0,0,43,1,1832,43,114898984,0,0,0,15204,74682099592,198626672038
2022-01-30,ZHZ661CC,0,41171584,2,0,27685093,15543,2,0,0,42,1,1833,42,41171584,0,0,0,15220,74736116584,198743068326
2022-01-31,ZHZ661CC,0,28916440,2,0,32400622,15574,2,0,0,44,1,1834,44,28916440,0,0,0,15251,74833970520,199121243214
2022-02-01,ZHZ661CC,0,35425992,2,0,34608034,15590,2,0,0,44,1,1835,44,35425992,0,0,0,15267,74877200888,199328663214
2022-02-02,ZHZ661CC,0,185759624,2,0,38351209,15621,2,0,0,43,1,1836,43,185759624,0,0,0,15298,74958933376,199641405062
2022-02-03,ZHZ661CC,0,168820336,2,0,44270752,15653,2,0,0,44,1,1837,44,168820336,0,0,0,15329,75030740720,200040940054
2022-02-04,ZHZ661CC,0,131505416,2,0,46169470,15668,2,0,0,43,1,1838,43,131505416,0,0,0,15344,75075702456,200202804574
2022-02-05,ZHZ661CC,0,52166288,2,0,50212495,15699,2,0,0,43,1,1839,43,52166288,0,0,0,15376,75139857144,200547592016
2022-02-06,ZHZ661CC,0,220635792,2,0,53894361,15715,2,0,0,43,1,1840,43,220635792,0,0,0,15391,75188143072,200667775592
2022-02-07,ZHZ661CC,0,204076840,2,0,57616615,15746,2,0,0,43,1,1841,43,204076840,0,0,0,15423,75251525976,201076115632
2022-02-08,ZHZ661CC,0,196135688,2,0,59615668,15762,2,0,0,43,1,1842,43,196135688,0,0,0,15438,75284684448,201279156640
2022-02-09,ZHZ661CC,0,221321448,2,0,63418402,15793,2,0,0,44,1,1843,44,221321448,0,0,0,15469,75358506792,201718801808
2022-02-10,ZHZ661CC,0,232865840,2,0,65588845,15809,2,0,0,43,1,1844,43,232865840,0,0,0,15485,75398839584,201934155968
2022-02-11,ZHZ661CC,0,206613784,2,0,74091822,15840,2,0,0,46,1,1845,46,206613784,0,0,0,15516,75468965784,202326059168
2022-02-12,ZHZ661CC,0,163448608,2,0,76277780,15856,2,0,0,44,1,1846,44,163448608,0,0,0,15532,75509465184,202486535224
2022-02-13,ZHZ661CC,0,85049568,2,0,82293726,15888,2,0,0,44,1,1847,44,85049568,0,0,0,15563,75586981552,202818901392
2022-02-14,ZHZ661CC,0,148922688,2,0,86392249,15919,2,0,0,44,1,1848,44,148922688,0,0,0,15594,75672679800,203285358056
2022-02-15,ZHZ661CC,0,183397552,2,0,88222786,15934,2,0,0,44,1,1849,44,183397552,0,0,0,15609,75702763328,203533890512
2022-02-16,ZHZ661CC,0,148840288,2,0,92497114,15966,2,0,0,44,1,1850,44,148840288,0,0,0,15641,75791020168,203899358168
2022-02-17,ZHZ661CC,0,198680224,2,0,95987324,15982,2,0,0,44,1,1851,44,198680224,0,0,0,15656,75863946400,204120412880
2022-02-18,ZHZ661CC,0,160779632,2,0,100982745,16013,2,0,0,44,1,1852,44,160779632,0,0,0,15687,75969519512,204465221088
2022-02-19,ZHZ661CC,0,160856568,2,0,103491849,16028,2,0,0,43,1,1853,43,160856568,0,0,0,15703,76010875072,204668083112
2022-02-20,ZHZ661CC,0,5618936,2,0,109856359,16060,2,0,0,44,1,1854,44,5618936,0,0,0,15734,76098622144,204913380112
2022-02-21,ZHZ661CC,0,224834360,2,0,112123830,16075,2,0,0,44,1,1855,44,224834360,0,0,0,15749,76139816944,205091400736
2022-02-22,ZHZ661CC,0,86520296,2,0,116244335,16107,2,0,0,44,1,1856,44,86520296,0,0,0,15780,76208398360,205372786640
2022-02-23,ZHZ661CC,0,66947792,2,0,118718884,16122,2,0,0,44,1,1857,44,66947792,0,0,0,15796,76250311032,205555442112
2022-02-24,ZHZ661CC,0,232449136,2,0,123991759,16153,2,0,0,44,1,1858,44,232449136,0,0,0,15827,76333802152,205881592992
2022-02-25,ZHZ661CC,0,197525760,2,0,126419631,16169,2,0,0,44,1,1859,44,197525760,0,0,0,15842,76385908840,206038704064
2022-02-26,ZHZ661CC,0,116494544,2,0,130836813,16200,2,0,0,43,1,1860,43,116494544,0,0,0,15874,76465663496,206366206248
2022-02-27,ZHZ661CC,0,24879744,2,0,134916658,16216,2,0,0,44,1,1861,44,24879744,0,0,0,15889,76514140304,206470255560
2022-02-28,ZHZ661CC,0,192500144,2,0,139750643,16247,2,0,0,44,1,1862,44,192500144,0,0,0,15920,76577816024,206818341160
2022-03-01,ZHZ661CC,0,58122232,2,0,143779295,16278,2,0,0,44,1,1863,44,58122232,0,0,0,15952,76634457496,207115604008
2022-03-02,ZHZ661CC,0,212701128,2,0,145659449,16294,2,0,0,44,1,1864,44,212701128,0,0,0,15967,76667349056,207237291344
2022-03-03,ZHZ661CC,0,106924192,2,0,150299981,16325,2,0,0,43,1,1865,43,106924192,0,0,0,15998,76726285784,207560859240
2022-03-04,ZHZ661CC,0,51965160,2,0,151972665,16341,2,0,0,44,1,1866,44,51965160,0,0,0,16014,76756904184,207719422440
2022-03-05,ZHZ661CC,0,190276336,2,0,155474672,16372,2,0,0,44,1,1867,44,190276336,0,0,0,16045,76803183976,208055594688
2022-03-06,ZHZ661CC,0,99848360,2,0,159389946,16388,2,0,0,44,1,1868,44,99848360,0,0,0,16060,76834455928,208178035480
2022-03-07,ZHZ661CC,0,12144728,2,0,163607399,16419,2,0,0,44,1,1869,44,12144728,0,0,0,16091,76915933808,208497135432
2022-03-08,ZHZ661CC,0,196825416,2,0,165404591,16434,2,0,0,44,1,1870,44,196825416,0,0,0,16107,76939929272,208657820656
2022-03-09,ZHZ661CC,0,114334280,2,0,168695216,16466,2,0,0,42,1,1871,42,114334280,0,0,0,16138,76984207704,209019332424
2022-03-10,ZHZ661CC,0,85133864,2,0,171286601,16481,2,0,0,44,1,1872,44,85133864,0,0,0,16154,77009253232,209209227112
2022-03-11,ZHZ661CC,0,7571632,2,0,176198647,16513,2,0,0,45,1,1873,45,7571632,0,0,0,16185,77044028640,209585171032
2022-03-12,ZHZ661CC,0,3807576,2,0,178100282,16528,2,0,0,42,1,1874,42,3807576,0,0,0,16200,77069082504,209800494056
2022-03-13,ZHZ661CC,0,162195936,2,0,183670050,16560,2,0,0,42,1,1875,42,162195936,0,0,0,16232,77113914792,210158190760
2022-03-14,ZHZ661CC,0,105438680,2,0,185342688,16575,2,0,0,43,1,1876,43,105438680,0,0,0,16247,77135418504,210324070904
2022-03-15,ZHZ661CC,0,208619632,2,0,188364512,16607,2,0,0,42,1,1877,42,208619632,0,0,0,16278,77171900312,210634910784
2022-03-16,ZHZ661CC,0,150791792,2,0,189982316,16622,2,0,0,43,1,1878,43,150791792,0,0,0,16294,77196574672,210796549248
2022-03-17,ZHZ661CC,0,38927296,2,0,193757490,16653,2,0,0,44,1,1879,44,38927296,0,0,0,16325,77237926128,211131614744
2022-03-18,ZHZ661CC,0,243016216,2,0,195428572,16669,2,0,0,45,1,1880,45,243016216,0,0,0,16340,77264688032,211308941760
2022-03-19,ZHZ661CC,0,158094872,2,0,198839719,16700,2,0,0,44,1,1881,44,158094872,0,0,0,16372,77308085880,211668904288
2022-03-20,ZHZ661CC,0,64821056,2,0,205998921,16732,2,0,0,43,1,1882,43,64821056,0,0,0,16403,77355940168,212016057864
2022-03-21,ZHZ661CC,0,42634048,2,0,209898163,16747,2,0,0,42,1,1883,42,42634048,0,0,0,16418,77381660960,212212290696
2022-03-22,ZHZ661CC,0,173302688,2,0,213557528,16778,2,0,0,42,1,1884,42,173302688,0,0,0,16450,77433441152,212535320192
2022-03-23,ZHZ661CC,0,144581664,2,0,215630106,16794,2,0,0,43,1,1885,43,144581664,0,0,0,16465,77463839944,212720341008
2022-03-24,ZHZ661CC,0,109389992,2,0,221473534,16826,2,0,0,43,1,1886,43,109389992,0,0,0,16496,77519481912,213117788752
2022-03-25,ZHZ661CC,0,59011128,2,0,223592108,16841,2,0,0,44,1,1887,44,59011128,0,0,0,16512,77540815096,213290217448
2022-03-26,ZHZ661CC,0,169508920,2,0,227175407,16873,2,0,0,43,1,1888,43,169508920,0,0,0,16543,77589129648,213596541320
2022-03-27,ZHZ661CC,0,83140536,2,0,231118078,16888,2,0,0,44,1,1889,44,83140536,0,0,0,16559,77622629008,213720814616
2022-03-28,ZHZ661CC,0,31279664,2,0,234685587,16920,2,0,0,44,1,1890,44,31279664,0,0,0,16590,77669831536,214110032552
2022-03-29,ZHZ661CC,0,226629368,2,0,236334238,16935,2,0,0,44,1,1891,44,226629368,0,0,0,16606,77693834344,214281379448
2022-03-30,ZHZ661CC,0,86585472,2,0,239414421,16967,2,0,0,44,1,1892,44,86585472,0,0,0,16637,77739293056,214584158384
2022-03-31,ZHZ661CC,0,57959328,2,0,241393437,16982,2,0,0,44,1,1893,44,57959328,0,0,0,16652,77775357648,214763608280
2022-04-01,ZHZ661CC,0,170576112,2,0,247101109,17014,2,0,0,45,1,1894,45,170576112,0,0,0,16684,77819599568,215076123872
2022-04-02,ZHZ661CC,0,83743008,2,0,248725977,17029,2,0,0,43,1,1895,43,83743008,0,0,0,16699,77847875840,215205155136
2022-04-03,ZHZ661CC,0,185700648,2,0,254400148,17061,2,0,0,43,1,1896,43,185700648,0,0,0,16731,77914495576,215484633672
2022-04-04,ZHZ661CC,0,113526544,2,0,257937607,17092,2,0,0,42,1,1897,42,113526544,0,0,0,16762,77961286056,215853950760
2022-04-05,ZHZ661CC,0,79681152,2,0,259811753,17108,2,0,0,42,1,1898,42,79681152,0,0,0,16777,77987658656,216037873408
2022-04-06,ZHZ661CC,0,41014064,2,0,263309593,17139,2,0,0,43,1,1899,43,41014064,0,0,0,16808,78037026232,216438120224
2022-04-07,ZHZ661CC,0,108138200,2,0,265855711,17154,2,0,0,44,1,1900,44,108138200,0,0,0,16824,78074338744,216712072576
2022-04-08,ZHZ661CC,0,163660984,2,0,271078153,17186,2,0,0,42,1,1901,42,163660984,0,0,0,16855,78146842184,217183373640
2022-04-09,ZHZ661CC,0,124190304,2,0,272820827,17201,2,0,0,44,1,1902,44,124190304,0,0,0,16871,78186965992,217347920632
2022-04-10,ZHZ661CC,0,70675584,2,0,278556881,17233,2,0,0,43,1,1903,43,70675584,0,0,0,16902,78268542008,217701111528
2022-04-11,ZHZ661CC,0,74886288,2,0,280442012,17248,2,0,0,42,1,1904,42,74886288,0,0,0,16917,78313093112,217904916240
2022-04-12,ZHZ661CC,0,217272040,2,0,283469550,17280,2,0,0,42,1,1905,42,217272040,0,0,0,16948,78387392816,218217142960
2022-04-13,ZHZ661CC,0,237499144,2,0,285376064,17295,2,0,0,44,1,1906,44,237499144,0,0,0,16964,78435724872,218433179048
2022-04-14,ZHZ661CC,0,50477776,2,0,290863680,17327,2,0,0,44,1,1907,44,50477776,0,0,0,16995,78505524224,218908781680
2022-04-15,ZHZ661CC,0,35152480,2,0,293596153,17342,2,0,0,43,1,1908,43,35152480,0,0,0,17011,78532822024,219110299440
2022-04-16,ZHZ661CC,0,57897856,2,0,296825738,17374,2,0,0,44,1,1909,44,57897856,0,0,0,17042,78587992152,219566156408
2022-04-17,ZHZ661CC,0,8312912,2,0,300594248,17389,2,0,0,43,1,1910,43,8312912,0,0,0,17058,78615510624,219733193744
2022-04-18,ZHZ661CC,0,31934872,2,0,304262256,17421,2,0,0,42,1,1911,42,31934872,0,0,0,17089,78663484960,220197122856
2022-04-19,ZHZ661CC,0,56398376,2,0,305936315,17436,2,0,0,42,1,1912,42,56398376,0,0,0,17104,78693921128,220435326184
2022-04-20,ZHZ661CC,0,125958592,2,0,309309882,17468,2,0,0,43,1,1913,43,125958592,0,0,0,17136,78745200304,220941888504
2022-04-21,ZHZ661CC,0,148205152,2,0,315044330,17499,2,0,0,44,1,1914,44,148205152,0,0,0,17167,78802359568,221395257432
2022-04-22,ZHZ661CC,0,216087648,2,0,318047381,17515,2,0,0,43,1,1915,43,216087648,0,0,0,17182,78846808968,221662831320
2022-04-23,ZHZ661CC,0,65741976,2,0,321807498,17546,2,0,0,43,1,1916,43,65741976,0,0,0,17213,78903892832,222187824120
2022-04-24,ZHZ661CC,0,219253760,2,0,325700566,17562,2,0,0,43,1,1917,43,219253760,0,0,0,17229,78938532224,222306696512
2022-04-25,ZHZ661CC,0,89606248,2,0,330305332,17593,2,0,0,44,1,1918,44,89606248,0,0,0,17260,78993361256,222854643552
2022-04-26,ZHZ661CC,0,161648384,2,0,334550821,17608,2,0,0,43,1,1919,43,161648384,0,0,0,17276,79023038184,223141149392
2022-04-27,ZHZ661CC,0,68284080,2,0,338821927,17640,2,0,0,43,1,1920,43,68284080,0,0,0,17307,79108821600,223694423936
2022-04-28,ZHZ661CC,0,81872160,2,0,341244297,17655,2,0,0,44,1,1921,44,81872160,0,0,0,17322,79146298664,223914675584
2022-04-29,ZHZ661CC,0,129068824,2,0,347564766,17687,2,0,0,43,1,1922,43,129068824,0,0,0,17353,79208176640,224388275976
2022-04-30,ZHZ661CC,0,161249216,2,0,349555317,17703,2,0,0,43,1,1923,43,161249216,0,0,0,17369,79243623728,224629150064
2022-05-01,ZHZ661CC,0,109265472,2,0,355968354,17734,2,0,0,42,1,1924,42,109265472,0,0,0,17400,79314061936,224995009376
2022-05-02,ZHZ661CC,0,183454816,2,0,358011331,17750,2,0,0,43,1,1925,43,183454816,0,0,0,17416,79358574808,225268826968
2022-05-03,ZHZ661CC,0,21470440,2,0,361621092,17781,2,0,0,42,1,1926,42,21470440,0,0,0,17447,79439455328,225758384440
2022-05-04,ZHZ661CC,0,44721480,2,0,365408193,17813,2,0,0,42,1,1928,42,44721480,0,0,0,17479,79513584336,226195788024
2022-05-05,ZHZ661CC,0,80504584,2,0,368493388,17828,2,0,0,43,1,1928,43,80504584,0,0,0,17495,79551133264,226438162904
2022-05-06,ZHZ661CC,0,55814104,2,0,373788023,17860,2,0,0,42,1,1929,42,55814104,0,0,0,17526,79620580432,226832306744
2022-05-07,ZHZ661CC,0,78927736,2,0,375518107,17875,2,0,0,42,1,1930,42,78927736,0,0,0,17541,79658101400,227062041136
2022-05-08,ZHZ661CC,0,206967674,3,0,381387103,17907,3,0,0,43,2,1932,43,206967674,0,0,0,17573,79728168240,227364155034
2022-05-09,ZHZ661CC,0,159848672,3,0,385171782,17939,3,0,0,43,2,1933,43,159848672,0,0,0,17604,79813521248,227719964514
2022-05-10,ZHZ661CC,0,161593352,3,0,386856333,17954,3,0,0,43,2,1934,43,161593352,0,0,0,17619,79850393424,227928977682
2022-05-11,ZHZ661CC,0,178679736,3,0,390772053,17986,3,0,0,43,2,1935,43,178679736,0,0,0,17651,79954112224,228330626770
2022-05-12,ZHZ661CC,0,144449792,3,0,394526833,18002,3,0,0,44,2,1936,44,144449792,0,0,0,17666,79988777144,228505872578
2022-05-13,ZHZ661CC,0,192123968,3,0,398801694,18033,3,0,0,43,2,1937,43,192123968,0,0,0,17698,80066419904,228964185410
2022-05-14,ZHZ661CC,0,155983272,3,0,400426663,18049,3,0,0,44,2,1938,44,155983272,0,0,0,17713,80094587064,229144018602
2022-05-15,ZHZ661CC,0,28581952,3,0,406314288,18080,3,0,0,44,2,1939,44,28581952,0,0,0,17745,80156574696,229442911002
2022-05-16,ZHZ661CC,0,68630912,3,0,408118829,18096,3,0,0,43,2,1940,43,68630912,0,0,0,17761,80194804376,229688871378
2022-05-17,ZHZ661CC,0,21162776,3,0,411845745,18128,3,0,0,43,2,1941,43,21162776,0,0,0,17792,80274805400,230049683738
2022-05-18,ZHZ661CC,0,38112752,3,0,413650740,18143,3,0,0,43,2,1942,43,38112752,0,0,0,17808,80308495232,230277084514
2022-05-19,ZHZ661CC,0,30276560,3,0,415822105,18159,3,0,0,43,2,1942,43,30276560,0,0,0,17823,80345929128,230475955114
2022-05-20,ZHZ661CC,0,235086664,3,0,422036614,18191,3,0,0,43,2,1944,43,235086664,0,0,0,17855,80414178896,230856656266
2022-05-21,ZHZ661CC,0,186464808,3,0,423960414,18207,3,0,0,43,2,1944,43,186464808,0,0,0,17870,80449238456,231017115490
2022-05-22,ZHZ661CC,0,53990680,3,0,429903746,18238,3,0,0,43,2,1946,43,53990680,0,0,0,17902,80513900608,231308273122
2022-05-23,ZHZ661CC,0,80856,3,0,431645238,18254,3,0,0,45,2,1946,45,80856,0,0,0,17918,80560750704,231451657354
2022-05-24,ZHZ661CC,0,83289984,3,0,435000955,18285,3,0,0,43,2,1948,43,83289984,0,0,0,17949,80631877536,231707880858
2022-05-25,ZHZ661CC,0,49976384,3,0,437448160,18301,3,0,0,43,2,1948,43,49976384,0,0,0,17965,80676399672,231874185874
2022-05-26,ZHZ661CC,0,9421584,3,0,443053916,18332,3,0,0,43,2,1950,43,9421584,0,0,0,17996,80766157728,232232155138
2022-05-27,ZHZ661CC,0,140259056,3,0,447933700,18364,3,0,0,42,2,1951,42,140259056,0,0,0,18027,80834438176,232538853042
2022-05-28,ZHZ661CC,0,141829696,3,0,449954176,18379,3,0,0,42,2,1952,42,141829696,0,0,0,18043,80874412040,232744590450
2022-05-29,ZHZ661CC,0,41868592,3,0,455870086,18411,3,0,0,42,2,1953,42,41868592,0,0,0,18074,80948326640,233058996026
2022-05-30,ZHZ661CC,0,2085992,3,0,457746377,18427,3,0,0,43,2,1953,43,2085992,0,0,0,18090,80985269512,233226411330
2022-05-31,ZHZ661CC,0,159927776,3,0,461434297,18458,3,0,0,42,2,1955,42,159927776,0,0,0,18121,81053000704,233560662650
2022-06-01,ZHZ661CC,0,106696128,3,0,463596319,18474,3,0,0,43,2,1955,43,106696128,0,0,0,18136,81089926016,233714646490
2022-06-02,ZHZ661CC,0,84605416,3,0,470678330,18505,3,0,0,42,2,1957,42,84605416,0,0,0,18167,81166903680,234103859378
2022-06-03,ZHZ661CC,0,241555496,3,0,474686223,18536,3,0,0,42,2,1958,42,241555496,0,0,0,18199,81244056968,234427796938
2022-06-04,ZHZ661CC,0,161265984,3,0,476407013,18552,3,0,0,42,2,1959,42,161265984,0,0,0,18214,81273581904,234562124210
2022-06-05,ZHZ661CC,0,18030280,3,0,483010640,18583,3,0,0,43,2,1960,43,18030280,0,0,0,18245,81352075944,234828675906
2022-06-07,ZHZ661CC,0,180900904,3,0,488817654,18630,3,0,0,43,2,1962,43,180900904,0,0,0,18292,81455396344,235376508282
2022-06-08,ZHZ661CC,0,147969936,3,0,490454049,18646,3,0,0,43,2,1963,43,147969936,0,0,0,18308,81489412184,235553702106
2022-06-09,ZHZ661CC,0,136262376,3,0,496963465,18678,3,0,0,44,2,1964,44,136262376,0,0,0,18339,81562587232,235957101234
2022-06-10,ZHZ661CC,0,113413856,3,0,498757646,18693,3,0,0,43,2,1965,43,113413856,0,0,0,18354,81599623864,236141356714
2022-06-11,ZHZ661CC,0,12820464,3,0,502946552,18725,3,0,0,44,2,1966,44,12820464,0,0,0,18386,81667879776,236460789106
2022-06-12,ZHZ661CC,0,147077816,3,0,506444566,18740,3,0,0,43,2,1967,43,147077816,0,0,0,18401,81702161272,236560764962
2022-06-13,ZHZ661CC,0,21865480,3,0,509635886,18772,3,0,0,43,2,1968,43,21865480,0,0,0,18433,81763482824,236862512730
2022-06-14,ZHZ661CC,0,160374680,3,0,511404163,18788,3,0,0,42,2,1969,42,160374680,0,0,0,18449,81799842688,236964662066
2022-06-15,ZHZ661CC,0,166797280,3,0,514724216,18819,3,0,0,43,2,1970,43,166797280,0,0,0,18480,81875961552,237139106434
2022-06-16,ZHZ661CC,0,161182208,3,0,519692064,18851,3,0,0,42,2,1971,42,161182208,0,0,0,18511,81961803432,237535931130
2022-06-17,ZHZ661CC,0,133381240,3,0,521410100,18866,3,0,0,43,2,1972,43,133381240,0,0,0,18527,81993277920,237720796634
2022-06-18,ZHZ661CC,0,38659672,3,0,526407568,18898,3,0,0,43,2,1973,43,38659672,0,0,0,18558,82067709000,238039925402
2022-06-19,ZHZ661CC,0,188428384,3,0,529258447,18914,3,0,0,41,2,1974,41,188428384,0,0,0,18574,82094608792,238162794322
2022-06-20,ZHZ661CC,0,9554752,3,0,532789704,18945,3,0,0,42,2,1975,42,9554752,0,0,0,18605,82155604496,238411206738
2022-06-21,ZHZ661CC,0,170458704,3,0,534405295,18961,3,0,0,42,2,1976,42,170458704,0,0,0,18621,82191585616,238536129570
2022-06-22,ZHZ661CC,0,184106000,3,0,538441072,18992,3,0,0,44,2,1977,44,184106000,0,0,0,18652,82268295328,238961348842
2022-06-23,ZHZ661CC,0,169195432,3,0,541959711,19008,3,0,0,44,2,1978,44,169195432,0,0,0,18668,82302147952,239156726282
2022-06-24,ZHZ661CC,0,237315448,3,0,546934377,19039,3,0,0,43,2,1979,43,237315448,0,0,0,18699,82380985448,239390149434
2022-06-25,ZHZ661CC,0,242009984,3,0,548752242,19055,3,0,0,42,2,1980,42,242009984,0,0,0,18715,82415091632,239604878466
2022-06-26,ZHZ661CC,0,102247584,3,0,554985992,19086,3,0,0,43,2,1981,43,102247584,0,0,0,18746,82498442552,239870046826
2022-06-27,ZHZ661CC,0,26435128,3,0,556780724,19102,3,0,0,42,2,1982,42,26435128,0,0,0,18761,82536978688,239999838866
2022-06-28,ZHZ661CC,0,98870024,3,0,560676090,19133,3,0,0,44,2,1983,44,98870024,0,0,0,18793,82635375688,240218017714
2022-06-29,ZHZ661CC,0,25854080,3,0,562564851,19149,3,0,0,43,2,1984,43,25854080,0,0,0,18808,82675524360,240348993730
2022-06-30,ZHZ661CC,0,195115800,3,0,568707696,19180,3,0,0,44,2,1985,44,195115800,0,0,0,18839,82749931072,240687989370
2022-07-01,ZHZ661CC,0,150980504,3,0,571200432,19196,3,0,0,43,2,1986,43,150980504,0,0,0,18855,82801923584,240836002346
2022-07-02,ZHZ661CC,0,136199512,3,0,575473821,19227,3,0,0,45,2,1987,45,136199512,0,0,0,18886,82883066080,241228360442
2022-07-03,ZHZ661CC,0,16343824,3,0,581749001,19259,3,0,0,44,2,1988,44,16343824,0,0,0,18918,82965971056,241513881218
2022-07-04,ZHZ661CC,0,189111448,3,0,583510453,19275,3,0,0,44,2,1989,44,189111448,0,0,0,18933,82999132936,241653486962
2022-07-05,ZHZ661CC,0,32479976,3,0,587434304,19306,3,0,0,44,2,1990,44,32479976,0,0,0,18964,83073865472,241910404522
2022-07-06,ZHZ661CC,0,49769032,3,0,589378241,19322,3,0,0,45,2,1991,45,49769032,0,0,0,18980,83110012288,242135687618
2022-07-07,ZHZ661CC,0,89627816,3,0,594386195,19353,3,0,0,44,2,1992,44,89627816,0,0,0,19011,83193573624,242580266546
2022-07-08,ZHZ661CC,0,33504600,3,0,596225138,19369,3,0,0,43,2,1993,43,33504600,0,0,0,19027,83223155336,242738702338
2022-07-09,ZHZ661CC,0,112152544,3,0,600979615,19400,3,0,0,45,2,1994,45,112152544,0,0,0,19058,83289340784,242995305474
2022-07-10,ZHZ661CC,0,232437488,3,0,604550728,19416,3,0,0,43,2,1995,43,232437488,0,0,0,19073,83324024688,243080906514
2022-07-11,ZHZ661CC,0,188707376,3,0,608709244,19447,3,0,0,46,2,1996,46,188707376,0,0,0,19105,83396948632,243452533826
2022-07-12,ZHZ661CC,0,226561432,3,0,611997677,19463,3,0,0,46,2,1997,46,226561432,0,0,0,19120,83450191824,243681285418
2022-07-13,ZHZ661CC,0,24389704,3,0,616402018,19479,3,0,0,45,2,1998,45,24389704,0,0,0,19136,83509144120,243908442842
2022-07-14,ZHZ661CC,0,179410680,3,0,623617398,19510,3,0,0,43,2,1999,43,179410680,0,0,0,19167,83586481592,244230266978
2022-07-15,ZHZ661CC,0,91372560,3,0,627349546,19526,3,0,0,43,2,1999,43,91372560,0,0,0,19183,83627931256,244344919826
2022-07-16,ZHZ661CC,0,65468536,3,0,631046683,19557,3,0,0,42,2,2001,42,65468536,0,0,0,19214,83694749728,244496337970
2022-07-17,ZHZ661CC,0,103436592,3,0,637428976,19588,3,0,0,45,2,2002,45,103436592,0,0,0,19245,83768237920,244704959386
2022-07-18,ZHZ661CC,0,48129376,3,0,639181037,19604,3,0,0,43,2,2003,43,48129376,0,0,0,19261,83795078440,244866952282
2022-07-19,ZHZ661CC,0,242543784,3,0,642837055,19636,3,0,0,45,2,2004,45,242543784,0,0,0,19292,83879543248,245221042770
2022-07-20,ZHZ661CC,0,26530864,3,0,645004175,19651,3,0,0,42,2,2005,42,26530864,0,0,0,19308,83926168552,245446685994
2022-07-21,ZHZ661CC,0,4365792,3,0,650732967,19682,3,0,0,43,2,2006,43,4365792,0,0,0,19339,83983668072,245855302666
2022-07-22,ZHZ661CC,0,214449768,3,0,653814577,19698,3,0,0,43,2,2007,43,214449768,0,0,0,19354,84022972472,246026082242
2022-07-23,ZHZ661CC,0,1009360,3,0,657672204,19730,3,0,0,43,2,2008,43,1009360,0,0,0,19386,84078315384,246489721922
2022-07-24,ZHZ661CC,0,136188960,3,0,661716846,19745,3,0,0,43,2,2009,43,136188960,0,0,0,19401,84112852952,246590363954
2022-07-25,ZHZ661CC,0,88613528,3,0,665771017,19777,3,0,0,43,2,2010,43,88613528,0,0,0,19433,84169391728,246974531498
2022-07-26,ZHZ661CC,0,92270176,3,0,667899956,19792,3,0,0,43,2,2011,43,92270176,0,0,0,19448,84211902392,247179818610
2022-07-27,ZHZ661CC,0,189803616,3,0,671485281,19824,3,0,0,43,2,2012,43,189803616,0,0,0,19479,84276753376,247456641986
2022-07-28,ZHZ661CC,0,166481088,3,0,677929626,19855,3,0,0,44,2,2013,44,166481088,0,0,0,19511,84345587144,247852767106
2022-07-29,ZHZ661CC,0,146373384,3,0,680119015,19871,3,0,0,44,2,2014,44,146373384,0,0,0,19526,84370425608,248051961594
2022-07-30,ZHZ661CC,0,102685104,3,0,684614712,19902,3,0,0,44,2,2015,44,102685104,0,0,0,19558,84423890872,248443089482
2022-07-31,ZHZ661CC,0,239132744,3,0,688306459,19918,3,0,0,43,2,2016,43,239132744,0,0,0,19573,84459318240,248544109754
2022-08-01,ZHZ661CC,0,182907592,3,0,691944536,19949,3,0,0,44,2,2017,44,182907592,0,0,0,19605,84516370192,248919114410
2022-08-02,ZHZ661CC,0,187168336,3,0,693910109,19965,3,0,0,43,2,2018,43,187168336,0,0,0,19620,84554949512,249128936514
2022-08-03,ZHZ661CC,0,148450928,3,0,697939179,19996,3,0,0,44,2,2019,44,148450928,0,0,0,19651,84619436224,249514013874
2022-08-04,ZHZ661CC,0,160155104,3,0,700403387,20012,3,0,0,44,2,2020,44,160155104,0,0,0,19667,84652558208,249736736698
2022-08-05,ZHZ661CC,0,149623008,3,0,707144668,20043,3,0,0,44,2,2021,44,149623008,0,0,0,19698,84709750064,250157294010
2022-08-06,ZHZ661CC,0,105256800,3,0,709113737,20059,3,0,0,43,2,2022,43,105256800,0,0,0,19714,84734938456,250331880050
2022-08-07,ZHZ661CC,0,166388240,3,0,715234518,20090,3,0,0,43,2,2023,43,166388240,0,0,0,19745,84806041816,250566048850
2022-08-08,ZHZ661CC,0,137451464,3,0,718133063,20106,3,0,0,43,2,2024,43,137451464,0,0,0,19760,84849497704,250737796818
2022-08-09,ZHZ661CC,0,88599224,3,0,721891870,20137,3,0,0,44,2,2025,44,88599224,0,0,0,19792,84913815136,251112909322
2022-08-10,ZHZ661CC,0,115806456,3,0,724173300,20153,3,0,0,44,2,2026,44,115806456,0,0,0,19807,84959267400,251338804922
2022-08-11,ZHZ661CC,0,241088248,3,0,729826165,20184,3,0,0,44,2,2027,44,241088248,0,0,0,19838,85020706504,251890929362
2022-08-12,ZHZ661CC,0,35830536,3,0,733595264,20200,3,0,0,43,2,2028,43,35830536,0,0,0,19854,85067231928,252127427666
2022-08-13,ZHZ661CC,0,4411224,3,0,737613840,20231,3,0,0,42,2,2029,42,4411224,0,0,0,19885,85144182136,252507339618
2022-08-14,ZHZ661CC,0,172846152,3,0,741082455,20247,3,0,0,43,2,2030,43,172846152,0,0,0,19901,85193805544,252626151138
2022-08-15,ZHZ661CC,0,43641064,3,0,746072273,20279,3,0,0,44,2,2032,44,43641064,0,0,0,19932,85270910400,252908122828
2022-08-16,ZHZ661CC,0,28018448,3,0,750575980,20310,3,0,0,45,2,2034,45,28018448,0,0,0,19964,85360450080,253291241852
2022-08-17,ZHZ661CC,0,2627008,3,0,752726680,20326,3,0,0,45,2,2034,45,2627008,0,0,0,19979,85405514160,253464926964
2022-08-18,ZHZ661CC,0,1100896,3,0,755082070,20341,3,0,0,46,2,2035,46,1100896,0,0,0,19995,85456447168,253656608484
2022-08-19,ZHZ661CC,0,216599640,3,0,762019366,20373,3,0,0,45,2,2036,45,216599640,0,0,0,20026,85537125824,254035569372
2022-08-20,ZHZ661CC,0,186305136,3,0,764253642,20389,3,0,0,45,2,2037,45,186305136,0,0,0,20042,85585142240,254201399188
2022-08-21,ZHZ661CC,0,56677440,3,0,770216379,20420,3,0,0,44,2,2038,44,56677440,0,0,0,20073,85661400896,254483794324
2022-08-22,ZHZ661CC,0,1453448,3,0,775002650,20452,3,0,0,45,2,2039,45,1453448,0,0,0,20104,85739812624,254838439876
2022-08-23,ZHZ661CC,0,220798072,3,0,777109304,20467,3,0,0,44,2,2040,44,220798072,0,0,0,20120,85777127784,255020469340
2022-08-24,ZHZ661CC,0,100118752,3,0,781019222,20499,3,0,0,46,2,2041,46,100118752,0,0,0,20151,85856865672,255308333396
2022-08-25,ZHZ661CC,0,107875688,3,0,783903054,20514,3,0,0,45,2,2042,45,107875688,0,0,0,20167,85916864768,255500232068
2022-08-26,ZHZ661CC,0,125970936,3,0,791118556,20546,3,0,0,45,2,2043,45,125970936,0,0,0,20198,86002810944,255920662644
2022-08-27,ZHZ661CC,0,78666208,3,0,793523121,20562,3,0,0,44,2,2044,44,78666208,0,0,0,20214,86060139816,256060169724
2022-08-28,ZHZ661CC,0,201485120,3,0,801571218,20593,3,0,0,45,2,2045,45,201485120,0,0,0,20245,86159148592,256328120572
2022-08-29,ZHZ661CC,0,168459896,3,0,805944923,20609,3,0,0,45,2,2046,45,168459896,0,0,0,20261,86222105272,256476279300
2022-08-30,ZHZ661CC,0,75355928,3,0,809996570,20640,3,0,0,45,2,2047,45,75355928,0,0,0,20292,86311148312,256782414260
2022-08-31,ZHZ661CC,0,90418264,3,0,812472699,20656,3,0,0,45,2,2048,45,90418264,0,0,0,20308,86361814040,256990951612
2022-09-01,ZHZ661CC,0,131428264,3,0,818208207,20687,3,0,0,45,2,2049,45,131428264,0,0,0,20339,86460456632,257421600612
2022-09-02,ZHZ661CC,0,165356264,3,0,822321037,20703,3,0,0,45,2,2050,45,165356264,0,0,0,20355,86543626704,257616499188
2022-09-03,ZHZ661CC,0,83511088,3,0,826799752,20734,3,0,0,44,2,2051,44,83511088,0,0,0,20386,86629923328,257936639012
2022-09-04,ZHZ661CC,0,4411120,3,0,830134600,20750,3,0,0,45,2,2052,45,4411120,0,0,0,20402,86673567312,258058035692
2022-09-05,ZHZ661CC,0,194912416,3,0,835964649,20782,3,0,0,44,2,2053,44,194912416,0,0,0,20433,86761766424,258404478668
2022-09-06,ZHZ661CC,0,154811680,3,0,838175882,20797,3,0,0,44,2,2054,44,154811680,0,0,0,20449,86809216640,258561068428
2022-09-07,ZHZ661CC,0,54496528,3,0,842274415,20829,3,0,0,49,2,2055,49,54496528,0,0,0,20480,86891642480,258866608804
2022-09-08,ZHZ661CC,0,24357608,3,0,847256211,20860,3,0,0,45,2,2056,45,24357608,0,0,0,20512,86995958328,259220435516
2022-09-09,ZHZ661CC,0,34680456,3,0,850056203,20876,3,0,0,45,2,2057,45,34680456,0,0,0,20527,87046765520,259424092004
2022-09-10,ZHZ661CC,0,215694720,3,0,854959789,20908,3,0,0,45,2,2058,45,215694720,0,0,0,20559,87118277080,259777735668
2022-09-11,ZHZ661CC,0,120290208,3,0,858943963,20923,3,0,0,44,2,2059,44,120290208,0,0,0,20574,87154082032,259890666836
2022-09-12,ZHZ661CC,0,25827088,3,0,864020371,20955,3,0,0,45,2,2060,45,25827088,0,0,0,20606,87214077880,260224489364
2022-09-13,ZHZ661CC,0,169647672,3,0,868233536,20986,3,0,0,45,2,2062,45,169647672,0,0,0,20637,87288583488,260537944972
2022-09-14,ZHZ661CC,0,105954648,3,0,869996700,21002,3,0,0,45,2,2062,45,105954648,0,0,0,20652,87318749000,260688227068
2022-09-15,ZHZ661CC,0,58556296,3,0,874935438,21033,3,0,0,44,2,2064,44,58556296,0,0,0,20684,87392437352,261055421828
2022-09-16,ZHZ661CC,0,224147688,3,0,876734349,21049,3,0,0,45,2,2064,45,224147688,0,0,0,20699,87422006296,261191444276
2022-09-17,ZHZ661CC,0,145732208,3,0,881785586,21081,3,0,0,45,2,2066,45,145732208,0,0,0,20731,87502630392,261520686412
2022-09-18,ZHZ661CC,0,32171456,3,0,885680994,21096,3,0,0,44,2,2066,44,32171456,0,0,0,20746,87534651696,261619244988
2022-09-19,ZHZ661CC,0,193714480,3,0,889711276,21128,3,0,0,44,2,2068,44,193714480,0,0,0,20777,87601977072,261957603508
2022-09-20,ZHZ661CC,0,138536984,3,0,891616996,21143,3,0,0,44,2,2068,44,138536984,0,0,0,20793,87634076296,262114467420
2022-09-21,ZHZ661CC,0,76164936,3,0,895821092,21175,3,0,0,46,2,2070,46,76164936,0,0,0,20824,87699434288,262475019396
2022-09-22,ZHZ661CC,0,69433912,3,0,899197605,21191,3,0,0,45,2,2070,45,69433912,0,0,0,20840,87729715952,262682147404
2022-09-23,ZHZ661CC,0,19075128,3,0,905209525,21222,3,0,0,46,2,2072,46,19075128,0,0,0,20871,87782750464,263067035372
2022-09-24,ZHZ661CC,0,24520344,3,0,907336917,21238,3,0,0,44,2,2072,44,24520344,0,0,0,20887,87811085944,263288285740
2022-09-25,ZHZ661CC,0,118669560,3,0,914044856,21269,3,0,0,48,2,2074,48,118669560,0,0,0,20918,87871921336,263565740564
2022-09-26,ZHZ661CC,0,119139344,3,0,916136811,21285,3,0,0,47,2,2074,47,119139344,0,0,0,20934,87906092776,263776179636
2022-09-27,ZHZ661CC,0,90991680,3,0,920203338,21316,3,0,0,45,2,2075,45,90991680,0,0,0,20965,87968129416,264174276700
2022-09-28,ZHZ661CC,0,64958664,3,0,922223916,21332,3,0,0,45,2,2076,45,64958664,0,0,0,20981,87998276704,264362237148
2022-09-29,ZHZ661CC,0,25667648,3,0,928400683,21364,3,0,0,46,2,2077,46,25667648,0,0,0,21012,88046932712,264762571484
2022-09-30,ZHZ661CC,0,57353472,3,0,931602616,21379,3,0,0,44,2,2078,44,57353472,0,0,0,21028,88081521432,265003809276
2022-10-01,ZHZ661CC,0,230660272,3,0,935736834,21411,3,0,0,45,2,2079,45,230660272,0,0,0,21059,88139018976,265363759236
2022-10-02,ZHZ661CC,0,132665584,3,0,939598524,21427,3,0,0,44,2,2080,44,132665584,0,0,0,21075,88174317952,265474606244
2022-10-03,ZHZ661CC,0,243538312,3,0,943930328,21458,3,0,0,45,2,2081,45,243538312,0,0,0,21107,88225343920,265778593732
2022-10-04,ZHZ661CC,0,11051928,3,0,946036015,21474,3,0,0,44,2,2082,44,11051928,0,0,0,21122,88254325656,266005407244
2022-10-05,ZHZ661CC,0,200983344,3,0,950033124,21506,3,0,0,45,2,2083,45,200983344,0,0,0,21154,88312245912,266381559060
2022-10-06,ZHZ661CC,0,210323176,3,0,952492223,21521,3,0,0,44,2,2084,44,210323176,0,0,0,21170,88341408840,266605876596
2022-10-07,ZHZ661CC,0,109616104,3,0,956521261,21553,3,0,0,45,2,2085,45,109616104,0,0,0,21201,88395451720,266939408140
2022-10-08,ZHZ661CC,0,88956096,3,0,959275218,21569,3,0,0,44,2,2086,44,88956096,0,0,0,21216,88426122912,267132217652
2022-10-09,ZHZ661CC,0,133822120,3,0,965671939,21600,3,0,0,46,2,2087,46,133822120,0,0,0,21248,88472931104,267374416644
2022-10-10,ZHZ661CC,0,77000928,3,0,967704374,21616,3,0,0,45,2,2088,45,77000928,0,0,0,21264,88496143448,267538523740
2022-10-11,ZHZ661CC,0,201359272,3,0,971298163,21647,3,0,0,46,2,2089,46,201359272,0,0,0,21295,88536327600,267866838716
2022-10-12,ZHZ661CC,0,166648720,3,0,973378080,21663,3,0,0,46,2,2090,46,166648720,0,0,0,21311,88565124640,268047471756
2022-10-13,ZHZ661CC,0,90309664,3,0,978483609,21695,3,0,0,47,2,2091,47,90309664,0,0,0,21342,88619478736,268405060156
2022-10-14,ZHZ661CC,0,82273776,3,0,982459089,21711,3,0,0,45,2,2092,45,82273776,0,0,0,21358,88653132272,268607511476
2022-10-15,ZHZ661CC,0,14108512,3,0,986334087,21742,3,0,0,46,2,2093,46,14108512,0,0,0,21389,88709859576,268970900300
2022-10-16,ZHZ661CC,0,176306856,3,0,989780049,21758,3,0,0,45,2,2094,45,176306856,0,0,0,21405,88735111928,269107846292
2022-10-17,ZHZ661CC,0,117529664,3,0,997108173,21789,3,0,0,46,2,2095,46,117529664,0,0,0,21436,88783566768,269488895524
2022-10-18,ZHZ661CC,0,97992456,3,0,779444,21805,3,0,0,45,2,2096,45,97992456,0,0,0,21451,88805436152,269691629740
2022-10-19,ZHZ661CC,0,30790864,3,0,4751398,21837,3,0,0,44,2,2097,44,30790864,0,0,0,21483,88848569416,270069576236
2022-10-20,ZHZ661CC,0,211901072,3,0,6719003,21852,3,0,0,44,2,2098,44,211901072,0,0,0,21499,88880496160,270218759700
2022-10-21,ZHZ661CC,0,238225096,3,0,14168639,21884,3,0,0,44,2,2099,44,238225096,0,0,0,21530,88938867968,270674993436
2022-10-22,ZHZ661CC,0,216411024,3,0,18611545,21915,3,0,0,45,2,2100,45,216411024,0,0,0,21562,89001346752,271078982076
2022-10-23,ZHZ661CC,0,108558336,3,0,22416947,21931,3,0,0,46,2,2101,46,108558336,0,0,0,21577,89048053040,271168564276
2022-10-24,ZHZ661CC,0,235829400,3,0,27065555,21963,3,0,0,46,2,2102,46,235829400,0,0,0,21609,89095945928,271492083084
2022-10-25,ZHZ661CC,0,183179736,3,0,29130367,21978,3,0,0,45,2,2103,45,183179736,0,0,0,21624,89119169304,271660350708
2022-10-26,ZHZ661CC,0,35659296,3,0,32877462,22010,3,0,0,47,2,2104,47,35659296,0,0,0,21656,89173750456,271946530620
2022-10-27,ZHZ661CC,0,39060560,3,0,35805776,22026,3,0,0,46,2,2105,46,39060560,0,0,0,21671,89218389136,272149433836
2022-10-28,ZHZ661CC,0,197120856,3,0,42430273,22057,3,0,0,47,2,2106,47,197120856,0,0,0,21703,89274571248,272495452852
2022-10-29,ZHZ661CC,0,148467528,3,0,44589527,22073,3,0,0,46,2,2107,46,148467528,0,0,0,21719,89309308208,272656203196
2022-10-30,ZHZ661CC,0,189751880,3,0,50823748,22105,3,0,0,46,2,2108,46,189751880,0,0,0,21750,89354343336,272896593052
2022-10-31,ZHZ661CC,0,126604968,3,0,52774278,22120,3,0,0,46,2,2109,46,126604968,0,0,0,21766,89379945072,273051985076
2022-11-01,ZHZ661CC,0,6090800,3,0,56119183,22152,3,0,0,46,2,2110,46,6090800,0,0,0,21797,89420672960,273379024532
2022-11-02,ZHZ661CC,0,208589184,3,0,58265079,22168,3,0,0,46,2,2111,46,208589184,0,0,0,21813,89456566048,273545629828
2022-11-03,ZHZ661CC,0,88044184,3,0,63201715,22199,3,0,0,46,2,2112,46,88044184,0,0,0,21844,89516990896,273852941308
2022-11-04,ZHZ661CC,0,81254096,3,0,67164910,22214,3,0,0,45,2,2113,45,81254096,0,0,0,21859,89552274416,274055008412
2022-11-05,ZHZ661CC,0,210903688,3,0,70833333,22246,3,0,0,45,2,2114,45,210903688,0,0,0,21890,89613275768,274367797380
2022-11-06,ZHZ661CC,0,126564320,3,0,74062348,22261,3,0,0,46,2,2115,46,126564320,0,0,0,21906,89650432768,274490441644
2022-11-07,ZHZ661CC,0,239816840,3,0,79065714,22292,3,0,0,46,2,2116,46,239816840,0,0,0,21937,89704557744,274793709828
2022-11-08,ZHZ661CC,0,195778968,3,0,82385753,22323,3,0,0,46,2,2117,46,195778968,0,0,0,21968,89763316984,275179194556
2022-11-09,ZHZ661CC,0,165849744,3,0,84269112,22339,3,0,0,45,2,2118,45,165849744,0,0,0,21983,89797136104,275359586868
2022-11-10,ZHZ661CC,0,98588512,3,0,90181165,22370,3,0,0,46,2,2120,46,98588512,0,0,0,22014,89854079360,275723663940
2022-11-11,ZHZ661CC,0,101620904,3,0,93501892,22386,3,0,0,45,2,2120,45,101620904,0,0,0,22030,89888968440,275935948060
2022-11-12,ZHZ661CC,0,172467112,3,0,96740000,22417,3,0,0,45,2,2122,45,172467112,0,0,0,22061,89947119376,276192784124
2022-11-13,ZHZ661CC,0,80751912,3,0,100443899,22433,3,0,0,46,2,2122,46,80751912,0,0,0,22077,89979069688,276313259244
2022-11-14,ZHZ661CC,0,224483944,3,0,104895440,22464,3,0,0,46,2,2124,46,224483944,0,0,0,22107,90039116288,276641085308
2022-11-15,ZHZ661CC,0,218411400,3,0,106606906,22480,3,0,0,45,2,2124,45,218411400,0,0,0,22123,90066411664,276851858268
2022-11-16,ZHZ661CC,0,219566432,3,0,109914120,22511,3,0,0,46,2,2125,46,219566432,0,0,0,22154,90110959048,277296756100
2022-11-17,ZHZ661CC,0,153675112,3,0,112762204,22526,3,0,0,45,2,2126,45,153675112,0,0,0,22170,90133674960,277452289548
2022-11-18,ZHZ661CC,0,218673416,3,0,122615539,22558,3,0,0,45,2,2127,45,218673416,0,0,0,22200,90171311872,277723791572
2022-11-19,ZHZ661CC,0,41155008,3,0,131966093,22589,3,0,0,47,2,2129,47,41155008,0,0,0,22231,90223391000,277982475300
2022-11-20,ZHZ661CC,0,167924400,3,0,135879844,22604,3,0,0,46,2,2129,46,167924400,0,0,0,22247,90250570648,278082065044
2022-11-21,ZHZ661CC,0,61263648,3,0,139097074,22635,3,0,0,46,2,2131,46,61263648,0,0,0,22278,90308432304,278405824340
2022-11-22,ZHZ661CC,0,65709544,3,0,140780587,22651,3,0,0,45,2,2131,45,65709544,0,0,0,22293,90333105856,278629737316
2022-11-23,ZHZ661CC,0,96150112,3,0,143861935,22682,3,0,0,45,2,2133,45,96150112,0,0,0,22324,90387373720,279094191492
2022-11-24,ZHZ661CC,0,136590816,3,0,146311316,22698,3,0,0,46,2,2133,46,136590816,0,0,0,22340,90416309560,279349836988
2022-11-25,ZHZ661CC,0,239435936,3,0,152490197,22729,3,0,0,45,2,2134,45,239435936,0,0,0,22371,90454537208,279902735884
2022-11-26,ZHZ661CC,0,112347368,3,0,156712793,22744,3,0,0,46,2,2135,46,112347368,0,0,0,22386,90496032104,280222433780
2022-11-27,ZHZ661CC,0,9384640,3,0,163803500,22776,3,0,0,44,2,2136,44,9384640,0,0,0,22417,90550688536,280553098148
2022-11-28,ZHZ661CC,0,234377352,3,0,165829630,22791,3,0,0,43,2,2137,43,234377352,0,0,0,22433,90584369856,280744409540
2022-11-29,ZHZ661CC,0,52755776,3,0,169293383,22822,3,0,0,44,2,2138,44,52755776,0,0,0,22464,90641234048,281238345820
2022-11-30,ZHZ661CC,0,75624480,3,0,173327759,22854,3,0,0,45,2,2140,45,75624480,0,0,0,22494,90721831856,281668898556
2022-12-01,ZHZ661CC,0,114285656,3,0,176946331,22869,3,0,0,47,2,2140,47,114285656,0,0,0,22510,90767375992,281906156228
2022-12-02,ZHZ661CC,0,164934248,3,0,185271450,22900,3,0,0,47,2,2142,47,164934248,0,0,0,22541,90856633408,282355828796
2022-12-03,ZHZ661CC,0,187409888,3,0,187639964,22916,3,0,0,46,2,2142,46,187409888,0,0,0,22556,90893827520,282585251068
2022-12-04,ZHZ661CC,0,13589424,3,0,193949859,22947,3,0,0,46,2,2144,46,13589424,0,0,0,22587,90937977544,282855562012
2022-12-05,ZHZ661CC,0,62286816,3,0,195901393,22962,3,0,0,45,2,2144,45,62286816,0,0,0,22603,90966518960,283119858668
2022-12-06,ZHZ661CC,0,40185560,3,0,199000869,22994,3,0,0,44,2,2145,44,40185560,0,0,0,22634,91015052496,283537512748
2022-12-07,ZHZ661CC,0,61668776,3,0,201011539,23009,3,0,0,45,2,2146,45,61668776,0,0,0,22649,91064445888,283753743340
2022-12-08,ZHZ661CC,0,38187952,3,0,206423167,23040,3,0,0,45,2,2147,45,38187952,0,0,0,22680,91149242824,284133747420
2022-12-09,ZHZ661CC,0,73326576,3,0,210279769,23056,3,0,0,46,2,2148,46,73326576,0,0,0,22696,91186070000,284376199572
2022-12-11,ZHZ661CC,0,203689576,3,0,217572527,23103,3,0,0,46,2,2150,46,203689576,0,0,0,22742,91284546792,284896367380
2022-12-11,ZHZ661CC,0,203689576,3,0,217572527,23103,3,0,0,46,2,2150,46,203689576,0,0,0,22742,91284546792,284896367380
2022-12-12,ZHZ661CC,0,115320040,3,0,222143509,23134,3,0,0,46,2,2151,46,115320040,0,0,0,22773,91336871048,285243954852
2022-12-13,ZHZ661CC,0,210614000,3,0,225321687,23166,3,0,0,45,2,2153,45,210614000,0,0,0,22804,91380009464,285540251164
2022-12-14,ZHZ661CC,0,200295512,3,0,227015601,23181,3,0,0,44,2,2153,44,200295512,0,0,0,22820,91408809472,285745273340
2022-12-15,ZHZ661CC,0,147768448,3,0,233125819,23213,3,0,0,47,2,2155,47,147768448,0,0,0,22851,91462016672,286127820628
2022-12-16,ZHZ661CC,0,154211768,3,0,235997056,23229,3,0,0,46,2,2155,46,154211768,0,0,0,22867,91488855888,286351565420
2022-12-17,ZHZ661CC,0,95828072,3,0,239704337,23260,3,0,0,47,2,2157,47,95828072,0,0,0,22899,91543584160,286726734716
2022-12-18,ZHZ661CC,0,208053208,3,0,243785452,23276,3,0,0,47,2,2157,47,208053208,0,0,0,22915,91576539088,286806004924
2022-12-19,ZHZ661CC,0,100227728,3,0,247444395,23308,3,0,0,45,2,2158,45,100227728,0,0,0,22946,91621625376,287141374820
2022-12-20,ZHZ661CC,0,75019368,3,0,249516992,23323,3,0,0,45,2,2159,45,75019368,0,0,0,22962,91651476184,287330456284
2022-12-21,ZHZ661CC,0,218917616,3,0,253168263,23355,3,0,0,46,2,2160,46,218917616,0,0,0,22993,91725084048,287644887332
2022-12-22,ZHZ661CC,0,209854448,3,0,259486706,23386,3,0,0,47,2,2162,47,209854448,0,0,0,23024,91793692816,288055497556
2022-12-23,ZHZ661CC,0,152520336,3,0,262555865,23402,3,0,0,46,2,2162,46,152520336,0,0,0,23040,91823387928,288212609764
2022-12-24,ZHZ661CC,0,71314896,3,0,268285992,23434,3,0,0,47,2,2164,47,71314896,0,0,0,23071,91892340144,288550733596
2022-12-25,ZHZ661CC,0,218320816,3,0,272576476,23450,3,0,0,46,2,2164,46,218320816,0,0,0,23087,91920980320,288669099340
2022-12-26,ZHZ661CC,0,196124112,3,0,278054269,23481,3,0,0,47,2,2166,47,196124112,0,0,0,23119,91978005328,289078159004
2022-12-27,ZHZ661CC,0,220542448,3,0,280580489,23497,3,0,0,47,2,2166,47,220542448,0,0,0,23134,92008226136,289316497356
2022-12-28,ZHZ661CC,0,131857008,3,0,284144424,23528,3,0,0,47,2,2168,47,131857008,0,0,0,23166,92070407320,289653912164
2022-12-29,ZHZ661CC,0,94020616,3,0,287557014,23544,3,0,0,46,2,2168,46,94020616,0,0,0,23182,92097307872,289833315940
2022-12-30,ZHZ661CC,0,14003200,3,0,293238195,23576,3,0,0,47,2,2170,47,14003200,0,0,0,23213,92155249200,290183640252
2022-12-31,ZHZ661CC,0,202797216,3,0,294818273,23592,3,0,0,46,2,2170,46,202797216,0,0,0,23229,92178480728,290349202740
