2022-01-01,ZHZ62Q4R,0,222635672,11,0,295855214,16273,11,0,0,29,2,2155,29,222635672,0,0,0,15834,65691270016,312950431754
2022-01-02,ZHZ62Q4R,0,229906168,11,0,303238443,16304,11,0,0,28,2,2157,28,229906168,0,0,0,15866,65884799080,314961447098
2022-01-03,ZHZ62Q4R,0,146646184,11,0,305410511,16320,11,0,0,28,2,2157,28,146646184,0,0,0,15881,65965609920,315041516922
2022-01-04,ZHZ62Q4R,0,77310144,11,0,308539042,16336,11,0,0,28,2,2158,28,77310144,0,0,0,15897,66060184760,315121746674
2022-01-05,ZHZ62Q4R,0,47935568,11,0,315126283,16367,11,0,0,29,2,2159,29,47935568,0,0,0,15928,66245113496,316616429994
2022-01-06,ZHZ62Q4R,0,6470264,11,0,318667474,16383,11,0,0,29,2,2160,29,6470264,0,0,0,15944,66347247456,317693536378
2022-01-07,ZHZ62Q4R,0,6206520,11,0,325537789,16414,11,0,0,29,2,2161,29,6206520,0,0,0,15975,66516119736,319721684330
2022-01-08,ZHZ62Q4R,0,131737624,11,0,329648636,16430,11,0,0,29,2,2162,29,131737624,0,0,0,15991,66613871664,320726026450
2022-01-09,ZHZ62Q4R,0,212947368,11,0,338301300,16461,11,0,0,29,2,2163,29,212947368,0,0,0,16022,66743419720,322630814690
2022-01-10,ZHZ62Q4R,0,223671320,11,0,341179319,16477,11,0,0,28,2,2164,28,223671320,0,0,0,16038,66814957456,323058282754
2022-01-11,ZHZ62Q4R,0,226750552,11,0,346866113,16508,11,0,0,28,2,2165,28,226750552,0,0,0,16069,66950727312,323413873490
2022-01-12,ZHZ62Q4R,0,29961136,11,0,353942591,16540,11,0,0,29,2,2166,29,29961136,0,0,0,16100,67100545752,324532110138
2022-01-13,ZHZ62Q4R,0,96648344,11,0,357567515,16556,11,0,0,29,2,2167,29,96648344,0,0,0,16116,67182721968,325249043290
2022-01-14,ZHZ62Q4R,0,145046648,11,0,364904016,16587,11,0,0,29,2,2168,29,145046648,0,0,0,16148,67360113400,327073176482
2022-01-15,ZHZ62Q4R,0,34269504,11,0,369494683,16603,11,0,0,29,2,2169,29,34269504,0,0,0,16163,67432706408,327866369578
2022-01-16,ZHZ62Q4R,0,11696288,11,0,379036617,16634,11,0,0,28,2,2170,28,11696288,0,0,0,16194,67576692824,329408798042
2022-01-17,ZHZ62Q4R,0,40503360,11,0,381724465,16650,11,0,0,28,2,2171,28,40503360,0,0,0,16210,67655946712,329602491890
2022-01-18,ZHZ62Q4R,0,135492656,11,0,388038189,16682,11,0,0,28,2,2172,28,135492656,0,0,0,16241,67796720520,329800848450
2022-01-19,ZHZ62Q4R,0,219872864,11,0,391758991,16697,11,0,0,29,2,2173,29,219872864,0,0,0,16257,67886115016,330284115538
2022-01-20,ZHZ62Q4R,0,236901032,11,0,399990236,16729,11,0,0,29,2,2174,29,236901032,0,0,0,16288,68043466824,332096918378
2022-01-21,ZHZ62Q4R,0,113933304,11,0,403839784,16745,11,0,0,29,2,2175,29,113933304,0,0,0,16304,68106586560,332887394250
2022-01-22,ZHZ62Q4R,0,172421912,11,0,412749190,16776,11,0,0,29,2,2176,29,172421912,0,0,0,16335,68229966992,334287347538
2022-01-23,ZHZ62Q4R,0,189966864,11,0,417559815,16792,11,0,0,29,2,2177,29,189966864,0,0,0,16350,68304350048,334962931634
2022-01-24,ZHZ62Q4R,0,115946416,11,0,423900303,16823,11,0,0,28,2,2178,28,115946416,0,0,0,16382,68457698240,335712126042
2022-01-25,ZHZ62Q4R,0,45838336,11,0,427141889,16838,11,0,0,28,2,2179,28,45838336,0,0,0,16397,68533984368,335809872570
2022-01-26,ZHZ62Q4R,0,7041864,11,0,433985712,16870,11,0,0,29,2,2180,29,7041864,0,0,0,16428,68669859904,336611763298
2022-01-27,ZHZ62Q4R,0,160384384,11,0,437869210,16885,11,0,0,29,2,2181,29,160384384,0,0,0,16444,68748091744,337419296610
2022-01-28,ZHZ62Q4R,0,160573816,11,0,444809290,16917,11,0,0,29,2,2182,29,160573816,0,0,0,16475,68875450848,339001112778
2022-01-29,ZHZ62Q4R,0,4688152,11,0,453407600,16948,11,0,0,29,2,2183,29,4688152,0,0,0,16506,69013796968,340904148034
2022-01-30,ZHZ62Q4R,0,173963520,11,0,457646631,16964,11,0,0,28,2,2184,28,173963520,0,0,0,16522,69080686832,341983113858
2022-01-31,ZHZ62Q4R,0,191411432,11,0,462906564,16995,11,0,0,28,2,2185,28,191411432,0,0,0,16553,69205508432,342852303298
2022-02-01,ZHZ62Q4R,0,104803616,11,0,465966744,17011,11,0,0,28,2,2186,28,104803616,0,0,0,16569,69272737016,342942607530
2022-02-02,ZHZ62Q4R,0,183682376,11,0,472149509,17042,11,0,0,29,2,2187,29,183682376,0,0,0,16600,69384638944,343642008802
2022-02-03,ZHZ62Q4R,0,216535872,11,0,475312831,17058,11,0,0,30,2,2188,30,216535872,0,0,0,16616,69442714400,344593349690
2022-02-04,ZHZ62Q4R,0,1853896,11,0,481605446,17089,11,0,0,29,2,2189,29,1853896,0,0,0,16646,69539724016,346723070594
2022-02-05,ZHZ62Q4R,0,55780216,11,0,485779463,17105,11,0,0,30,2,2190,30,55780216,0,0,0,16662,69595770248,347697516242
2022-02-06,ZHZ62Q4R,0,200315376,11,0,494322341,17136,11,0,0,29,2,2191,29,200315376,0,0,0,16693,69698963792,349447848514
2022-02-07,ZHZ62Q4R,0,190387296,11,0,497190930,17152,11,0,0,29,2,2192,29,190387296,0,0,0,16709,69756831704,349868334202
2022-02-08,ZHZ62Q4R,0,241840920,11,0,503555838,17183,11,0,0,29,2,2193,29,241840920,0,0,0,16740,69864461360,350056299306
2022-02-09,ZHZ62Q4R,0,147927440,11,0,506920425,17198,11,0,0,29,2,2194,29,147927440,0,0,0,16755,69920811968,350638457858
2022-02-10,ZHZ62Q4R,0,138843688,11,0,514294046,17230,11,0,0,30,2,2195,30,138843688,0,0,0,16786,70032488800,352714964018
2022-02-11,ZHZ62Q4R,0,98066512,11,0,518117765,17245,11,0,0,30,2,2195,30,98066512,0,0,0,16802,70090318096,353592920546
2022-02-12,ZHZ62Q4R,0,213446904,11,0,526815427,17277,11,0,0,29,2,2197,29,213446904,0,0,0,16833,70166599032,355585146858
2022-02-13,ZHZ62Q4R,0,184417264,11,0,531905146,17293,11,0,0,29,2,2197,29,184417264,0,0,0,16849,70193404768,356505874834
2022-02-14,ZHZ62Q4R,0,50373576,11,0,538170147,17324,11,0,0,29,2,2199,29,50373576,0,0,0,16880,70251246040,357534693402
2022-02-15,ZHZ62Q4R,0,162812720,11,0,541320013,17339,11,0,0,29,2,2199,29,162812720,0,0,0,16896,70285163000,357613215586
2022-02-16,ZHZ62Q4R,0,84643216,11,0,548275217,17371,11,0,0,30,2,2201,30,84643216,0,0,0,16927,70347905032,358693007706
2022-02-17,ZHZ62Q4R,0,112070576,11,0,552683986,17386,11,0,0,29,2,2201,29,112070576,0,0,0,16942,70386344328,359658558770
2022-02-18,ZHZ62Q4R,0,221183848,11,0,561375266,17418,11,0,0,30,2,2203,30,221183848,0,0,0,16974,70456415392,361406586250
2022-02-19,ZHZ62Q4R,0,14320496,11,0,568903880,17449,11,0,0,30,2,2204,30,14320496,0,0,0,17005,70524870736,363328534074
2022-02-20,ZHZ62Q4R,0,92321680,11,0,575811692,17480,11,0,0,29,2,2205,29,92321680,0,0,0,17036,70598621520,365041770826
2022-02-21,ZHZ62Q4R,0,201423144,11,0,577823139,17496,11,0,0,29,2,2206,29,201423144,0,0,0,17052,70626382880,365123110930
2022-02-22,ZHZ62Q4R,0,125666512,11,0,584038278,17527,11,0,0,30,2,2207,30,125666512,0,0,0,17083,70701627448,365460390994
2022-02-23,ZHZ62Q4R,0,14161168,11,0,588272860,17543,11,0,0,29,2,2208,29,14161168,0,0,0,17099,70733875192,366537342290
2022-02-24,ZHZ62Q4R,0,854536,11,0,594996068,17575,11,0,0,29,2,2209,29,854536,0,0,0,17130,70804884936,369382720402
2022-02-25,ZHZ62Q4R,0,210631392,11,0,598455207,17590,11,0,0,29,2,2210,29,210631392,0,0,0,17145,70843291520,371018948274
2022-02-26,ZHZ62Q4R,0,203932976,11,0,601902331,17606,11,0,0,30,2,2211,30,203932976,0,0,0,17161,70888440728,372431966162
2022-02-27,ZHZ62Q4R,0,223703688,11,0,614880629,17637,11,0,0,30,2,2212,30,223703688,0,0,0,17192,70936061432,378751787212
2022-02-28,ZHZ62Q4R,0,234876144,11,0,635354156,17668,11,0,0,30,2,2213,30,234876144,0,0,0,17223,70989890464,386521636060
2022-03-01,ZHZ62Q4R,0,167119192,11,0,646093892,17684,11,0,0,30,2,2214,30,167119192,0,0,0,17238,71011048440,389606550988
2022-03-02,ZHZ62Q4R,0,24037856,11,0,667329458,17715,11,0,0,30,2,2215,30,24037856,0,0,0,17269,71045986896,395776191284
2022-03-03,ZHZ62Q4R,0,229399688,11,0,673160092,17730,11,0,0,29,2,2216,29,229399688,0,0,0,17284,71079774904,397168468796
2022-03-04,ZHZ62Q4R,0,131939624,11,0,680198218,17761,11,0,0,29,2,2217,29,131939624,0,0,0,17315,71116477728,399475739764
2022-03-05,ZHZ62Q4R,0,95708832,11,0,685743984,17777,11,0,0,30,2,2218,30,95708832,0,0,0,17331,71134329360,400398220388
2022-03-06,ZHZ62Q4R,0,133317624,11,0,693386264,17808,11,0,0,29,2,2219,29,133317624,0,0,0,17362,71175577856,402347707020
2022-03-07,ZHZ62Q4R,0,203430296,11,0,699011110,17839,11,0,0,29,2,2221,29,203430296,0,0,0,17392,71219581440,403350378940
2022-03-08,ZHZ62Q4R,0,75797280,11,0,702166276,17854,11,0,0,23,2,2236,23,75797280,0,0,0,17405,71234117824,404184772796
2022-03-09,ZHZ62Q4R,0,160152744,12,0,706037619,17871,12,0,0,29,2,2246,29,160152744,0,0,0,17420,71252519240,404983148792
2022-03-10,ZHZ62Q4R,0,184642096,12,0,714016229,17902,12,0,0,30,2,2247,30,184642096,0,0,0,17451,71291776560,406921507424
2022-03-11,ZHZ62Q4R,0,196959280,12,0,718305446,17918,12,0,0,30,2,2248,30,196959280,0,0,0,17467,71310918712,407891246176
2022-03-12,ZHZ62Q4R,0,232154528,12,0,727754749,17949,12,0,0,30,2,2249,30,232154528,0,0,0,17498,71350695256,409839790904
2022-03-13,ZHZ62Q4R,0,185318960,12,0,736504315,17980,12,0,0,29,2,2251,29,185318960,0,0,0,17528,71398854392,411942063624
2022-03-14,ZHZ62Q4R,0,225132408,12,0,738929593,17995,12,0,0,29,2,2251,29,225132408,0,0,0,17544,71428808768,412196063832
2022-03-15,ZHZ62Q4R,0,43136552,12,0,745335735,18026,12,0,0,29,2,2252,29,43136552,0,0,0,17575,71466221784,412709077256
2022-03-16,ZHZ62Q4R,0,9781800,12,0,749434870,18042,12,0,0,29,2,2253,29,9781800,0,0,0,17590,71495425368,413867223136
2022-03-17,ZHZ62Q4R,0,163180856,12,0,755939424,18073,12,0,0,29,2,2254,29,163180856,0,0,0,17621,71544850464,417389170136
2022-03-18,ZHZ62Q4R,0,92504864,12,0,759232981,18089,12,0,0,29,2,2255,29,92504864,0,0,0,17637,71564760000,419007576744
2022-03-19,ZHZ62Q4R,0,52262552,12,0,767206327,18120,12,0,0,29,2,2256,29,52262552,0,0,0,17668,71603193824,421614455336
2022-03-20,ZHZ62Q4R,0,65049936,12,0,771639612,18135,12,0,0,29,2,2257,29,65049936,0,0,0,17683,71625350616,422825789568
2022-03-21,ZHZ62Q4R,0,149637152,12,0,776325842,18166,12,0,0,28,2,2258,28,149637152,0,0,0,17714,71675913752,423836376752
2022-03-22,ZHZ62Q4R,0,25996424,12,0,778925941,18182,12,0,0,29,2,2259,29,25996424,0,0,0,17730,71706981872,423925808784
2022-03-23,ZHZ62Q4R,0,84167336,12,0,785072722,18213,12,0,0,29,2,2260,29,84167336,0,0,0,17761,71761515280,425150152336
2022-03-24,ZHZ62Q4R,0,101019240,12,0,788273400,18229,12,0,0,29,2,2261,29,101019240,0,0,0,17776,71785530848,426119551368
2022-03-25,ZHZ62Q4R,0,133714896,12,0,794968331,18260,12,0,0,29,2,2262,29,133714896,0,0,0,17807,71825779256,428065124520
2022-03-26,ZHZ62Q4R,0,46102424,12,0,804179843,18291,12,0,0,29,2,2264,29,46102424,0,0,0,17838,71883310656,429873107480
2022-03-27,ZHZ62Q4R,0,38402768,12,0,809058226,18307,12,0,0,29,2,2264,29,38402768,0,0,0,17854,71908787720,430816494416
2022-03-28,ZHZ62Q4R,0,149148144,12,0,814370575,18338,12,0,0,28,2,2266,28,149148144,0,0,0,17885,71950380304,431618069592
2022-03-29,ZHZ62Q4R,0,1044976,12,0,817221053,18353,12,0,0,28,2,2266,28,1044976,0,0,0,17900,71974179552,431690308008
2022-03-30,ZHZ62Q4R,0,136774408,12,0,825138498,18384,12,0,0,29,2,2268,29,136774408,0,0,0,17931,72020409128,433244652376
2022-03-31,ZHZ62Q4R,0,201660432,12,0,828697836,18400,12,0,0,29,2,2268,29,201660432,0,0,0,17947,72051225728,434255285232
2022-04-01,ZHZ62Q4R,0,178568776,12,0,835178000,18432,12,0,0,29,2,2270,29,178568776,0,0,0,17978,72104534712,436132012072
2022-04-02,ZHZ62Q4R,0,18850032,12,0,840017205,18447,12,0,0,29,2,2270,29,18850032,0,0,0,17994,72135101128,437162431248
2022-04-03,ZHZ62Q4R,0,178217072,12,0,848367174,18479,12,0,0,28,2,2272,28,178217072,0,0,0,18025,72190076000,439464094944
2022-04-04,ZHZ62Q4R,0,127166728,12,0,850719007,18494,12,0,0,28,2,2272,28,127166728,0,0,0,18041,72233248400,440102294504
2022-04-05,ZHZ62Q4R,0,85594208,12,0,855915055,18525,12,0,0,29,2,2274,29,85594208,0,0,0,18072,72288006272,440250104744
2022-04-06,ZHZ62Q4R,0,173810664,12,0,862164608,18557,12,0,0,29,2,2275,29,173810664,0,0,0,18103,72349259248,442474335592
2022-04-07,ZHZ62Q4R,0,191985040,12,0,865012996,18572,12,0,0,29,2,2276,29,191985040,0,0,0,18118,72381404696,443681076560
2022-04-08,ZHZ62Q4R,0,202208992,12,0,871328267,18604,12,0,0,29,2,2277,29,202208992,0,0,0,18150,72448478536,446065639360
2022-04-09,ZHZ62Q4R,0,102856656,12,0,875393653,18619,12,0,0,29,2,2278,29,102856656,0,0,0,18165,72486829232,447148640648
2022-04-10,ZHZ62Q4R,0,168230792,12,0,883409409,18651,12,0,0,29,2,2279,29,168230792,0,0,0,18196,72541069320,449112901912
2022-04-11,ZHZ62Q4R,0,203938296,12,0,885738411,18666,12,0,0,28,2,2279,28,203938296,0,0,0,18212,72574013192,449359806232
2022-04-12,ZHZ62Q4R,0,186006824,12,0,891463310,18698,12,0,0,28,2,2281,28,186006824,0,0,0,18243,72641402496,449518626336
2022-04-13,ZHZ62Q4R,0,241153640,12,0,894502417,18713,12,0,0,29,2,2281,29,241153640,0,0,0,18259,72674433984,450029023080
2022-04-14,ZHZ62Q4R,0,161810856,12,0,901058399,18744,12,0,0,29,2,2284,29,161810856,0,0,0,18290,72730071872,451847177136
2022-04-15,ZHZ62Q4R,0,44427800,12,0,904586899,18760,12,0,0,29,2,2284,29,44427800,0,0,0,18305,72768674288,452667754888
2022-04-16,ZHZ62Q4R,0,139991136,12,0,913835024,18791,12,0,0,29,2,2286,29,139991136,0,0,0,18336,72831857872,454409119816
2022-04-17,ZHZ62Q4R,0,139431752,12,0,919082858,18807,12,0,0,29,2,2286,29,139431752,0,0,0,18352,72871022440,455345959240
2022-04-18,ZHZ62Q4R,0,7994856,12,0,925336598,18838,12,0,0,28,2,2288,28,7994856,0,0,0,18382,72942684520,456363564112
2022-04-19,ZHZ62Q4R,0,105536760,12,0,927868100,18854,12,0,0,29,2,2288,29,105536760,0,0,0,18398,72973353416,456430437120
2022-04-20,ZHZ62Q4R,0,28497312,12,0,935092771,18885,12,0,0,29,2,2289,29,28497312,0,0,0,18429,73024647344,457522813064
2022-04-21,ZHZ62Q4R,0,202020552,12,0,943019601,18916,12,0,0,30,2,2291,30,202020552,0,0,0,18461,73074420960,459599689576
2022-04-22,ZHZ62Q4R,0,87304232,12,0,946946589,18932,12,0,0,30,2,2291,30,87304232,0,0,0,18476,73110028320,460670069688
2022-04-23,ZHZ62Q4R,0,52519400,12,0,956128798,18964,12,0,0,30,2,2293,30,52519400,0,0,0,18508,73178476168,462519964048
2022-04-24,ZHZ62Q4R,0,219872576,12,0,960649841,18979,12,0,0,30,2,2293,30,219872576,0,0,0,18524,73213114248,463385101120
2022-04-25,ZHZ62Q4R,0,29502440,12,0,965882114,19011,12,0,0,29,2,2295,29,29502440,0,0,0,18555,73283175192,464345374336
2022-04-26,ZHZ62Q4R,0,132769944,12,0,968952626,19027,12,0,0,29,2,2295,29,132769944,0,0,0,18570,73315241008,464416576024
2022-04-27,ZHZ62Q4R,0,178329336,12,0,975126858,19058,12,0,0,31,2,2297,31,178329336,0,0,0,18602,73380178888,466106183088
2022-04-28,ZHZ62Q4R,0,136941272,12,0,978148578,19074,12,0,0,30,2,2297,30,136941272,0,0,0,18617,73407328976,467502489456
2022-04-29,ZHZ62Q4R,0,52193144,12,0,984551928,19106,12,0,0,30,2,2299,30,52193144,0,0,0,18649,73469385760,470041243464
2022-04-30,ZHZ62Q4R,0,179013552,12,0,988449338,19121,12,0,0,31,2,2299,31,179013552,0,0,0,18664,73510518008,471103494904
2022-05-01,ZHZ62Q4R,0,83649024,12,0,996385805,19153,12,0,0,31,2,2301,31,83649024,0,0,0,18695,73570359536,473145556888
2022-05-02,ZHZ62Q4R,0,44521400,12,0,998626547,19168,12,0,0,30,2,2301,30,44521400,0,0,0,18711,73591198992,473573871280
2022-05-03,ZHZ62Q4R,0,184275032,12,0,3039820,19199,12,0,0,30,2,2303,30,184275032,0,0,0,18742,73626175968,473678647936
2022-05-04,ZHZ62Q4R,0,69030640,12,0,5567542,19215,12,0,0,30,2,2303,30,69030640,0,0,0,18757,73658128376,473775591776
2022-05-05,ZHZ62Q4R,0,222078248,12,0,11286105,19246,12,0,0,31,2,2304,31,222078248,0,0,0,18788,73753169656,475054302272
2022-05-06,ZHZ62Q4R,0,66940408,12,0,17984943,19278,12,0,0,31,2,2306,31,66940408,0,0,0,18820,73832910048,476772551816
2022-05-07,ZHZ62Q4R,0,240657032,12,0,22655506,19293,12,0,0,31,2,2306,31,240657032,0,0,0,18835,73869463328,477642137296
2022-05-08,ZHZ62Q4R,0,209840416,12,0,31855816,19325,12,0,0,31,2,2308,31,209840416,0,0,0,18867,73966850496,479222918776
2022-05-09,ZHZ62Q4R,0,161913136,12,0,34248732,19340,12,0,0,31,2,2308,31,161913136,0,0,0,18882,74010217024,479375765600
2022-05-10,ZHZ62Q4R,0,197774880,12,0,40149962,19372,12,0,0,30,2,2310,30,197774880,0,0,0,18914,74084302776,479581682912
2022-05-11,ZHZ62Q4R,0,882048,12,0,42844737,19388,12,0,0,30,2,2310,30,882048,0,0,0,18930,74114729464,479842644816
2022-05-12,ZHZ62Q4R,0,182560,12,0,50838969,19419,12,0,0,31,2,2312,31,182560,0,0,0,18961,74197674392,480979704184
2022-05-13,ZHZ62Q4R,0,126040640,12,0,55239878,19435,12,0,0,31,2,2312,31,126040640,0,0,0,18976,74243932184,481791726592
2022-05-14,ZHZ62Q4R,0,93852752,12,0,66955845,19466,12,0,0,31,2,2314,31,93852752,0,0,0,19007,74333991784,483134323160
2022-05-15,ZHZ62Q4R,0,219062784,12,0,71507276,19482,12,0,0,31,2,2314,31,219062784,0,0,0,19023,74379410376,483946536768
2022-05-16,ZHZ62Q4R,0,99894696,12,0,77335555,19513,12,0,0,31,2,2315,31,99894696,0,0,0,19054,74455549248,484727792608
2022-05-17,ZHZ62Q4R,0,199922416,12,0,80365517,19529,12,0,0,31,2,2316,31,199922416,0,0,0,19070,74505619808,484777749768
2022-05-18,ZHZ62Q4R,0,240833200,12,0,87179952,19560,12,0,0,32,2,2318,32,240833200,0,0,0,19101,74596892048,485703951128
2022-05-19,ZHZ62Q4R,0,88479832,12,0,94780761,19591,12,0,0,32,2,2319,32,88479832,0,0,0,19132,74683153504,487418463000
2022-05-20,ZHZ62Q4R,0,18827352,12,0,98391380,19607,12,0,0,32,2,2320,32,18827352,0,0,0,19147,74715659984,488292867288
2022-05-21,ZHZ62Q4R,0,225069840,12,0,106274509,19638,12,0,0,32,2,2321,32,225069840,0,0,0,19179,74789607808,490378293952
2022-05-22,ZHZ62Q4R,0,240811888,12,0,110344464,19654,12,0,0,31,2,2321,31,240811888,0,0,0,19194,74822703720,491581644208
2022-05-23,ZHZ62Q4R,0,120968232,12,0,115413819,19685,12,0,0,32,2,2323,32,120968232,0,0,0,19225,74899644408,492361424816
2022-05-24,ZHZ62Q4R,0,214338848,12,0,118275083,19701,12,0,0,31,2,2323,31,214338848,0,0,0,19241,74941698464,492412741376
2022-05-25,ZHZ62Q4R,0,149743632,12,0,124678132,19731,12,0,0,32,2,2325,32,149743632,0,0,0,19272,75030497072,493724194656
2022-05-26,ZHZ62Q4R,0,236521170,13,0,127839034,19747,13,0,0,30,2,2328,30,236521170,0,0,0,19287,75055577752,495006595218
2022-05-27,ZHZ62Q4R,0,225564088,13,0,134712101,19778,13,0,0,33,2,2329,33,225564088,0,0,0,19318,75127358000,497121142434
2022-05-28,ZHZ62Q4R,0,230913280,13,0,138914248,19793,13,0,0,33,2,2329,33,230913280,0,0,0,19333,75168223880,498062189210
2022-05-29,ZHZ62Q4R,0,232983824,13,0,148048052,19825,13,0,0,32,2,2331,32,232983824,0,0,0,19364,75245079832,499940534362
2022-05-30,ZHZ62Q4R,0,15086624,13,0,153229156,19856,13,0,0,32,2,2332,32,15086624,0,0,0,19395,75331837720,500368303954
2022-05-31,ZHZ62Q4R,0,96407768,13,0,156158966,19871,13,0,0,32,2,2333,32,96407768,0,0,0,19411,75359861968,500421600850
2022-06-01,ZHZ62Q4R,0,115122984,13,0,162846303,19903,13,0,0,33,2,2334,33,115122984,0,0,0,19442,75438489040,501826534058
2022-06-02,ZHZ62Q4R,0,21665296,13,0,167555256,19918,13,0,0,33,2,2335,33,21665296,0,0,0,19458,75465253080,502682875970
2022-06-03,ZHZ62Q4R,0,165577992,13,0,171512218,19934,13,0,0,32,2,2335,32,165577992,0,0,0,19473,75491372200,503533091858
2022-06-04,ZHZ62Q4R,0,69221256,13,0,180266984,19965,13,0,0,36,2,2337,36,69221256,0,0,0,19504,75553847544,505327386002
2022-06-05,ZHZ62Q4R,0,22442688,13,0,190150144,19996,13,0,0,36,2,2338,36,22442688,0,0,0,19535,75629612384,506913827658
2022-06-06,ZHZ62Q4R,0,241614744,13,0,192312836,20012,13,0,0,33,2,2338,33,241614744,0,0,0,19551,75664499136,507098112962
2022-06-07,ZHZ62Q4R,0,184327936,13,0,197890163,20043,13,0,0,34,2,2340,34,184327936,0,0,0,19582,75734382888,507215083034
2022-06-08,ZHZ62Q4R,0,135637128,13,0,201208640,20058,13,0,0,34,2,2340,34,135637128,0,0,0,19597,75770681376,507618375226
2022-06-09,ZHZ62Q4R,0,95314232,13,0,208657446,20090,13,0,0,33,2,2342,33,95314232,0,0,0,19628,75835732872,509710268634
2022-06-10,ZHZ62Q4R,0,120457968,13,0,212793553,20105,13,0,0,34,2,2343,34,120457968,0,0,0,19644,75869923952,510677784130
2022-06-11,ZHZ62Q4R,0,122099560,13,0,220842339,20137,13,0,0,33,2,2344,33,122099560,0,0,0,19675,75930826216,512327508234
2022-06-12,ZHZ62Q4R,0,140291232,13,0,225638010,20152,13,0,0,33,2,2345,33,140291232,0,0,0,19691,75974374040,513034574842
2022-06-13,ZHZ62Q4R,0,98090544,13,0,231074408,20183,13,0,0,32,2,2346,32,98090544,0,0,0,19722,76030692568,513912618562
2022-06-14,ZHZ62Q4R,0,191629936,13,0,234001339,20199,13,0,0,32,2,2347,32,191629936,0,0,0,19737,76065994648,513970855874
2022-06-15,ZHZ62Q4R,0,242471664,13,0,241101263,20230,13,0,0,36,2,2348,36,242471664,0,0,0,19769,76155092096,516862372706
2022-06-16,ZHZ62Q4R,0,234418096,13,0,244317248,20246,13,0,0,35,2,2349,35,234418096,0,0,0,19784,76199451904,518030663194
2022-06-17,ZHZ62Q4R,0,157704256,13,0,249972520,20277,13,0,0,33,2,2350,33,157704256,0,0,0,19815,76261491440,520089192282
2022-06-18,ZHZ62Q4R,0,238001128,13,0,253608089,20293,13,0,0,33,2,2351,33,238001128,0,0,0,19831,76300979176,521106564242
2022-06-19,ZHZ62Q4R,0,178420168,13,0,262353501,20324,13,0,0,32,2,2352,32,178420168,0,0,0,19862,76376603720,523168654578
2022-06-20,ZHZ62Q4R,0,156397976,13,0,265336379,20340,13,0,0,32,2,2353,32,156397976,0,0,0,19877,76424728056,523830931378
2022-06-21,ZHZ62Q4R,0,124173616,13,0,270674957,20371,13,0,0,32,2,2354,32,124173616,0,0,0,19908,76487212288,523980363538
2022-06-22,ZHZ62Q4R,0,76748936,13,0,276985249,20402,13,0,0,32,2,2355,32,76748936,0,0,0,19940,76550254008,524846460346
2022-06-23,ZHZ62Q4R,0,20976432,13,0,280390974,20418,13,0,0,33,2,2356,33,20976432,0,0,0,19955,76591909824,525725595098
2022-06-24,ZHZ62Q4R,0,120565976,13,0,287507226,20449,13,0,0,32,2,2357,32,120565976,0,0,0,19986,76662329152,527463751634
2022-06-25,ZHZ62Q4R,0,176988616,13,0,292003648,20464,13,0,0,33,2,2358,33,176988616,0,0,0,20001,76710464864,528204461330
2022-06-26,ZHZ62Q4R,0,27501304,13,0,301830173,20496,13,0,0,32,2,2359,32,27501304,0,0,0,20033,76777230448,529941334282
2022-06-27,ZHZ62Q4R,0,200344256,13,0,304680198,20511,13,0,0,32,2,2360,32,200344256,0,0,0,20048,76815831296,530319717162
2022-06-28,ZHZ62Q4R,0,127871928,13,0,309903041,20542,13,0,0,32,2,2361,32,127871928,0,0,0,20079,76875958344,530431258418
2022-06-29,ZHZ62Q4R,0,8875984,13,0,317196275,20574,13,0,0,32,2,2363,32,8875984,0,0,0,20110,76934344104,531474581178
2022-06-30,ZHZ62Q4R,0,65976928,13,0,321146288,20589,13,0,0,34,2,2363,34,65976928,0,0,0,20126,76965452368,532232996258
2022-07-01,ZHZ62Q4R,0,187237784,13,0,328141659,20620,13,0,0,33,2,2365,33,187237784,0,0,0,20157,77051779888,533976915306
2022-07-02,ZHZ62Q4R,0,70954840,13,0,332927125,20636,13,0,0,33,2,2365,33,70954840,0,0,0,20172,77096839816,534792135730
2022-07-03,ZHZ62Q4R,0,8475344,13,0,342239639,20667,13,0,0,33,2,2367,33,8475344,0,0,0,20204,77180854216,536354628378
2022-07-04,ZHZ62Q4R,0,44892464,13,0,345108713,20683,13,0,0,32,2,2367,32,44892464,0,0,0,20219,77229224704,536586815642
2022-07-05,ZHZ62Q4R,0,140989456,13,0,353358965,20714,13,0,0,33,2,2369,33,140989456,0,0,0,20250,77305077008,538316045882
2022-07-06,ZHZ62Q4R,0,57330584,13,0,356875363,20730,13,0,0,33,2,2369,33,57330584,0,0,0,20266,77347929984,539654384930
2022-07-07,ZHZ62Q4R,0,199658000,13,0,363120746,20761,13,0,0,33,2,2371,33,199658000,0,0,0,20297,77418888128,542167169434
2022-07-08,ZHZ62Q4R,0,9544504,13,0,366261649,20777,13,0,0,34,2,2371,34,9544504,0,0,0,20312,77468476536,543392313890
2022-07-09,ZHZ62Q4R,0,11215912,13,0,373784430,20808,13,0,0,34,2,2373,34,11215912,0,0,0,20344,77537391864,545522347378
2022-07-10,ZHZ62Q4R,0,36853240,13,0,378308899,20824,13,0,0,33,2,2373,33,36853240,0,0,0,20359,77584739360,546477200050
2022-07-11,ZHZ62Q4R,0,222092208,13,0,383903494,20855,13,0,0,33,2,2375,33,222092208,0,0,0,20390,77652399232,547327201266
2022-07-12,ZHZ62Q4R,0,141420136,13,0,390315393,20886,13,0,0,33,2,2376,33,141420136,0,0,0,20421,77735808024,547895542730
2022-07-13,ZHZ62Q4R,0,188304784,13,0,394137268,20902,13,0,0,33,2,2377,33,188304784,0,0,0,20437,77769220640,549129718554
2022-07-14,ZHZ62Q4R,0,192675424,13,0,397705674,20917,13,0,0,33,2,2377,33,192675424,0,0,0,20452,77817866136,550062006602
2022-07-15,ZHZ62Q4R,0,141792096,13,0,404903213,20948,13,0,0,33,2,2379,33,141792096,0,0,0,20483,77894739480,551887376258
2022-07-16,ZHZ62Q4R,0,208416560,13,0,413174713,20980,13,0,0,34,2,2380,34,208416560,0,0,0,20515,77979306768,553578420138
2022-07-17,ZHZ62Q4R,0,68321232,13,0,416999485,20996,13,0,0,34,2,2380,34,68321232,0,0,0,20531,78029849696,554364345298
2022-07-18,ZHZ62Q4R,0,33645968,13,0,422689420,21027,13,0,0,34,2,2382,34,33645968,0,0,0,20562,78120250552,554971691466
2022-07-19,ZHZ62Q4R,0,152944384,13,0,425580885,21043,13,0,0,32,2,2382,32,152944384,0,0,0,20578,78166011712,555045228722
2022-07-20,ZHZ62Q4R,0,240830136,13,0,431763024,21074,13,0,0,33,2,2384,33,240830136,0,0,0,20609,78236620640,555550786882
2022-07-21,ZHZ62Q4R,0,68168152,13,0,436025017,21090,13,0,0,34,2,2384,34,68168152,0,0,0,20624,78262804944,556328503914
2022-07-22,ZHZ62Q4R,0,179308120,13,0,443104051,21121,13,0,0,36,2,2386,36,179308120,0,0,0,20656,78336031008,558075403474
2022-07-23,ZHZ62Q4R,0,236250600,13,0,448855176,21137,13,0,0,37,2,2386,37,236250600,0,0,0,20671,78372478616,558828320610
2022-07-24,ZHZ62Q4R,0,113125912,13,0,459689254,21168,13,0,0,36,2,2388,36,113125912,0,0,0,20702,78440384288,560346275306
2022-07-25,ZHZ62Q4R,0,4261168,13,0,462726018,21184,13,0,0,34,2,2388,34,4261168,0,0,0,20718,78485957872,560680118266
2022-07-26,ZHZ62Q4R,0,82774680,13,0,470551966,21214,13,0,0,36,2,2390,36,82774680,0,0,0,20748,78551448240,562402126762
2022-07-27,ZHZ62Q4R,0,95896728,13,0,477721455,21246,13,0,0,36,2,2392,36,95896728,0,0,0,20780,78604217888,564315615458
2022-07-28,ZHZ62Q4R,0,49216240,13,0,480538982,21261,13,0,0,36,2,2392,36,49216240,0,0,0,20795,78616618392,565721379530
2022-07-29,ZHZ62Q4R,0,237416976,13,0,486916404,21292,13,0,0,36,2,2394,36,237416976,0,0,0,20826,78669304264,568542459722
2022-07-30,ZHZ62Q4R,0,132792592,13,0,491106294,21308,13,0,0,36,2,2394,36,132792592,0,0,0,20842,78697626448,569630217298
2022-07-31,ZHZ62Q4R,0,232695544,13,0,499236189,21339,13,0,0,36,2,2396,36,232695544,0,0,0,20873,78759156080,571621717298
2022-08-01,ZHZ62Q4R,0,27352640,13,0,501499685,21355,13,0,0,35,2,2396,35,27352640,0,0,0,20888,78790644416,571873167322
2022-08-02,ZHZ62Q4R,0,1818320,13,0,507040119,21386,13,0,0,35,2,2398,35,1818320,0,0,0,20919,78859706888,572022711394
2022-08-03,ZHZ62Q4R,0,117424728,13,0,509838401,21402,13,0,0,36,2,2398,36,117424728,0,0,0,20935,78911375536,572086649154
2022-08-04,ZHZ62Q4R,0,163858834,13,0,516291854,21433,13,0,0,35,2,2400,35,163858834,0,0,0,20966,78997687304,573511619452
2022-08-05,ZHZ62Q4R,0,83691152,13,0,522833804,21465,13,0,0,36,2,2401,36,83691152,0,0,0,20998,79100109336,574793874092
2022-08-06,ZHZ62Q4R,0,58430176,13,0,526735923,21480,13,0,0,36,2,2402,36,58430176,0,0,0,21013,79129684608,575471460244
2022-08-07,ZHZ62Q4R,0,10567368,13,0,535534838,21512,13,0,0,35,2,2403,35,10567368,0,0,0,21045,79227879440,576790246948
2022-08-08,ZHZ62Q4R,0,114786872,13,0,537555465,21527,13,0,0,35,2,2403,35,114786872,0,0,0,21060,79263312728,576859033164
2022-08-09,ZHZ62Q4R,0,150158504,13,0,543815550,21559,13,0,0,35,2,2405,35,150158504,0,0,0,21091,79363101248,577038756908
2022-08-10,ZHZ62Q4R,0,50820856,13,0,546757729,21574,13,0,0,36,2,2405,36,50820856,0,0,0,21107,79416905824,577129755940
2022-08-11,ZHZ62Q4R,0,104380968,13,0,554715898,21605,13,0,0,36,2,2407,36,104380968,0,0,0,21138,79524784664,578540284516
2022-08-12,ZHZ62Q4R,0,6044304,13,0,558667884,21621,13,0,0,36,2,2407,36,6044304,0,0,0,21153,79572703632,579370592220
2022-08-13,ZHZ62Q4R,0,25348408,13,0,568118902,21653,13,0,0,35,2,2409,35,25348408,0,0,0,21185,79683312296,580744132324
2022-08-14,ZHZ62Q4R,0,224767320,13,0,573327261,21668,13,0,0,36,2,2409,36,224767320,0,0,0,21200,79741300448,581373844532
2022-08-15,ZHZ62Q4R,0,113367072,13,0,579380695,21700,13,0,0,35,2,2411,35,113367072,0,0,0,21232,79788996448,581947170340
2022-08-16,ZHZ62Q4R,0,220177560,13,0,582306440,21716,13,0,0,35,2,2411,35,220177560,0,0,0,21248,79813024864,582029952412
2022-08-17,ZHZ62Q4R,0,124691632,13,0,596011712,21747,13,0,0,36,2,2413,36,124691632,0,0,0,21279,79885689096,587232900172
2022-08-18,ZHZ62Q4R,0,79450952,13,0,605456789,21762,13,0,0,37,2,2413,37,79450952,0,0,0,21294,79914940048,590576379444
2022-08-19,ZHZ62Q4R,0,148195136,13,0,625045206,21794,13,0,0,37,2,2415,37,148195136,0,0,0,21326,79963948280,595967212532
2022-08-20,ZHZ62Q4R,0,32691288,13,0,635400505,21810,13,0,0,37,2,2415,37,32691288,0,0,0,21341,79980758888,598520446212
2022-08-21,ZHZ62Q4R,0,101122080,13,0,656260689,21841,13,0,0,36,2,2416,36,101122080,0,0,0,21373,80016624696,603924107484
2022-08-22,ZHZ62Q4R,0,92170848,13,0,661797779,21857,13,0,0,35,2,2417,35,92170848,0,0,0,21388,80086816776,604333245620
2022-08-23,ZHZ62Q4R,0,63496858,13,0,667773219,21888,13,0,0,33,2,2492,33,63496858,0,0,0,21406,80114043152,604521485926
2022-08-24,ZHZ62Q4R,0,185969816,13,0,676016815,21919,13,0,0,36,2,2493,36,185969816,0,0,0,21438,80307632080,605915214686
2022-08-25,ZHZ62Q4R,0,30842656,13,0,679615426,21935,13,0,0,36,2,2493,36,30842656,0,0,0,21453,80375049040,606669233430
2022-08-26,ZHZ62Q4R,0,36651464,13,0,687125396,21966,13,0,0,36,2,2495,36,36651464,0,0,0,21484,80508923488,608006012494
2022-08-27,ZHZ62Q4R,0,237993232,13,0,691330594,21982,13,0,0,36,2,2495,36,237993232,0,0,0,21500,80569444608,608635114902
2022-08-28,ZHZ62Q4R,0,187686096,13,0,695956130,21998,13,0,0,37,2,2496,37,187686096,0,0,0,21515,80643663320,609243010982
2022-08-29,ZHZ62Q4R,0,154341584,13,0,703001125,22029,13,0,0,36,2,2497,36,154341584,0,0,0,21547,80782407464,610047484862
2022-08-30,ZHZ62Q4R,0,216955472,13,0,709643166,22060,13,0,0,36,2,2499,36,216955472,0,0,0,21578,80929325112,610207322534
2022-08-31,ZHZ62Q4R,0,133725592,13,0,712951027,22076,13,0,0,35,2,2499,35,133725592,0,0,0,21594,81005409624,610292149406
2022-09-01,ZHZ62Q4R,0,164232032,13,0,720992136,22107,13,0,0,36,2,2501,36,164232032,0,0,0,21624,81150333488,611642576686
2022-09-02,ZHZ62Q4R,0,54531792,13,0,724994258,22122,13,0,0,33,2,2520,33,54531792,0,0,0,21636,81155382392,611771968174
2022-09-03,ZHZ62Q4R,0,161911504,13,0,732031407,22154,13,0,0,36,2,2546,36,161911504,0,0,0,21663,81309594160,612945840016
2022-09-04,ZHZ62Q4R,0,159811680,13,0,736005054,22169,13,0,0,35,2,2546,35,159811680,0,0,0,21679,81389201104,613596556336
2022-09-05,ZHZ62Q4R,0,122004896,13,0,741359650,22201,13,0,0,35,2,2548,35,122004896,0,0,0,21710,81534575472,614389938392
2022-09-06,ZHZ62Q4R,0,63142048,13,0,744689139,22217,13,0,0,35,2,2548,35,63142048,0,0,0,21726,81609591016,614500200816
2022-09-07,ZHZ62Q4R,0,133997872,13,0,751208379,22248,13,0,0,35,2,2550,35,133997872,0,0,0,21757,81759840088,614664948232
2022-09-08,ZHZ62Q4R,0,147016456,13,0,754704893,22264,13,0,0,36,2,2550,36,147016456,0,0,0,21773,81834574568,615091515464
2022-09-09,ZHZ62Q4R,0,121958528,13,0,762182579,22295,13,0,0,36,2,2552,36,121958528,0,0,0,21804,81973072280,617125226424
2022-09-10,ZHZ62Q4R,0,205907912,13,0,769284191,22327,13,0,0,36,2,2553,36,205907912,0,0,0,21835,82118032848,619261497040
2022-09-11,ZHZ62Q4R,0,62688856,13,0,772769439,22343,13,0,0,36,2,2554,36,62688856,0,0,0,21851,82192904624,620264109872
2022-09-12,ZHZ62Q4R,0,77383112,13,0,775716518,22358,13,0,0,35,2,2554,35,77383112,0,0,0,21867,82271728912,620688261656
2022-09-13,ZHZ62Q4R,0,132431584,13,0,782856250,22390,13,0,0,36,2,2555,36,132431584,0,0,0,21898,82416203488,621575398488
2022-09-14,ZHZ62Q4R,0,233889072,13,0,790043412,22421,13,0,0,36,2,2557,36,233889072,0,0,0,21930,82568872984,623233171856
2022-09-15,ZHZ62Q4R,0,68765048,13,0,793805976,22437,13,0,0,36,2,2557,36,68765048,0,0,0,21946,82633518520,623979965448
2022-09-16,ZHZ62Q4R,0,210299840,13,0,797753516,22453,13,0,0,36,2,2558,36,210299840,0,0,0,21961,82706885568,624780555400
2022-09-17,ZHZ62Q4R,0,67277584,13,0,805812991,22484,13,0,0,36,2,2559,36,67277584,0,0,0,21992,82844626944,626208777232
2022-09-18,ZHZ62Q4R,0,44335304,13,0,810460498,22500,13,0,0,36,2,2560,36,44335304,0,0,0,22008,82915948944,626846934936
2022-09-19,ZHZ62Q4R,0,118990800,13,0,818905872,22531,13,0,0,35,2,2561,35,118990800,0,0,0,22039,83050958096,627763144064
2022-09-20,ZHZ62Q4R,0,179945880,13,0,825767614,22563,13,0,0,36,2,2563,36,179945880,0,0,0,22071,83173193256,627946004792
2022-09-21,ZHZ62Q4R,0,52388928,13,0,830344162,22579,13,0,0,36,2,2563,36,52388928,0,0,0,22086,83238716424,628485346888
2022-09-22,ZHZ62Q4R,0,226928976,13,0,839048676,22610,13,0,0,35,2,2565,35,226928976,0,0,0,22117,83333380184,629541786008
2022-09-23,ZHZ62Q4R,0,162024064,13,0,844700002,22641,13,0,0,36,2,2631,36,162024064,0,0,0,22137,83417503056,630125180378
2022-09-24,ZHZ62Q4R,0,849984,13,0,848297427,22657,13,0,0,34,2,2632,34,849984,0,0,0,22153,83460410728,630653520658
2022-09-25,ZHZ62Q4R,0,168319360,13,0,856055062,22688,13,0,0,34,2,2633,34,168319360,0,0,0,22184,83559534200,631210148074
2022-09-26,ZHZ62Q4R,0,52859936,13,0,859135541,22704,13,0,0,34,2,2634,34,52859936,0,0,0,22200,83590059272,631308304210
2022-09-27,ZHZ62Q4R,0,192911592,13,0,863124076,22720,13,0,0,34,2,2634,34,192911592,0,0,0,22215,83632611072,631405804066
2022-09-28,ZHZ62Q4R,0,89555016,13,0,868208269,22751,13,0,0,34,2,2636,34,89555016,0,0,0,22246,83692095824,631731244202
2022-09-29,ZHZ62Q4R,0,242797760,13,0,873133748,22782,13,0,0,34,2,2637,34,242797760,0,0,0,22278,83753304776,632067418722
2022-09-30,ZHZ62Q4R,0,221172184,13,0,875577139,22798,13,0,0,33,2,2638,33,221172184,0,0,0,22293,83779112928,632264125626
2022-10-01,ZHZ62Q4R,0,54439928,13,0,883837931,22829,13,0,0,34,2,2639,34,54439928,0,0,0,22325,83861917432,632747010922
2022-10-02,ZHZ62Q4R,0,5856696,13,0,886231967,22845,13,0,0,34,2,2640,34,5856696,0,0,0,22341,83908263176,632896222722
2022-10-03,ZHZ62Q4R,0,118690664,13,0,892515148,22877,13,0,0,34,2,2641,34,118690664,0,0,0,22372,84005988312,633155472258
2022-10-04,ZHZ62Q4R,0,21098408,13,0,896140267,22893,13,0,0,33,2,2642,33,21098408,0,0,0,22388,84051773616,633256235442
2022-10-05,ZHZ62Q4R,0,11949080,13,0,901365361,22924,13,0,0,34,2,2643,34,11949080,0,0,0,22419,84160223192,633626917962
2022-10-06,ZHZ62Q4R,0,210457112,13,0,903775501,22940,13,0,0,32,2,2644,32,210457112,0,0,0,22434,84193155256,633792493930
2022-10-07,ZHZ62Q4R,0,162702624,13,0,908375687,22971,13,0,0,34,2,2645,34,162702624,0,0,0,22466,84258181024,634167995266
2022-10-08,ZHZ62Q4R,0,135547584,13,0,912879621,22987,13,0,0,33,2,2646,33,135547584,0,0,0,22481,84284829920,634358332138
2022-10-09,ZHZ62Q4R,0,33025600,13,0,917485887,23018,13,0,0,34,2,2647,34,33025600,0,0,0,22513,84355962264,634672962850
2022-10-10,ZHZ62Q4R,0,197764080,13,0,919857937,23034,13,0,0,33,2,2647,33,197764080,0,0,0,22528,84387001664,634806661930
2022-10-11,ZHZ62Q4R,0,72023896,13,0,926975369,23065,13,0,0,33,2,2649,33,72023896,0,0,0,22560,84438426920,635117777754
2022-10-12,ZHZ62Q4R,0,43593720,13,0,929667901,23081,13,0,0,33,2,2649,33,43593720,0,0,0,22575,84482388632,635289526682
2022-10-13,ZHZ62Q4R,0,165564024,13,0,933889933,23112,13,0,0,33,2,2651,33,165564024,0,0,0,22606,84544683720,635593342530
2022-10-14,ZHZ62Q4R,0,113180992,13,0,939839581,23144,13,0,0,34,2,2652,34,113180992,0,0,0,22637,84620067040,635953857658
2022-10-15,ZHZ62Q4R,0,149172392,13,0,944850629,23159,13,0,0,34,2,2653,34,149172392,0,0,0,22653,84647384544,636206672266
2022-10-16,ZHZ62Q4R,0,163152000,13,0,953446217,23191,13,0,0,33,2,2654,33,163152000,0,0,0,22684,84719928608,636636389314
2022-10-17,ZHZ62Q4R,0,49671952,13,0,956558340,23207,13,0,0,33,2,2655,33,49671952,0,0,0,22700,84748356856,636738621762
2022-10-18,ZHZ62Q4R,0,126436360,13,0,962790633,23238,13,0,0,34,2,2656,34,126436360,0,0,0,22731,84819219416,636988664298
2022-10-19,ZHZ62Q4R,0,240916672,13,0,964642254,23254,13,0,0,32,2,2657,32,240916672,0,0,0,22747,84850462832,637071901194
2022-10-20,ZHZ62Q4R,0,196164400,13,0,966997285,23269,13,0,0,33,2,2657,33,196164400,0,0,0,22763,84886774288,637234978330
2022-10-21,ZHZ62Q4R,0,64111776,13,0,971053779,23301,13,0,0,33,2,2658,33,64111776,0,0,0,22794,84949431480,637528550346
2022-10-22,ZHZ62Q4R,0,22907632,13,0,979048264,23332,13,0,0,33,2,2660,33,22907632,0,0,0,22825,85019398592,637905660690
2022-10-23,ZHZ62Q4R,0,13581096,13,0,981323971,23348,13,0,0,33,2,2660,33,13581096,0,0,0,22841,85051053496,638108820202
2022-10-24,ZHZ62Q4R,0,88199240,13,0,987467363,23379,13,0,0,33,2,2662,33,88199240,0,0,0,22872,85112081280,638366551226
2022-10-25,ZHZ62Q4R,0,28812840,13,0,990704878,23395,13,0,0,32,2,2662,32,28812840,0,0,0,22887,85146216576,638517170162
2022-10-26,ZHZ62Q4R,0,207406160,13,0,995024665,23426,13,0,0,33,2,2664,33,207406160,0,0,0,22918,85230844600,638855276090
2022-10-27,ZHZ62Q4R,0,194551752,13,0,997350128,23442,13,0,0,33,2,2664,33,194551752,0,0,0,22934,85269682064,639047725122
2022-10-28,ZHZ62Q4R,0,113863232,13,0,1966723,23473,13,0,0,33,2,2666,33,113863232,0,0,0,22965,85344151528,639380849738
2022-10-29,ZHZ62Q4R,0,134171912,13,0,6440564,23489,13,0,0,33,2,2666,33,134171912,0,0,0,22981,85385786056,639603664522
2022-10-30,ZHZ62Q4R,0,72960616,13,0,11343779,23521,13,0,0,33,2,2668,33,72960616,0,0,0,23012,85439261864,639977258738
2022-10-31,ZHZ62Q4R,0,12783232,13,0,14075006,23536,13,0,0,33,2,2668,33,12783232,0,0,0,23028,85468742216,640131741810
2022-11-01,ZHZ62Q4R,0,44880824,13,0,20297951,23568,13,0,0,33,2,2670,33,44880824,0,0,0,23059,85520267664,640356454738
2022-11-02,ZHZ62Q4R,0,51886112,13,0,22769595,23583,13,0,0,33,2,2670,33,51886112,0,0,0,23075,85571719352,640556148970
2022-11-03,ZHZ62Q4R,0,100990280,13,0,26771820,23615,13,0,0,32,2,2672,32,100990280,0,0,0,23106,85642521496,640778591746
2022-11-04,ZHZ62Q4R,0,18425088,13,0,29293298,23631,13,0,0,33,2,2672,33,18425088,0,0,0,23122,85693868520,640888820514
2022-11-05,ZHZ62Q4R,0,117576184,13,0,36082916,23662,13,0,0,33,2,2674,33,117576184,0,0,0,23154,85751363664,641174617098
2022-11-06,ZHZ62Q4R,0,53957552,13,0,39091385,23678,13,0,0,33,2,2674,33,53957552,0,0,0,23169,85797241240,641309261538
2022-11-07,ZHZ62Q4R,0,60559992,13,0,43211399,23710,13,0,0,33,2,2676,33,60559992,0,0,0,23201,85867740984,641489504890
2022-11-08,ZHZ62Q4R,0,203797200,13,0,47212567,23726,13,0,0,34,2,2676,34,203797200,0,0,0,23217,85908772592,641591710490
2022-11-09,ZHZ62Q4R,0,3552632,13,0,52556752,23757,13,0,0,33,2,2678,33,3552632,0,0,0,23248,85988670976,641799848970
2022-11-10,ZHZ62Q4R,0,43841928,13,0,56847619,23789,13,0,0,33,2,2680,33,43841928,0,0,0,23279,86060536632,642012413682
2022-11-11,ZHZ62Q4R,0,199943928,13,0,58945130,23805,13,0,0,33,2,2680,33,199943928,0,0,0,23295,86095958576,642133093738
2022-11-12,ZHZ62Q4R,0,65589096,13,0,66809049,23837,13,0,0,33,2,2682,33,65589096,0,0,0,23327,86168879536,642414099226
2022-11-13,ZHZ62Q4R,0,211467744,13,0,68958686,23852,13,0,0,32,2,2682,32,211467744,0,0,0,23342,86214295224,642514562186
2022-11-14,ZHZ62Q4R,0,239019608,13,0,75229546,23884,13,0,0,33,2,2684,33,239019608,0,0,0,23374,86281707296,642718842826
2022-11-15,ZHZ62Q4R,0,120674760,13,0,78223010,23900,13,0,0,33,2,2684,33,120674760,0,0,0,23390,86320091808,642806254098
2022-11-16,ZHZ62Q4R,0,125388680,13,0,82345202,23932,13,0,0,33,2,2686,33,125388680,0,0,0,23421,86394883312,642980317146
2022-11-17,ZHZ62Q4R,0,28745256,13,0,84946688,23947,13,0,0,33,2,2686,33,28745256,0,0,0,23437,86436801904,643085895922
2022-11-18,ZHZ62Q4R,0,15075560,13,0,91484826,23979,13,0,0,33,2,2688,33,15075560,0,0,0,23469,86528045632,643225123130
2022-11-19,ZHZ62Q4R,0,194382224,13,0,94590602,23995,13,0,0,33,2,2688,33,194382224,0,0,0,23485,86579707144,643352768282
2022-11-20,ZHZ62Q4R,0,15317336,13,0,99468897,24027,13,0,0,33,2,2690,33,15317336,0,0,0,23517,86663566704,643578125346
2022-11-21,ZHZ62Q4R,0,175419520,13,0,102533024,24043,13,0,0,33,2,2690,33,175419520,0,0,0,23533,86708849176,643692945058
2022-11-22,ZHZ62Q4R,0,227170608,13,0,109137124,24075,13,0,0,33,2,2692,33,227170608,0,0,0,23564,86791307392,643906378594
2022-11-23,ZHZ62Q4R,0,162539440,13,0,111532303,24091,13,0,0,32,2,2692,32,162539440,0,0,0,23580,86846104464,644031091066
2022-11-24,ZHZ62Q4R,0,4491576,14,0,115676244,24125,14,0,0,33,2,2701,33,4491576,0,0,0,23613,86920488032,644286940910
2022-11-25,ZHZ62Q4R,0,182548816,14,0,117967827,24141,14,0,0,32,2,2701,32,182548816,0,0,0,23629,86956587168,644428899014
2022-11-26,ZHZ62Q4R,0,197048640,14,0,125447948,24173,14,0,0,34,2,2703,34,197048640,0,0,0,23661,87039713456,644848554014
2022-11-27,ZHZ62Q4R,0,171581824,14,0,128520479,24189,14,0,0,32,2,2703,32,171581824,0,0,0,23677,87081138856,645025802486
2022-11-28,ZHZ62Q4R,0,23348000,14,0,135392252,24221,14,0,0,33,2,2705,33,23348000,0,0,0,23708,87156700864,645290287918
2022-11-29,ZHZ62Q4R,0,182000192,14,0,138324093,24237,14,0,0,32,2,2705,32,182000192,0,0,0,23724,87193767096,645411873878
2022-11-30,ZHZ62Q4R,0,104861696,14,0,142765541,24268,14,0,0,33,2,2707,33,104861696,0,0,0,23756,87279868808,645736915142
2022-12-01,ZHZ62Q4R,0,37373192,14,0,144867125,24284,14,0,0,32,2,2707,32,37373192,0,0,0,23771,87324442960,645868993302
2022-12-02,ZHZ62Q4R,0,8451312,14,0,153383910,24316,14,0,0,33,2,2709,33,8451312,0,0,0,23803,87414279768,646238515942
2022-12-03,ZHZ62Q4R,0,5047512,14,0,157390869,24332,14,0,0,33,2,2709,33,5047512,0,0,0,23819,87460279976,646433252694
2022-12-04,ZHZ62Q4R,0,84827272,14,0,162981111,24364,14,0,0,32,2,2711,32,84827272,0,0,0,23851,87537624960,646679828190
2022-12-05,ZHZ62Q4R,0,198952544,14,0,165402981,24380,14,0,0,32,2,2711,32,198952544,0,0,0,23867,87547881320,646783697102
2022-12-06,ZHZ62Q4R,0,178115168,14,0,175551969,24412,14,0,0,33,2,2713,33,178115168,0,0,0,23899,87558275736,650414576510
2022-12-07,ZHZ62Q4R,0,52660080,14,0,180611017,24428,14,0,0,33,2,2713,33,52660080,0,0,0,23915,87558660096,652486004142
2022-12-08,ZHZ62Q4R,0,83414456,14,0,192804042,24460,14,0,0,34,2,2715,34,83414456,0,0,0,23946,87561953992,656663857150
2022-12-09,ZHZ62Q4R,0,24221952,14,0,199072039,24476,14,0,0,34,2,2715,34,24221952,0,0,0,23962,87563099752,658312504038
2022-12-11,ZHZ62Q4R,0,53269656,14,0,218351582,24523,14,0,0,34,2,2717,34,53269656,0,0,0,24010,87564310664,662490733438
2022-12-11,ZHZ62Q4R,0,53269656,14,0,218351582,24523,14,0,0,34,2,2717,34,53269656,0,0,0,24010,87564310664,662490733438
2022-12-12,ZHZ62Q4R,0,230417744,14,0,231196367,24555,14,0,0,34,2,2719,34,230417744,0,0,0,24042,87566374400,665595507294
2022-12-13,ZHZ62Q4R,0,157729640,14,0,237901768,24571,14,0,0,34,2,2719,34,157729640,0,0,0,24058,87567129504,666986908702
2022-12-14,ZHZ62Q4R,0,9182048,14,0,250769698,24603,14,0,0,33,2,2721,33,9182048,0,0,0,24089,87577492248,669513546342
2022-12-15,ZHZ62Q4R,0,17126504,14,0,255424017,24619,14,0,0,33,2,2721,33,17126504,0,0,0,24105,87647032872,669696090806
2022-12-16,ZHZ62Q4R,0,17173808,14,0,263017783,24651,14,0,0,33,2,2723,33,17173808,0,0,0,24137,87781322392,670050129934
2022-12-17,ZHZ62Q4R,0,19802368,14,0,267261757,24667,14,0,0,33,2,2723,33,19802368,0,0,0,24153,87837532680,670240689158
2022-12-18,ZHZ62Q4R,0,184777624,14,0,272645402,24699,14,0,0,33,2,2725,33,184777624,0,0,0,24185,87955787872,670531549886
2022-12-19,ZHZ62Q4R,0,114063768,14,0,276044313,24715,14,0,0,32,2,2725,32,114063768,0,0,0,24201,88021050576,670639713958
2022-12-20,ZHZ62Q4R,0,199620280,14,0,282477143,24747,14,0,0,33,2,2727,33,199620280,0,0,0,24233,88142017352,670848444326
2022-12-21,ZHZ62Q4R,0,198388600,14,0,284935942,24764,14,0,0,32,2,2727,32,198388600,0,0,0,24249,88209288728,671024081902
2022-12-22,ZHZ62Q4R,0,82115576,14,0,289271677,24795,14,0,0,32,2,2729,32,82115576,0,0,0,24281,88310803696,671294575230
2022-12-23,ZHZ62Q4R,0,31638528,14,0,291751590,24811,14,0,0,32,2,2729,32,31638528,0,0,0,24297,88365291824,671433750710
2022-12-24,ZHZ62Q4R,0,242771272,14,0,299368869,24843,14,0,0,33,2,2731,33,242771272,0,0,0,24328,88469415632,671784900278
2022-12-25,ZHZ62Q4R,0,233021240,14,0,302709076,24859,14,0,0,33,2,2731,33,233021240,0,0,0,24344,88534019328,671954687342
2022-12-26,ZHZ62Q4R,0,108692512,14,0,308772225,24891,14,0,0,33,2,2733,33,108692512,0,0,0,24376,88616674344,672235984950
2022-12-27,ZHZ62Q4R,0,16736368,14,0,312895945,24907,14,0,0,32,2,2733,32,16736368,0,0,0,24392,88664371504,672340472278
2022-12-28,ZHZ62Q4R,0,403792,14,0,317592104,24939,14,0,0,33,2,2735,33,403792,0,0,0,24424,88743361952,672733430918
2022-12-29,ZHZ62Q4R,0,232483392,14,0,320095911,24955,14,0,0,32,2,2735,32,232483392,0,0,0,24440,88773301104,672935571430
2022-12-30,ZHZ62Q4R,0,19805192,14,0,325548179,24987,14,0,0,33,2,2737,33,19805192,0,0,0,24471,88830302784,673398313918
2022-12-31,ZHZ62Q4R,0,37279896,14,0,330180342,25003,14,0,0,33,2,2737,33,37279896,0,0,0,24487,88864133440,673626099094
