2022-01-01,ZL00565V,0,191667680,3,0,496266179,14511,3,0,0,30,1,966,30,191667680,0,0,0,14389,45322394456,170936733670
2022-01-02,ZL00565V,0,92417056,3,0,503058237,14543,3,0,0,29,1,968,29,92417056,0,0,0,14421,45520147704,171372151886
2022-01-03,ZL00565V,0,180098960,3,0,507354637,14558,3,0,0,29,1,968,29,180098960,0,0,0,14436,45619991648,171604130550
2022-01-04,ZL00565V,0,63678024,3,0,514472480,14590,3,0,0,29,1,970,29,63678024,0,0,0,14468,45807204808,172032918574
2022-01-05,ZL00565V,0,25206576,3,0,518465848,14606,3,0,0,30,1,970,30,25206576,0,0,0,14484,45906002208,172139790398
2022-01-06,ZL00565V,0,234609616,3,0,526067445,14638,3,0,0,29,1,972,29,234609616,0,0,0,14515,46081041408,172418294918
2022-01-07,ZL00565V,0,15415984,3,0,529109081,14653,3,0,0,29,1,972,29,15415984,0,0,0,14531,46156669072,172611755014
2022-01-08,ZL00565V,0,35167728,3,0,534958294,14685,3,0,0,29,1,974,29,35167728,0,0,0,14562,46309612776,172966845518
2022-01-09,ZL00565V,0,87075184,3,0,538287705,14701,3,0,0,29,1,974,29,87075184,0,0,0,14578,46385943416,173186563190
2022-01-10,ZL00565V,0,151914896,3,0,546318774,14733,3,0,0,29,1,976,29,151914896,0,0,0,14610,46524902560,173600725166
2022-01-11,ZL00565V,0,162293608,3,0,549302222,14748,3,0,0,29,1,976,29,162293608,0,0,0,14625,46594276832,173785870366
2022-01-12,ZL00565V,0,78805328,3,0,556576992,14780,3,0,0,29,1,977,29,78805328,0,0,0,14657,46738764512,174046176174
2022-01-13,ZL00565V,0,95621048,3,0,559631085,14796,3,0,0,29,1,978,29,95621048,0,0,0,14673,46805107888,174240789174
2022-01-14,ZL00565V,0,131059112,3,0,565736805,14828,3,0,0,29,1,979,29,131059112,0,0,0,14705,46945760584,174623855958
2022-01-15,ZL00565V,0,142252352,3,0,568778567,14844,3,0,0,31,1,980,31,142252352,0,0,0,14720,47010351024,174814599430
2022-01-16,ZL00565V,0,226592656,3,0,575708771,14876,3,0,0,30,1,981,30,226592656,0,0,0,14752,47138958424,175258613662
2022-01-17,ZL00565V,0,9998632,3,0,580278178,14891,3,0,0,29,1,982,29,9998632,0,0,0,14768,47197643280,175471616366
2022-01-18,ZL00565V,0,1763384,3,0,586282644,14923,3,0,0,29,1,983,29,1763384,0,0,0,14799,47323242944,175826062998
2022-01-19,ZL00565V,0,187165272,3,0,590020864,14939,3,0,0,31,1,984,31,187165272,0,0,0,14815,47390650224,175944057606
2022-01-20,ZL00565V,0,87460304,3,0,597186257,14971,3,0,0,30,1,985,30,87460304,0,0,0,14847,47511292864,176211991398
2022-01-21,ZL00565V,0,70175048,3,0,603195971,15003,3,0,0,31,1,987,31,70175048,0,0,0,14878,47654517112,176539763166
2022-01-22,ZL00565V,0,98222976,3,0,606475916,15018,3,0,0,31,1,987,31,98222976,0,0,0,14894,47710845584,176755623262
2022-01-23,ZL00565V,0,192164104,3,0,616245126,15050,3,0,0,31,1,989,31,192164104,0,0,0,14926,47835013696,177213677902
2022-01-24,ZL00565V,0,241075384,3,0,620584191,15066,3,0,0,31,1,989,31,241075384,0,0,0,14942,47905691880,177436051646
2022-01-25,ZL00565V,0,148408432,3,0,628262179,15098,3,0,0,31,1,991,31,148408432,0,0,0,14973,48019598208,177717760126
2022-01-26,ZL00565V,0,68688152,3,0,632326503,15114,3,0,0,31,1,991,31,68688152,0,0,0,14989,48078283688,177823495102
2022-01-27,ZL00565V,0,57069752,3,0,635501252,15130,3,0,0,31,1,992,31,57069752,0,0,0,15005,48140170648,177994130518
2022-01-28,ZL00565V,0,81913280,3,0,642088128,15161,3,0,0,31,1,993,31,81913280,0,0,0,15036,48268495032,178378931286
2022-01-29,ZL00565V,0,41955992,3,0,645073766,15177,3,0,0,31,1,994,31,41955992,0,0,0,15052,48330267848,178521342126
2022-01-30,ZL00565V,0,83943024,3,0,651492513,15209,3,0,0,31,1,995,31,83943024,0,0,0,15084,48455486568,178926392358
2022-01-31,ZL00565V,0,82666904,3,0,655645499,15225,3,0,0,31,1,996,31,82666904,0,0,0,15099,48522992968,179101750534
2022-02-01,ZL00565V,0,18843712,3,0,663288586,15256,3,0,0,29,1,997,29,18843712,0,0,0,15131,48653003696,179396198446
2022-02-02,ZL00565V,0,219142136,3,0,666691744,15272,3,0,0,29,1,998,29,219142136,0,0,0,15147,48729283648,179520216918
2022-02-03,ZL00565V,0,148534112,3,0,673307996,15304,3,0,0,29,1,999,29,148534112,0,0,0,15178,48869385776,179797788038
2022-02-04,ZL00565V,0,116002568,3,0,676387212,15320,3,0,0,29,1,1000,29,116002568,0,0,0,15194,48938039352,179940743558
2022-02-05,ZL00565V,0,147533600,3,0,682859179,15352,3,0,0,28,1,1001,28,147533600,0,0,0,15226,49076497584,180322097782
2022-02-06,ZL00565V,0,134822008,3,0,685984569,15367,3,0,0,28,1,1002,28,134822008,0,0,0,15241,49154714552,180475310118
2022-02-07,ZL00565V,0,103236792,3,0,694509867,15399,3,0,0,29,1,1003,29,103236792,0,0,0,15273,49279034216,180807686694
2022-02-08,ZL00565V,0,81436448,3,0,697562374,15415,3,0,0,29,1,1004,29,81436448,0,0,0,15289,49351572024,180957489310
2022-02-09,ZL00565V,0,225580784,3,0,704767049,15447,3,0,0,29,1,1005,29,225580784,0,0,0,15321,49487181248,181210165222
2022-02-10,ZL00565V,0,164078864,3,0,710995986,15479,3,0,0,30,1,1007,30,164078864,0,0,0,15352,49626556016,181497569910
2022-02-11,ZL00565V,0,139999440,3,0,713955503,15495,3,0,0,29,1,1007,29,139999440,0,0,0,15368,49702644176,181641543574
2022-02-12,ZL00565V,0,42807520,3,0,720044988,15526,3,0,0,29,1,1009,29,42807520,0,0,0,15400,49812250088,181923027326
2022-02-13,ZL00565V,0,77746224,3,0,723632445,15542,3,0,0,29,1,1009,29,77746224,0,0,0,15415,49875973992,182138383054
2022-02-14,ZL00565V,0,14554792,3,0,731984376,15574,3,0,0,29,1,1011,29,14554792,0,0,0,15447,49992189848,182447257598
2022-02-15,ZL00565V,0,208810440,3,0,734918909,15590,3,0,0,28,1,1011,28,208810440,0,0,0,15463,50053701896,182580001198
2022-02-16,ZL00565V,0,65519248,3,0,742237475,15621,3,0,0,29,1,1013,29,65519248,0,0,0,15494,50173038600,182805654710
2022-02-17,ZL00565V,0,1436160,3,0,745832517,15637,3,0,0,28,1,1013,28,1436160,0,0,0,15510,50229461144,182929289966
2022-02-18,ZL00565V,0,127334152,3,0,751448389,15669,3,0,0,29,1,1015,29,127334152,0,0,0,15542,50296093208,183232696750
2022-02-19,ZL00565V,0,123648408,3,0,754348964,15685,3,0,0,29,1,1015,29,123648408,0,0,0,15557,50329906128,183439338902
2022-02-20,ZL00565V,0,36595408,3,0,761112427,15716,3,0,0,29,1,1016,29,36595408,0,0,0,15589,50395509520,183774964286
2022-02-21,ZL00565V,0,226397840,3,0,764740258,15732,3,0,0,28,1,1017,28,226397840,0,0,0,15605,50429026712,183931249526
2022-02-22,ZL00565V,0,84182200,3,0,769372625,15764,3,0,0,29,1,1018,29,84182200,0,0,0,15636,50488036936,184218305326
2022-02-23,ZL00565V,0,225467304,3,0,773609382,15780,3,0,0,28,1,1019,28,225467304,0,0,0,15652,50522142280,184325485086
2022-02-24,ZL00565V,0,77764976,3,0,779057223,15811,3,0,0,28,1,1022,28,77764976,0,0,0,15683,50590976984,184597229430
2022-02-25,ZL00565V,0,109740600,3,0,781876197,15827,3,0,0,29,1,1022,29,109740600,0,0,0,15699,50638160360,184826162486
2022-02-26,ZL00565V,0,218709880,3,0,787008541,15859,3,0,0,29,1,1024,29,218709880,0,0,0,15730,50701326408,185116106574
2022-02-27,ZL00565V,0,167735760,3,0,789702345,15875,3,0,0,29,1,1024,29,167735760,0,0,0,15746,50736087968,185274511550
2022-02-28,ZL00565V,0,65858008,3,0,797432131,15906,3,0,0,28,1,1026,28,65858008,0,0,0,15777,50796374896,185600628310
2022-03-01,ZL00565V,0,222742416,3,0,799583747,15922,3,0,0,28,1,1026,28,222742416,0,0,0,15793,50825626920,185728260694
2022-03-02,ZL00565V,0,7348400,3,0,806040031,15954,3,0,0,27,1,1028,27,7348400,0,0,0,15824,50875477256,185951297798
2022-03-03,ZL00565V,0,160721880,3,0,808091545,15970,3,0,0,27,1,1028,27,160721880,0,0,0,15840,50908568784,186071579750
2022-03-04,ZL00565V,0,240414712,3,0,811745603,16001,3,0,0,27,1,1030,27,240414712,0,0,0,15872,50963400496,186340581574
2022-03-05,ZL00565V,0,155989528,3,0,813716923,16017,3,0,0,28,1,1030,28,155989528,0,0,0,15887,50991877544,186471819974
2022-03-06,ZL00565V,0,81068760,3,0,819294402,16049,3,0,0,29,1,1032,29,81068760,0,0,0,15919,51051832792,186825225566
2022-03-07,ZL00565V,0,63949296,3,0,822924238,16065,3,0,0,28,1,1032,28,63949296,0,0,0,15935,51093096600,187010982926
2022-03-08,ZL00565V,0,150642304,3,0,827480183,16096,3,0,0,28,1,1034,28,150642304,0,0,0,15966,51164070760,187270842566
2022-03-09,ZL00565V,0,62902160,3,0,831146873,16112,3,0,0,28,1,1034,28,62902160,0,0,0,15982,51207695808,187383618206
2022-03-10,ZL00565V,0,212076176,3,0,837454743,16144,3,0,0,29,1,1036,29,212076176,0,0,0,16014,51291769136,187692859582
2022-03-11,ZL00565V,0,206265488,3,0,840264535,16160,3,0,0,29,1,1036,29,206265488,0,0,0,16029,51333984880,187888973782
2022-03-12,ZL00565V,0,201611760,3,0,845760560,16191,3,0,0,29,1,1038,29,201611760,0,0,0,16061,51414600576,188291985942
2022-03-13,ZL00565V,0,209107184,3,0,848637080,16207,3,0,0,29,1,1038,29,209107184,0,0,0,16077,51461569624,188496653054
2022-03-14,ZL00565V,0,36888632,3,0,857036645,16239,3,0,0,29,1,1040,29,36888632,0,0,0,16108,51551683928,188966742254
2022-03-15,ZL00565V,0,16751056,3,0,862668775,16270,3,0,0,29,1,1041,29,16751056,0,0,0,16140,51642451712,189344118662
2022-03-16,ZL00565V,0,149824904,3,0,866293532,16286,3,0,0,29,1,1042,29,149824904,0,0,0,16155,51694401288,189425242934
2022-03-17,ZL00565V,0,40212096,3,0,870344883,16302,3,0,0,29,1,1042,29,40212096,0,0,0,16171,51742505648,189511666398
2022-03-18,ZL00565V,0,194661480,3,0,876161804,16334,3,0,0,29,1,1044,29,194661480,0,0,0,16202,51824649040,189828113230
2022-03-19,ZL00565V,0,121886768,3,0,879052598,16350,3,0,0,29,1,1044,29,121886768,0,0,0,16218,51876194560,189947933638
2022-03-20,ZL00565V,0,238756192,3,0,884850150,16382,3,0,0,29,1,1046,29,238756192,0,0,0,16250,51971405432,190213732854
2022-03-21,ZL00565V,0,125162352,3,0,893395759,16414,3,0,0,29,1,1047,29,125162352,0,0,0,16282,52047780800,190512045078
2022-03-22,ZL00565V,0,47934880,3,0,896459242,16429,3,0,0,29,1,1047,29,47934880,0,0,0,16298,52084877752,190641861366
2022-03-23,ZL00565V,0,139759928,3,0,903412942,16461,3,0,0,29,1,1049,29,139759928,0,0,0,16329,52164439624,190898265230
2022-03-24,ZL00565V,0,78062240,3,0,906550572,16477,3,0,0,29,1,1050,29,78062240,0,0,0,16345,52209570760,191035577110
2022-03-25,ZL00565V,0,187410016,3,0,912810114,16508,3,0,0,29,1,1051,29,187410016,0,0,0,16377,52303868056,191294768302
2022-03-26,ZL00565V,0,127884272,3,0,915886085,16524,3,0,0,29,1,1052,29,127884272,0,0,0,16392,52342496152,191440755126
2022-03-27,ZL00565V,0,137810848,3,0,923232936,16556,3,0,0,30,1,1053,30,137810848,0,0,0,16424,52424755952,191856703502
2022-03-28,ZL00565V,0,170979968,3,0,927868630,16572,3,0,0,30,1,1053,30,170979968,0,0,0,16440,52468369312,192090400038
2022-03-29,ZL00565V,0,204626968,3,0,935735094,16603,3,0,0,29,1,1055,29,204626968,0,0,0,16471,52550873608,192529824758
2022-03-30,ZL00565V,0,103170528,3,0,939014127,16619,3,0,0,29,1,1055,29,103170528,0,0,0,16487,52600860640,192622521942
2022-03-31,ZL00565V,0,131887832,3,0,943827379,16651,3,0,0,29,1,1057,29,131887832,0,0,0,16518,52681508248,192814732350
2022-04-01,ZL00565V,0,16161976,3,0,945873817,16667,3,0,0,29,1,1057,29,16161976,0,0,0,16534,52710478728,192914176686
2022-04-02,ZL00565V,0,155105472,3,0,954597229,16698,3,0,0,29,1,1059,29,155105472,0,0,0,16566,52770081976,193237657566
2022-04-03,ZL00565V,0,204575736,3,0,957549017,16714,3,0,0,30,1,1059,30,204575736,0,0,0,16582,52797305976,193504044470
2022-04-04,ZL00565V,0,241982728,3,0,966347787,16746,3,0,0,29,1,1061,29,241982728,0,0,0,16613,52840807024,193986232046
2022-04-05,ZL00565V,0,206651096,3,0,969431337,16762,3,0,0,29,1,1061,29,206651096,0,0,0,16629,52863557912,194172290198
2022-04-06,ZL00565V,0,27248880,3,0,975472138,16794,3,0,0,28,1,1063,28,27248880,0,0,0,16661,52918810464,194425917222
2022-04-07,ZL00565V,0,183181632,3,0,977536793,16809,3,0,0,28,1,1063,28,183181632,0,0,0,16676,52946019936,194554640502
2022-04-08,ZL00565V,0,70124872,3,0,981727531,16841,3,0,0,29,1,1065,29,70124872,0,0,0,16708,53004021328,194871863830
2022-04-09,ZL00565V,0,53685144,3,0,984708982,16857,3,0,0,29,1,1065,29,53685144,0,0,0,16724,53047041696,195056544390
2022-04-10,ZL00565V,0,22261320,3,0,990659002,16889,3,0,0,29,1,1067,29,22261320,0,0,0,16755,53146494296,195413949526
2022-04-11,ZL00565V,0,29638456,3,0,995240443,16905,3,0,0,29,1,1067,29,29638456,0,0,0,16771,53187059624,195624901966
2022-04-12,ZL00565V,0,232776944,3,0,1762193,16936,3,0,0,29,1,1069,29,232776944,0,0,0,16802,53265497600,195993743686
2022-04-13,ZL00565V,0,128365072,3,0,5164528,16952,3,0,0,29,1,1069,29,128365072,0,0,0,16818,53301003456,196097966670
2022-04-14,ZL00565V,0,21752360,3,0,11040396,16984,3,0,0,29,1,1072,29,21752360,0,0,0,16850,53384479248,196396159654
2022-04-15,ZL00565V,0,211225688,3,0,13119001,17000,3,0,0,28,1,1072,28,211225688,0,0,0,16866,53418287408,196551824822
2022-04-16,ZL00565V,0,98269728,3,0,17137462,17031,3,0,0,28,1,1074,28,98269728,0,0,0,16897,53473864464,196871573214
2022-04-17,ZL00565V,0,67489424,3,0,19211632,17047,3,0,0,29,1,1074,29,67489424,0,0,0,16913,53502913192,197055885078
2022-04-18,ZL00565V,0,7460976,3,0,25811611,17079,3,0,0,28,1,1076,28,7460976,0,0,0,16945,53558756160,197428295374
2022-04-19,ZL00565V,0,189086616,3,0,27721247,17095,3,0,0,28,1,1076,28,189086616,0,0,0,16960,53587706712,197580970462
2022-04-20,ZL00565V,0,230980872,3,0,34112368,17126,3,0,0,29,1,1079,29,230980872,0,0,0,16991,53646568920,197808143254
2022-04-21,ZL00565V,0,172941800,3,0,36370188,17142,3,0,0,28,1,1079,28,172941800,0,0,0,17007,53676112744,197964701054
2022-04-22,ZL00565V,0,30080408,3,0,40003275,17174,3,0,0,28,1,1080,28,30080408,0,0,0,17039,53733122904,198253111078
2022-04-23,ZL00565V,0,7032512,3,0,41930581,17190,3,0,0,29,1,1081,29,7032512,0,0,0,17055,53766313888,198441012958
2022-04-24,ZL00565V,0,215058512,3,0,46816652,17221,3,0,0,29,1,1082,29,215058512,0,0,0,17086,53850291096,198809202718
2022-04-25,ZL00565V,0,183185360,3,0,54362384,17253,3,0,0,29,1,1084,29,183185360,0,0,0,17118,53924718920,199191183158
2022-04-26,ZL00565V,0,176205448,3,0,56860361,17269,3,0,0,29,1,1084,29,176205448,0,0,0,17134,53965781792,199387281174
2022-04-27,ZL00565V,0,25164552,3,0,62777277,17301,3,0,0,29,1,1086,29,25164552,0,0,0,17165,54040837840,199649465526
2022-04-28,ZL00565V,0,203085200,3,0,66150006,17316,3,0,0,29,1,1086,29,203085200,0,0,0,17181,54078295792,199789928222
2022-04-29,ZL00565V,0,223153344,3,0,71810806,17348,3,0,0,28,1,1088,28,223153344,0,0,0,17212,54139616968,199992816006
2022-04-30,ZL00565V,0,190148888,3,0,73895290,17364,3,0,0,28,1,1088,28,190148888,0,0,0,17228,54182536120,200161033942
2022-05-01,ZL00565V,0,109700256,3,0,79719452,17396,3,0,0,29,1,1090,29,109700256,0,0,0,17260,54248768408,200502634894
2022-05-02,ZL00565V,0,65894344,3,0,82364521,17411,3,0,0,28,1,1090,28,65894344,0,0,0,17275,54289479032,200662259726
2022-05-03,ZL00565V,0,8704888,3,0,86128810,17443,3,0,0,29,1,1092,29,8704888,0,0,0,17307,54366167784,201016663214
2022-05-04,ZL00565V,0,148967720,3,0,90025744,17459,3,0,0,29,1,1092,29,148967720,0,0,0,17323,54406977960,201116115870
2022-05-05,ZL00565V,0,30489944,3,0,95144921,17491,3,0,0,29,1,1095,29,30489944,0,0,0,17354,54481024808,201411872750
2022-05-06,ZL00565V,0,242099752,3,0,97506792,17506,3,0,0,29,1,1095,29,242099752,0,0,0,17370,54521950600,201582556766
2022-05-07,ZL00565V,0,198269032,3,0,104392188,17538,3,0,0,29,1,1097,29,198269032,0,0,0,17402,54601203776,201947754838
2022-05-08,ZL00565V,0,185904176,3,0,106937412,17554,3,0,0,29,1,1097,29,185904176,0,0,0,17417,54641110024,202139624382
2022-05-09,ZL00565V,0,144798856,3,0,114160441,17586,3,0,0,28,1,1099,28,144798856,0,0,0,17449,54730370400,202497540518
2022-05-10,ZL00565V,0,85676376,3,0,116251276,17602,3,0,0,28,1,1099,28,85676376,0,0,0,17465,54769866488,202643062622
2022-05-11,ZL00565V,0,147572136,3,0,122674368,17633,3,0,0,28,1,1101,28,147572136,0,0,0,17497,54847808536,202871156966
2022-05-12,ZL00565V,0,113744272,3,0,124988683,17649,3,0,0,29,1,1101,29,113744272,0,0,0,17512,54884773992,203044504342
2022-05-13,ZL00565V,0,24889624,3,0,129467420,17681,3,0,0,29,1,1103,29,24889624,0,0,0,17544,54954287264,203374417734
2022-05-14,ZL00565V,0,220362072,3,0,131807864,17697,3,0,0,29,1,1103,29,220362072,0,0,0,17560,54990450784,203533726662
2022-05-15,ZL00565V,0,142032176,3,0,137504079,17729,3,0,0,29,1,1104,29,142032176,0,0,0,17591,55065503488,203868626398
2022-05-16,ZL00565V,0,111644000,3,0,141203113,17745,3,0,0,28,1,1105,28,111644000,0,0,0,17607,55098241208,204049641182
2022-05-17,ZL00565V,0,8844040,3,0,145570598,17776,3,0,0,29,1,1106,29,8844040,0,0,0,17639,55164130664,204369233382
2022-05-18,ZL00565V,0,141646928,3,0,148973447,17792,3,0,0,29,1,1107,29,141646928,0,0,0,17655,55198096464,204468070470
2022-05-19,ZL00565V,0,48312840,3,0,153561482,17824,3,0,0,28,1,1109,28,48312840,0,0,0,17686,55266835000,204794279366
2022-05-20,ZL00565V,0,3699712,3,0,155683613,17840,3,0,0,29,1,1109,29,3699712,0,0,0,17702,55307132944,204953508926
2022-05-21,ZL00565V,0,103221104,3,0,159615500,17871,3,0,0,29,1,1111,29,103221104,0,0,0,17733,55391384320,205212920070
2022-05-22,ZL00565V,0,81378008,3,0,162270262,17887,3,0,0,29,1,1111,29,81378008,0,0,0,17749,55450080016,205376521942
2022-05-23,ZL00565V,0,64773976,3,0,170609668,17919,3,0,0,29,1,1113,29,64773976,0,0,0,17780,55538014512,205760265118
2022-05-24,ZL00565V,0,40998440,3,0,173205934,17935,3,0,0,29,1,1113,29,40998440,0,0,0,17796,55590247928,205928396798
2022-05-25,ZL00565V,0,147660344,3,0,179735857,17966,3,0,0,29,1,1116,29,147660344,0,0,0,17827,55692364976,206177082286
2022-05-26,ZL00565V,0,124430304,3,0,182090742,17982,3,0,0,29,1,1116,29,124430304,0,0,0,17843,55738342264,206352015750
2022-05-27,ZL00565V,0,42217440,3,0,186614827,18014,3,0,0,29,1,1118,29,42217440,0,0,0,17875,55829947336,206666480086
2022-05-28,ZL00565V,0,206628160,3,0,191442110,18045,3,0,0,29,1,1119,29,206628160,0,0,0,17906,55911723448,206993255526
2022-05-29,ZL00565V,0,175880992,3,0,194484942,18061,3,0,0,29,1,1119,29,175880992,0,0,0,17922,55951592920,207166779518
2022-05-30,ZL00565V,0,152451456,3,0,202501143,18093,3,0,0,29,1,1121,29,152451456,0,0,0,17953,56031291928,207551932534
2022-05-31,ZL00565V,0,132051080,3,0,205221298,18109,3,0,0,29,1,1121,29,132051080,0,0,0,17969,56085030656,207721934062
2022-06-01,ZL00565V,0,157902304,3,0,212027574,18141,3,0,0,29,1,1126,29,157902304,0,0,0,18000,56168731304,207908225270
2022-06-02,ZL00565V,0,85808408,3,0,216800908,18172,3,0,0,29,1,1127,29,85808408,0,0,0,18032,56262800840,208230343486
2022-06-03,ZL00565V,0,16508424,3,0,218583334,18188,3,0,0,28,1,1128,28,16508424,0,0,0,18048,56302637888,208365347358
2022-06-04,ZL00565V,0,182391536,3,0,223707104,18220,3,0,0,29,1,1129,29,182391536,0,0,0,18079,56387829104,208690180334
2022-06-05,ZL00565V,0,198303112,3,0,227411532,18236,3,0,0,29,1,1130,29,198303112,0,0,0,18095,56428917136,208909144646
2022-06-07,ZL00565V,0,180010544,3,0,236999925,18283,3,0,0,28,1,1132,28,180010544,0,0,0,18142,56582509480,209469682310
2022-06-08,ZL00565V,0,4249616,3,0,242706905,18315,3,0,0,29,1,1133,29,4249616,0,0,0,18174,56654236744,209710475430
2022-06-09,ZL00565V,0,176938664,3,0,244720909,18330,3,0,0,28,1,1134,28,176938664,0,0,0,18189,56690005528,209847395694
2022-06-10,ZL00565V,0,98942160,3,0,249298019,18362,3,0,0,29,1,1135,29,98942160,0,0,0,18221,56773888856,210173797166
2022-06-11,ZL00565V,0,61865424,3,0,251571572,18378,3,0,0,29,1,1136,29,61865424,0,0,0,18237,56807186016,210347563910
2022-06-12,ZL00565V,0,91748368,3,0,258323300,18410,3,0,0,30,1,1137,30,91748368,0,0,0,18268,56893812384,210779102022
2022-06-13,ZL00565V,0,92244424,3,0,262599163,18425,3,0,0,29,1,1138,29,92244424,0,0,0,18284,56935933712,210981617662
2022-06-14,ZL00565V,0,12611616,3,0,268119545,18457,3,0,0,29,1,1139,29,12611616,0,0,0,18315,57019220072,211306980662
2022-06-15,ZL00565V,0,135819424,3,0,271846619,18473,3,0,0,29,1,1140,29,135819424,0,0,0,18331,57065551408,211383857134
2022-06-16,ZL00565V,0,15348616,3,0,276972319,18504,3,0,0,29,1,1142,29,15348616,0,0,0,18362,57144557872,211672661174
2022-06-17,ZL00565V,0,197888280,3,0,278785417,18520,3,0,0,28,1,1143,28,197888280,0,0,0,18378,57184909952,211814848758
2022-06-18,ZL00565V,0,58176968,3,0,282503047,18552,3,0,0,29,1,1144,29,58176968,0,0,0,18409,57261602896,212086725990
2022-06-19,ZL00565V,0,84072168,3,0,285824171,18568,3,0,0,29,1,1145,29,84072168,0,0,0,18425,57308561288,212309803630
2022-06-20,ZL00565V,0,89378144,3,0,293327088,18599,3,0,0,29,1,1146,29,89378144,0,0,0,18457,57392742600,212719210054
2022-06-21,ZL00565V,0,63562280,3,0,295681393,18615,3,0,0,29,1,1147,29,63562280,0,0,0,18472,57435440760,212894836750
2022-06-22,ZL00565V,0,151718712,3,0,301294228,18647,3,0,0,29,1,1148,29,151718712,0,0,0,18504,57526715136,213135859454
2022-06-23,ZL00565V,0,85910960,3,0,303750468,18663,3,0,0,28,1,1149,28,85910960,0,0,0,18520,57577858504,213263049046
2022-06-24,ZL00565V,0,4134632,3,0,307893698,18695,3,0,0,29,1,1150,29,4134632,0,0,0,18551,57657163600,213590249422
2022-06-25,ZL00565V,0,200216056,3,0,310157005,18710,3,0,0,28,1,1151,28,200216056,0,0,0,18567,57693371424,213750123022
2022-06-26,ZL00565V,0,179070752,3,0,316613276,18742,3,0,0,30,1,1152,30,179070752,0,0,0,18599,57757128992,214153501638
2022-06-27,ZL00565V,0,127091928,3,0,319369245,18758,3,0,0,28,1,1153,28,127091928,0,0,0,18614,57788285504,214314507014
2022-06-28,ZL00565V,0,15430512,3,0,323102569,18790,3,0,0,29,1,1154,29,15430512,0,0,0,18646,57850616480,214628796622
2022-06-29,ZL00565V,0,148730856,3,0,327353607,18806,3,0,0,28,1,1155,28,148730856,0,0,0,18662,57886285296,214726428150
2022-06-30,ZL00565V,0,87095328,3,0,330983453,18837,3,0,0,29,1,1157,29,87095328,0,0,0,18693,57945135024,215094224222
2022-07-01,ZL00565V,0,66521696,3,0,332817545,18853,3,0,0,29,1,1158,29,66521696,0,0,0,18709,57992669840,215270256766
2022-07-02,ZL00565V,0,56848184,3,0,337630583,18885,3,0,0,30,1,1159,30,56848184,0,0,0,18741,58088707416,215652827222
2022-07-03,ZL00565V,0,90271792,3,0,343190768,18901,3,0,0,30,1,1159,30,90271792,0,0,0,18757,58135175560,215883923318
2022-07-04,ZL00565V,0,145751240,3,0,350830805,18933,3,0,0,29,1,1161,29,145751240,0,0,0,18788,58231468960,216331390774
2022-07-05,ZL00565V,0,133451216,3,0,352763614,18948,3,0,0,29,1,1161,29,133451216,0,0,0,18804,58272436112,216522264302
2022-07-06,ZL00565V,0,203198560,3,0,359060882,18980,3,0,0,29,1,1163,29,203198560,0,0,0,18835,58342642496,216765945894
2022-07-07,ZL00565V,0,186078736,3,0,363145346,19012,3,0,0,28,1,1164,28,186078736,0,0,0,18867,58420232064,217159517982
2022-07-08,ZL00565V,0,153716960,3,0,364831967,19027,3,0,0,28,1,1165,28,153716960,0,0,0,18882,58446900472,217344628910
2022-07-09,ZL00565V,0,59439872,3,0,368522520,19059,3,0,0,28,1,1166,28,59439872,0,0,0,18914,58524789096,217660744534
2022-07-10,ZL00565V,0,66459248,3,0,372166046,19075,3,0,0,29,1,1167,29,66459248,0,0,0,18930,58551364744,217885328894
2022-07-11,ZL00565V,0,240771648,3,0,376956639,19107,3,0,0,28,1,1168,28,240771648,0,0,0,18961,58618321784,218236825014
2022-07-12,ZL00565V,0,189300216,3,0,378381870,19122,3,0,0,28,1,1169,28,189300216,0,0,0,18977,58651679936,218396136166
2022-07-13,ZL00565V,0,65970704,3,0,381933666,19138,3,0,0,29,1,1169,29,65970704,0,0,0,18993,58684944928,218483682390
2022-07-14,ZL00565V,0,27004912,3,0,387182787,19170,3,0,0,29,1,1172,29,27004912,0,0,0,19024,58771447544,218846495758
2022-07-15,ZL00565V,0,27966856,3,0,389356575,19186,3,0,0,28,1,1172,28,27966856,0,0,0,19040,58807878160,219055167934
2022-07-16,ZL00565V,0,211325040,3,0,392925262,19218,3,0,0,28,1,1174,28,211325040,0,0,0,19072,58891684544,219398860526
2022-07-17,ZL00565V,0,201668088,3,0,394923298,19233,3,0,0,29,1,1174,29,201668088,0,0,0,19087,58931637032,219593391958
2022-07-18,ZL00565V,0,128508216,3,0,401105755,19265,3,0,0,28,1,1176,28,128508216,0,0,0,19119,59000528744,219939621638
2022-07-19,ZL00565V,0,76387624,3,0,402762481,19281,3,0,0,28,1,1176,28,76387624,0,0,0,19135,59031925056,220100245462
2022-07-20,ZL00565V,0,171165360,3,0,408856490,19312,3,0,0,28,1,1178,28,171165360,0,0,0,19166,59100855392,220370233534
2022-07-21,ZL00565V,0,124633704,3,0,412733481,19344,3,0,0,29,1,1179,29,124633704,0,0,0,19198,59171909656,220740928998
2022-07-22,ZL00565V,0,86831464,3,0,414454667,19360,3,0,0,28,1,1180,28,86831464,0,0,0,19213,59203151872,220916025334
2022-07-23,ZL00565V,0,103313064,3,0,417318728,19392,3,0,0,29,1,1181,29,103313064,0,0,0,19245,59254773016,221125026718
2022-07-24,ZL00565V,0,54295928,3,0,421270214,19407,3,0,0,29,1,1182,29,54295928,0,0,0,19261,59282761704,221292161534
2022-07-25,ZL00565V,0,134233120,3,0,425115704,19439,3,0,0,29,1,1183,29,134233120,0,0,0,19292,59343137128,221555863942
2022-07-26,ZL00565V,0,84806152,3,0,426919551,19455,3,0,0,28,1,1184,28,84806152,0,0,0,19308,59382766528,221710948486
2022-07-27,ZL00565V,0,134376600,3,0,432668420,19487,3,0,0,29,1,1185,29,134376600,0,0,0,19340,59442080840,221945345270
2022-07-28,ZL00565V,0,101569920,3,0,434560105,19502,3,0,0,28,1,1186,28,101569920,0,0,0,19355,59477912240,222120847934
2022-07-29,ZL00565V,0,235161864,3,0,437906207,19534,3,0,0,28,1,1187,28,235161864,0,0,0,19387,59540985680,222435507102
2022-07-30,ZL00565V,0,194519344,3,0,439648022,19550,3,0,0,28,1,1187,28,194519344,0,0,0,19403,59573108056,222606882926
2022-07-31,ZL00565V,0,175122144,3,0,445763832,19582,3,0,0,29,1,1189,29,175122144,0,0,0,19434,59636791240,223012084222
2022-08-01,ZL00565V,0,189812408,3,0,448333554,19597,3,0,0,29,1,1189,29,189812408,0,0,0,19450,59666940896,223240765654
2022-08-02,ZL00565V,0,136872952,3,0,451930671,19629,3,0,0,29,1,1191,29,136872952,0,0,0,19482,59727661776,223615386878
2022-08-03,ZL00565V,0,24736328,3,0,456147234,19645,3,0,0,28,1,1192,28,24736328,0,0,0,19497,59762317672,223712735030
2022-08-04,ZL00565V,0,163096360,3,0,459741905,19677,3,0,0,28,1,1193,28,163096360,0,0,0,19529,59813409680,224044143710
2022-08-05,ZL00565V,0,161940136,3,0,461632040,19693,3,0,0,29,1,1194,29,161940136,0,0,0,19545,59853284336,224247253478
2022-08-06,ZL00565V,0,149317192,3,0,464967907,19724,3,0,0,28,1,1195,28,149317192,0,0,0,19577,59917849216,224658347190
2022-08-07,ZL00565V,0,166750264,3,0,467381319,19740,3,0,0,28,1,1195,28,166750264,0,0,0,19592,59948725368,224889044814
2022-08-08,ZL00565V,0,198787176,3,0,473603744,19772,3,0,0,28,1,1197,28,198787176,0,0,0,19624,60016763744,225341326454
2022-08-09,ZL00565V,0,192118408,3,0,475878236,19787,3,0,0,28,1,1197,28,192118408,0,0,0,19640,60054938016,225540624062
2022-08-10,ZL00565V,0,65410128,3,0,482636553,19819,3,0,0,28,1,1199,28,65410128,0,0,0,19671,60174818112,225782316950
2022-08-11,ZL00565V,0,57483568,3,0,484965924,19835,3,0,0,28,1,1199,28,57483568,0,0,0,19687,60207131264,225986218086
2022-08-12,ZL00565V,0,53143440,3,0,489491590,19867,3,0,0,29,1,1201,29,53143440,0,0,0,19718,60272943800,226404346958
2022-08-13,ZL00565V,0,19583680,3,0,491734668,19883,3,0,0,28,1,1201,28,19583680,0,0,0,19734,60306935280,226580936350
2022-08-14,ZL00565V,0,156057544,3,0,497529339,19914,3,0,0,29,1,1203,29,156057544,0,0,0,19765,60359517584,226908968542
2022-08-15,ZL00565V,0,68205632,3,0,500948832,19930,3,0,0,28,1,1203,28,68205632,0,0,0,19781,60393767304,227031007558
2022-08-16,ZL00565V,0,167122992,3,0,508229657,19962,3,0,0,28,1,1205,28,167122992,0,0,0,19813,60442710912,227325122110
2022-08-17,ZL00565V,0,65829504,3,0,512290775,19977,3,0,0,29,1,1205,29,65829504,0,0,0,19828,60480555440,227430124958
2022-08-18,ZL00565V,0,33212208,3,0,516547968,20009,3,0,0,28,1,1207,28,33212208,0,0,0,19860,60557548240,227808796246
2022-08-19,ZL00565V,0,2044168,3,0,518407232,20025,3,0,0,28,1,1207,28,2044168,0,0,0,19875,60596332376,227982984918
2022-08-20,ZL00565V,0,105161000,3,0,521926393,20056,3,0,0,28,1,1209,28,105161000,0,0,0,19907,60657473592,228269101358
2022-08-21,ZL00565V,0,18233992,3,0,523682637,20072,3,0,0,29,1,1209,29,18233992,0,0,0,19923,60695962720,228387826014
2022-08-22,ZL00565V,0,147521712,3,0,530608020,20104,3,0,0,27,1,1211,27,147521712,0,0,0,19954,60746243800,228710973374
2022-08-23,ZL00565V,0,63900768,3,0,532453526,20120,3,0,0,28,1,1211,28,63900768,0,0,0,19970,60775821224,228841915718
2022-08-24,ZL00565V,0,115359824,3,0,539017971,20152,3,0,0,28,1,1214,28,115359824,0,0,0,20002,60844050592,229069286142
2022-08-25,ZL00565V,0,89094960,3,0,540948443,20167,3,0,0,28,1,1214,28,89094960,0,0,0,20017,60878281416,229252931134
2022-08-26,ZL00565V,0,131145888,3,0,544273579,20199,3,0,0,27,1,1216,27,131145888,0,0,0,20049,60939768584,229477635550
2022-08-27,ZL00565V,0,17265024,3,0,546024183,20215,3,0,0,28,1,1216,28,17265024,0,0,0,20064,60968873304,229578790614
2022-08-28,ZL00565V,0,175082704,3,0,550920138,20246,3,0,0,29,1,1217,29,175082704,0,0,0,20096,61033789240,229915833070
2022-08-29,ZL00565V,0,156103832,3,0,557710302,20278,3,0,0,29,1,1219,29,156103832,0,0,0,20127,61091289600,230327635294
2022-08-30,ZL00565V,0,67605650,3,0,559427874,20295,3,0,0,27,1,1226,27,67605650,0,0,0,20143,61114469920,230460097424
2022-08-31,ZL00565V,0,226123906,3,0,562835094,20311,3,0,0,29,1,1226,29,226123906,0,0,0,20159,61156580752,230576504848
2022-09-01,ZL00565V,0,131259472,3,0,568405920,20342,3,0,0,29,1,1228,29,131259472,0,0,0,20190,61213392872,230913109720
2022-09-02,ZL00565V,0,55446912,3,0,570887235,20358,3,0,0,29,1,1228,29,55446912,0,0,0,20206,61249744656,231045086176
2022-09-03,ZL00565V,0,206780400,3,0,576447371,20390,3,0,0,28,1,1229,28,206780400,0,0,0,20238,61322670512,231367634584
2022-09-04,ZL00565V,0,210417800,3,0,583992293,20422,3,0,0,30,1,1231,30,210417800,0,0,0,20269,61390113080,231792110728
2022-09-05,ZL00565V,0,244028408,3,0,589225466,20437,3,0,0,29,1,1232,29,244028408,0,0,0,20285,61427970656,232032004496
2022-09-06,ZL00565V,0,155410360,3,0,595467022,20469,3,0,0,29,1,1233,29,155410360,0,0,0,20316,61499358456,232360279944
2022-09-07,ZL00565V,0,41363344,3,0,599089358,20485,3,0,0,29,1,1233,29,41363344,0,0,0,20332,61536621464,232453110552
2022-09-08,ZL00565V,0,128656920,3,0,606331515,20517,3,0,0,29,1,1235,29,128656920,0,0,0,20364,61614134832,232707031816
2022-09-09,ZL00565V,0,145643832,3,0,609053081,20533,3,0,0,29,1,1236,29,145643832,0,0,0,20379,61659716144,232922579064
2022-09-10,ZL00565V,0,4945376,3,0,613625757,20564,3,0,0,29,1,1237,29,4945376,0,0,0,20411,61730117264,233199761024
2022-09-11,ZL00565V,0,26526120,3,0,616803662,20580,3,0,0,29,1,1238,29,26526120,0,0,0,20427,61775209456,233420390264
2022-09-12,ZL00565V,0,240331680,3,0,624451217,20612,3,0,0,28,1,1239,28,240331680,0,0,0,20458,61862779016,233790766896
2022-09-13,ZL00565V,0,191856536,3,0,626777580,20628,3,0,0,29,1,1240,29,191856536,0,0,0,20474,61908856792,233940354608
2022-09-14,ZL00565V,0,243930072,3,0,633489876,20660,3,0,0,28,1,1241,28,243930072,0,0,0,20505,61994172432,234151253200
2022-09-15,ZL00565V,0,141115896,3,0,637809376,20691,3,0,0,28,1,1243,28,141115896,0,0,0,20537,62066818224,234464074920
2022-09-16,ZL00565V,0,116497184,3,0,639590040,20707,3,0,0,28,1,1244,28,116497184,0,0,0,20553,62097600616,234652814528
2022-09-17,ZL00565V,0,198187800,3,0,643528739,20739,3,0,0,29,1,1245,29,198187800,0,0,0,20584,62155249456,234920996936
2022-09-18,ZL00565V,0,179096960,3,0,647099322,20755,3,0,0,29,1,1246,29,179096960,0,0,0,20600,62184668056,235116628160
2022-09-19,ZL00565V,0,32953848,3,0,653160538,20786,3,0,0,28,1,1247,28,32953848,0,0,0,20631,62275238360,235368196176
2022-09-20,ZL00565V,0,182045048,3,0,654927075,20802,3,0,0,28,1,1248,28,182045048,0,0,0,20647,62309058800,235483466936
2022-09-21,ZL00565V,0,15001656,3,0,661237201,20834,3,0,0,29,1,1250,29,15001656,0,0,0,20678,62384320688,235729443080
2022-09-22,ZL00565V,0,208914496,3,0,663351221,20850,3,0,0,28,1,1251,28,208914496,0,0,0,20694,62411392944,235896283664
2022-09-23,ZL00565V,0,99719816,3,0,667998782,20881,3,0,0,29,1,1252,29,99719816,0,0,0,20725,62480050528,236206712776
2022-09-24,ZL00565V,0,59064400,3,0,670048474,20897,3,0,0,28,1,1253,28,59064400,0,0,0,20741,62503262728,236386985800
2022-09-25,ZL00565V,0,83786032,3,0,677081593,20929,3,0,0,30,1,1254,30,83786032,0,0,0,20773,62561484584,236841766928
2022-09-26,ZL00565V,0,110027280,3,0,681077068,20945,3,0,0,29,1,1255,29,110027280,0,0,0,20788,62600879936,237072753496
2022-09-27,ZL00565V,0,35060208,3,0,686431391,20976,3,0,0,29,1,1256,29,35060208,0,0,0,20820,62671904152,237415043520
2022-09-28,ZL00565V,0,143172760,3,0,690084504,20992,3,0,0,29,1,1257,29,143172760,0,0,0,20836,62704021272,237491038952
2022-09-29,ZL00565V,0,66153152,3,0,694364325,21024,3,0,0,29,1,1259,29,66153152,0,0,0,20867,62766515472,237839806464
2022-09-30,ZL00565V,0,11602952,3,0,696427622,21040,3,0,0,28,1,1259,28,11602952,0,0,0,20883,62794403168,238001509536
2022-10-01,ZL00565V,0,212888112,3,0,703321703,21071,3,0,0,29,1,1261,29,212888112,0,0,0,20914,62855114456,238386224064
2022-10-02,ZL00565V,0,181778312,3,0,706020428,21087,3,0,0,29,1,1261,29,181778312,0,0,0,20930,62890723688,238563645744
2022-10-03,ZL00565V,0,90898536,3,0,711820198,21119,3,0,0,28,1,1263,28,90898536,0,0,0,20962,62961099664,238890671336
2022-10-04,ZL00565V,0,37333848,3,0,713507769,21135,3,0,0,28,1,1263,28,37333848,0,0,0,20978,63001561864,239040785280
2022-10-05,ZL00565V,0,101069992,3,0,720169248,21166,3,0,0,29,1,1265,29,101069992,0,0,0,21009,63089174768,239261049176
2022-10-06,ZL00565V,0,49531304,3,0,721981711,21182,3,0,0,28,1,1266,28,49531304,0,0,0,21025,63133892112,239408933888
2022-10-07,ZL00565V,0,2656320,3,0,726093238,21214,3,0,0,29,1,1267,29,2656320,0,0,0,21056,63191857584,239792374872
2022-10-08,ZL00565V,0,187809968,3,0,727695302,21229,3,0,0,28,1,1268,28,187809968,0,0,0,21072,63219504096,239949882008
2022-10-09,ZL00565V,0,133765152,3,0,733465359,21261,3,0,0,32,1,1269,32,133765152,0,0,0,21103,63280313752,240323308952
2022-10-10,ZL00565V,0,41634440,3,0,737912083,21293,3,0,0,28,1,1270,28,41634440,0,0,0,21135,63350183840,240649589496
2022-10-11,ZL00565V,0,232977104,3,0,739671312,21309,3,0,0,28,1,1271,28,232977104,0,0,0,21151,63385022152,240806093848
2022-10-12,ZL00565V,0,115971680,3,0,743871529,21324,3,0,0,28,1,1271,28,115971680,0,0,0,21167,63419736536,240898514840
2022-10-13,ZL00565V,0,55420128,3,0,747948179,21356,3,0,0,27,1,1274,27,55420128,0,0,0,21198,63491073088,241254909384
2022-10-14,ZL00565V,0,241645184,3,0,749725067,21372,3,0,0,27,1,1274,27,241645184,0,0,0,21214,63522661416,241409546112
2022-10-15,ZL00565V,0,120381432,3,0,752892833,21404,3,0,0,28,1,1276,28,120381432,0,0,0,21246,63585478120,241713747040
2022-10-16,ZL00565V,0,103385296,3,0,755261823,21419,3,0,0,29,1,1276,29,103385296,0,0,0,21261,63622662280,241903707408
2022-10-17,ZL00565V,0,243863408,3,0,761444184,21451,3,0,0,28,1,1278,28,243863408,0,0,0,21293,63678693784,242232294744
2022-10-18,ZL00565V,0,219566680,3,0,763466614,21467,3,0,0,29,1,1278,29,219566680,0,0,0,21309,63723173744,242407658776
2022-10-19,ZL00565V,0,59677872,3,0,769820571,21499,3,0,0,28,1,1280,28,59677872,0,0,0,21340,63788325640,242670899712
2022-10-20,ZL00565V,0,43611368,3,0,771891740,21514,3,0,0,28,1,1280,28,43611368,0,0,0,21356,63827189200,242860110384
2022-10-21,ZL00565V,0,165406736,3,0,775153391,21546,3,0,0,28,1,1282,28,165406736,0,0,0,21387,63881010960,243172224640
2022-10-22,ZL00565V,0,112969592,3,0,777024574,21562,3,0,0,28,1,1282,28,112969592,0,0,0,21403,63914380536,243330558728
2022-10-23,ZL00565V,0,34989288,3,0,781980111,21594,3,0,0,29,1,1284,29,34989288,0,0,0,21435,63973464696,243681775680
2022-10-24,ZL00565V,0,18996216,3,0,785751959,21609,3,0,0,28,1,1284,28,18996216,0,0,0,21450,64009755952,243873632096
2022-10-25,ZL00565V,0,147913192,3,0,789221955,21641,3,0,0,28,1,1286,28,147913192,0,0,0,21482,64072740760,244183704952
2022-10-26,ZL00565V,0,48560552,3,0,792763206,21657,3,0,0,28,1,1286,28,48560552,0,0,0,21498,64113893176,244287340528
2022-10-27,ZL00565V,0,126174840,3,0,797958640,21689,3,0,0,28,1,1288,28,126174840,0,0,0,21529,64185390768,244537598136
2022-10-28,ZL00565V,0,17514880,3,0,802047178,21720,3,0,0,29,1,1289,29,17514880,0,0,0,21561,64263366008,244839244768
2022-10-29,ZL00565V,0,204595032,3,0,803952505,21736,3,0,0,28,1,1290,28,204595032,0,0,0,21577,64306457240,244983233688
2022-10-30,ZL00565V,0,159343672,3,0,810388398,21768,3,0,0,29,1,1291,29,159343672,0,0,0,21608,64380136264,245352585160
2022-10-31,ZL00565V,0,139804504,3,0,813698815,21784,3,0,0,28,1,1292,28,139804504,0,0,0,21624,64415990952,245541331944
2022-11-01,ZL00565V,0,45657928,3,0,818146944,21815,3,0,0,29,1,1293,29,45657928,0,0,0,21656,64494598736,245856859136
2022-11-02,ZL00565V,0,164045528,3,0,821811836,21831,3,0,0,27,1,1294,27,164045528,0,0,0,21671,64527825112,245942020360
2022-11-03,ZL00565V,0,202129456,3,0,825192745,21863,3,0,0,29,1,1295,29,202129456,0,0,0,21703,64587551312,246164518944
2022-11-04,ZL00565V,0,103769224,3,0,827000871,21879,3,0,0,28,1,1296,28,103769224,0,0,0,21718,64622090320,246275760528
2022-11-05,ZL00565V,0,174329920,3,0,830586351,21910,3,0,0,28,1,1297,28,174329920,0,0,0,21750,64701112416,246511439816
2022-11-06,ZL00565V,0,122952792,3,0,833334228,21926,3,0,0,28,1,1298,28,122952792,0,0,0,21766,64731096296,246674219640
2022-11-07,ZL00565V,0,28742944,3,0,839598953,21958,3,0,0,27,1,1299,27,28742944,0,0,0,21798,64787332896,247012054632
2022-11-08,ZL00565V,0,221533672,3,0,841662524,21974,3,0,0,28,1,1300,28,221533672,0,0,0,21813,64815620768,247176557488
2022-11-09,ZL00565V,0,240513864,3,0,847935789,22006,3,0,0,28,1,1302,28,240513864,0,0,0,21845,64878280856,247377018280
2022-11-10,ZL00565V,0,135291896,3,0,849710446,22021,3,0,0,27,1,1302,27,135291896,0,0,0,21861,64912455136,247481762744
2022-11-11,ZL00565V,0,125202936,3,0,852754695,22053,3,0,0,28,1,1304,28,125202936,0,0,0,21892,64973314064,247654955560
2022-11-12,ZL00565V,0,17435248,3,0,854426284,22069,3,0,0,27,1,1304,27,17435248,0,0,0,21908,65009155984,247755486640
2022-11-13,ZL00565V,0,155804408,3,0,859777868,22101,3,0,0,29,1,1306,29,155804408,0,0,0,21939,65073922072,248073230352
2022-11-14,ZL00565V,0,133117496,3,0,863596022,22117,3,0,0,28,1,1306,28,133117496,0,0,0,21955,65105210632,248263395704
2022-11-15,ZL00565V,0,59804704,3,0,867935803,22148,3,0,0,28,1,1308,28,59804704,0,0,0,21987,65172672712,248610904176
2022-11-16,ZL00565V,0,90556056,3,0,873060082,22180,3,0,0,28,1,1310,28,90556056,0,0,0,22018,65248736576,248809732672
2022-11-17,ZL00565V,0,191407024,3,0,877453644,22195,3,0,0,30,1,1310,30,191407024,0,0,0,22034,65279938032,248879382184
2022-11-18,ZL00565V,0,196701256,3,0,883817477,22227,3,0,0,29,1,1312,29,196701256,0,0,0,22065,65354953560,249053801688
2022-11-19,ZL00565V,0,99836680,3,0,887994806,22243,3,0,0,29,1,1312,29,99836680,0,0,0,22081,65388215840,249167815600
2022-11-20,ZL00565V,0,109937872,3,0,890881965,22259,3,0,0,29,1,1313,29,109937872,0,0,0,22097,65430109840,249380163624
2022-11-21,ZL00565V,0,108249040,3,0,899815387,22290,3,0,0,29,1,1314,29,108249040,0,0,0,22128,65493942408,249802923712
2022-11-22,ZL00565V,0,117809928,3,0,904545552,22306,3,0,0,28,1,1315,28,117809928,0,0,0,22144,65541135456,250009432184
2022-11-23,ZL00565V,0,148185984,3,0,911099327,22338,3,0,0,28,1,1316,28,148185984,0,0,0,22176,65600893488,250224190840
2022-11-24,ZL00565V,0,85431976,3,0,915742844,22370,3,0,0,28,1,1318,28,85431976,0,0,0,22207,65669142560,250581469128
2022-11-25,ZL00565V,0,45728568,3,0,917717985,22385,3,0,0,28,1,1319,28,45728568,0,0,0,22223,65701803880,250753245082
2022-11-26,ZL00565V,0,19622824,3,0,922179455,22417,3,0,0,29,1,1320,29,19622824,0,0,0,22254,65764923384,251152301538
2022-11-27,ZL00565V,0,24625920,3,0,925453660,22433,3,0,0,29,1,1321,29,24625920,0,0,0,22270,65790775112,251375593690
2022-11-28,ZL00565V,0,237925872,3,0,931855171,22465,3,0,0,29,1,1322,29,237925872,0,0,0,22302,65851914040,251771895498
2022-11-29,ZL00565V,0,209149128,3,0,933864842,22481,3,0,0,28,1,1323,28,209149128,0,0,0,22318,65895445376,251943728154
2022-11-30,ZL00565V,0,114717976,3,0,937338942,22496,3,0,0,28,1,1324,28,114717976,0,0,0,22333,65941244608,252047638402
2022-12-01,ZL00565V,0,24456776,3,0,942354652,22528,3,0,0,28,1,1326,28,24456776,0,0,0,22365,66001069416,252385833794
2022-12-02,ZL00565V,0,237294384,3,0,944319538,22544,3,0,0,28,1,1326,28,237294384,0,0,0,22380,66033501072,252566239746
2022-12-03,ZL00565V,0,173516888,3,0,948174250,22575,3,0,0,29,1,1327,29,173516888,0,0,0,22412,66095305080,252928939818
2022-12-04,ZL00565V,0,152097664,3,0,950379338,22591,3,0,0,29,1,1328,29,152097664,0,0,0,22427,66135101872,253111864434
2022-12-05,ZL00565V,0,170706152,3,0,958169891,22623,3,0,0,28,1,1329,28,170706152,0,0,0,22459,66216720224,253537136162
2022-12-06,ZL00565V,0,99164928,3,0,962220321,22655,3,0,0,29,1,1331,29,99164928,0,0,0,22490,66287996848,253882599714
2022-12-07,ZL00565V,0,211553008,3,0,966365288,22671,3,0,0,28,1,1331,28,211553008,0,0,0,22506,66325551536,253957433106
2022-12-08,ZL00565V,0,148263232,3,0,970813554,22702,3,0,0,28,1,1333,28,148263232,0,0,0,22538,66403181352,254304794914
2022-12-09,ZL00565V,0,181260640,3,0,974596529,22718,3,0,0,28,1,1333,28,181260640,0,0,0,22553,66436921336,254548193122
2022-12-11,ZL00565V,0,170041592,3,0,982905686,22766,3,0,0,29,1,1335,29,170041592,0,0,0,22601,66533439968,255172877538
2022-12-11,ZL00565V,0,170041592,3,0,982905686,22766,3,0,0,29,1,1335,29,170041592,0,0,0,22601,66533439968,255172877538
2022-12-12,ZL00565V,0,149611816,3,0,989456619,22797,3,0,0,29,1,1337,29,149611816,0,0,0,22632,66598099832,255576069170
2022-12-13,ZL00565V,0,114880536,3,0,991361850,22813,3,0,0,28,1,1337,28,114880536,0,0,0,22648,66629497784,255754080682
2022-12-14,ZL00565V,0,164358560,3,0,996504938,22845,3,0,0,28,1,1339,28,164358560,0,0,0,22680,66696967096,255980230154
2022-12-15,ZL00565V,0,155359912,3,0,998865060,22861,3,0,0,28,1,1339,28,155359912,0,0,0,22695,66734820424,256177518834
2022-12-16,ZL00565V,0,101475048,3,0,2697479,22892,3,0,0,28,1,1341,28,101475048,0,0,0,22727,66800706648,256546029290
2022-12-17,ZL00565V,0,76198520,3,0,4750570,22908,3,0,0,28,1,1341,28,76198520,0,0,0,22743,66836617488,256728982770
2022-12-18,ZL00565V,0,27674896,3,0,10574906,22940,3,0,0,29,1,1343,29,27674896,0,0,0,22774,66927837632,257077520466
2022-12-19,ZL00565V,0,240823864,3,0,13755456,22956,3,0,0,28,1,1343,28,240823864,0,0,0,22790,66966638776,257251868290
2022-12-20,ZL00565V,0,168181488,3,0,17373144,22988,3,0,0,29,1,1345,29,168181488,0,0,0,22822,67030737184,257603408946
2022-12-21,ZL00565V,0,229982024,3,0,23698706,23019,3,0,0,28,1,1346,28,229982024,0,0,0,22853,67095616760,257844470778
2022-12-22,ZL00565V,0,184785744,3,0,25621489,23035,3,0,0,28,1,1347,28,184785744,0,0,0,22869,67119471624,258019560362
2022-12-23,ZL00565V,0,26191336,3,0,28988755,23067,3,0,0,29,1,1348,29,26191336,0,0,0,22900,67178637992,258290080922
2022-12-24,ZL00565V,0,143548152,3,0,30244806,23083,3,0,0,28,1,1349,28,143548152,0,0,0,22916,67208134920,258377940810
2022-12-25,ZL00565V,0,12022064,3,0,36531114,23114,3,0,0,29,1,1350,29,12022064,0,0,0,22947,67275094000,258667737146
2022-12-26,ZL00565V,0,201002456,3,0,39216257,23130,3,0,0,28,1,1351,28,201002456,0,0,0,22963,67314981344,258816830194
2022-12-27,ZL00565V,0,31238280,3,0,43464611,23162,3,0,0,29,1,1352,29,31238280,0,0,0,22995,67372886496,259077442146
2022-12-28,ZL00565V,0,148222712,3,0,47412001,23178,3,0,0,28,1,1353,28,148222712,0,0,0,23010,67395265144,259172047930
2022-12-29,ZL00565V,0,48138840,3,0,50971904,23209,3,0,0,29,1,1354,29,48138840,0,0,0,23042,67460224952,259495286554
2022-12-30,ZL00565V,0,227694008,3,0,52571637,23225,3,0,0,28,1,1355,28,227694008,0,0,0,23058,67487906136,259647160538
2022-12-31,ZL00565V,0,193017440,3,0,56211446,23257,3,0,0,29,1,1356,29,193017440,0,0,0,23089,67543675088,260044996402
