2022-01-01,ZL0051SW,0,62781064,7,0,923657659,14855,6,0,0,37,1,2039,37,62781064,0,0,0,14481,72381626832,184273441144
2022-01-02,ZL0051SW,0,14437008,7,0,929814750,14887,6,0,0,37,1,2040,37,14437008,0,0,0,14512,72493790432,184601215136
2022-01-03,ZL0051SW,0,79907544,7,0,931844544,14902,6,0,0,37,1,2041,37,79907544,0,0,0,14528,72557434408,184847182504
2022-01-04,ZL0051SW,0,37969168,7,0,935973749,14934,6,0,0,37,1,2042,37,37969168,0,0,0,14559,72645154576,185205805280
2022-01-05,ZL0051SW,0,59471144,7,0,937964687,14949,6,0,0,37,1,2043,37,59471144,0,0,0,14574,72684560304,185432042328
2022-01-06,ZL0051SW,0,97722376,7,0,942270879,14981,6,0,0,38,1,2044,38,97722376,0,0,0,14606,72754219544,185888915592
2022-01-07,ZL0051SW,0,92628688,7,0,946091347,14996,6,0,0,37,1,2045,37,92628688,0,0,0,14621,72786413792,186095768432
2022-01-08,ZL0051SW,0,37662928,7,0,949903857,15028,6,0,0,38,1,2046,38,37662928,0,0,0,14652,72852810400,186462687440
2022-01-09,ZL0051SW,0,235087120,7,0,953643649,15043,6,0,0,37,1,2047,37,235087120,0,0,0,14668,72884687712,186628234320
2022-01-10,ZL0051SW,0,177261528,7,0,956996538,15075,6,0,0,37,1,2048,37,177261528,0,0,0,14699,72934433648,187008944200
2022-01-11,ZL0051SW,0,199915968,7,0,958846341,15090,6,0,0,36,1,2049,36,199915968,0,0,0,14715,72969368656,187240804264
2022-01-12,ZL0051SW,0,187571296,7,0,962750472,15122,6,0,0,37,1,2050,37,187571296,0,0,0,14746,73032038496,187654075408
2022-01-13,ZL0051SW,0,92611664,7,0,964463699,15137,6,0,0,37,1,2051,37,92611664,0,0,0,14761,73073395904,187761899016
2022-01-14,ZL0051SW,0,18145648,7,0,970579756,15169,6,0,0,37,1,2052,37,18145648,0,0,0,14792,73150424736,188098685464
2022-01-15,ZL0051SW,0,22327880,7,0,973006916,15184,6,0,0,37,1,2053,37,22327880,0,0,0,14808,73200911840,188296521664
2022-01-16,ZL0051SW,0,211143360,7,0,979488579,15216,6,0,0,37,1,2054,37,211143360,0,0,0,14839,73288201216,188642188592
2022-01-17,ZL0051SW,0,172906560,7,0,981960125,15231,6,0,0,37,1,2055,37,172906560,0,0,0,14855,73330664848,188805628976
2022-01-18,ZL0051SW,0,128476328,7,0,985880163,15262,6,0,0,36,1,2056,36,128476328,0,0,0,14886,73411711752,189168433472
2022-01-19,ZL0051SW,0,123925328,7,0,988311820,15278,6,0,0,37,1,2057,37,123925328,0,0,0,14902,73457978560,189361756584
2022-01-20,ZL0051SW,0,32167728,7,0,994744363,15309,6,0,0,36,1,2058,36,32167728,0,0,0,14933,73529153264,189687105776
2022-01-21,ZL0051SW,0,26260360,7,0,997223075,15325,6,0,0,36,1,2059,36,26260360,0,0,0,14949,73565270216,189889222504
2022-01-22,ZL0051SW,0,188836544,7,0,780179,15356,6,0,0,36,1,2060,36,188836544,0,0,0,14980,73631725080,190229484496
2022-01-23,ZL0051SW,0,183496624,7,0,3184071,15372,6,0,0,37,1,2061,37,183496624,0,0,0,14995,73679617752,190420392728
2022-01-24,ZL0051SW,0,14888536,7,0,8242748,15403,6,0,0,36,1,2062,36,14888536,0,0,0,15027,73739119840,190680564224
2022-01-25,ZL0051SW,0,216670584,7,0,10053364,15419,6,0,0,36,1,2063,36,216670584,0,0,0,15042,73775856432,190845609680
2022-01-26,ZL0051SW,0,176485328,7,0,13480833,15450,6,0,0,36,1,2064,36,176485328,0,0,0,15073,73838067200,191231495168
2022-01-27,ZL0051SW,0,129121224,7,0,17570242,15481,6,0,0,37,1,2065,37,129121224,0,0,0,15104,73888509320,191621970248
2022-01-28,ZL0051SW,0,108630592,7,0,21181337,15497,6,0,0,36,1,2066,36,108630592,0,0,0,15120,73918828136,191815301840
2022-01-29,ZL0051SW,0,76544496,7,0,24843579,15529,6,0,0,37,1,2067,37,76544496,0,0,0,15151,73984247024,192206078344
2022-01-30,ZL0051SW,0,48028136,7,0,28243872,15544,6,0,0,37,1,2068,37,48028136,0,0,0,15167,74043223328,192362726312
2022-01-31,ZL0051SW,0,219879440,7,0,33302229,15576,6,0,0,37,1,2069,37,219879440,0,0,0,15198,74123892800,192698048880
2022-02-01,ZL0051SW,0,232082848,7,0,35593495,15591,6,0,0,36,1,2070,36,232082848,0,0,0,15214,74172785744,192905500400
2022-02-02,ZL0051SW,0,10094384,7,0,39420001,15623,6,0,0,36,1,2071,36,10094384,0,0,0,15245,74262388792,193326330984
2022-02-03,ZL0051SW,0,7034568,7,0,41323018,15638,6,0,0,37,1,2072,37,7034568,0,0,0,15261,74299777040,193530023752
2022-02-04,ZL0051SW,0,222824440,7,0,47200232,15670,6,0,0,36,1,2073,36,222824440,0,0,0,15292,74366772384,193922958912
2022-02-05,ZL0051SW,0,217085874,7,0,49164056,15685,6,0,0,37,1,2074,37,217085874,0,0,0,15307,74411592376,194116542274
2022-02-06,ZL0051SW,0,168290840,7,0,54900487,15717,6,0,0,37,1,2075,37,168290840,0,0,0,15339,74495764032,194471857290
2022-02-07,ZL0051SW,0,168613096,7,0,57373785,15732,6,0,0,37,1,2076,37,168613096,0,0,0,15354,74535333776,194676750434
2022-02-08,ZL0051SW,0,229432768,7,0,61716357,15764,6,0,0,37,1,2077,37,229432768,0,0,0,15385,74604190664,195156994890
2022-02-09,ZL0051SW,0,33788640,7,0,66006990,15795,6,0,0,37,1,2078,37,33788640,0,0,0,15416,74676262656,195621700978
2022-02-10,ZL0051SW,0,16431848,7,0,67963895,15811,6,0,0,36,1,2079,36,16431848,0,0,0,15432,74711390472,195813357002
2022-02-11,ZL0051SW,0,211704320,7,0,74049711,15842,6,0,0,37,1,2080,37,211704320,0,0,0,15463,74782499992,196181660874
2022-02-12,ZL0051SW,0,204473184,7,0,76062780,15857,6,0,0,36,1,2081,36,204473184,0,0,0,15478,74823243832,196377826706
2022-02-13,ZL0051SW,0,145992040,7,0,82050580,15889,6,0,0,37,1,2082,37,145992040,0,0,0,15510,74884852568,196746018378
2022-02-14,ZL0051SW,0,123917104,7,0,83936749,15904,6,0,0,37,1,2083,37,123917104,0,0,0,15525,74921313264,196931623410
2022-02-15,ZL0051SW,0,41780808,7,0,87304044,15936,6,0,0,36,1,2084,36,41780808,0,0,0,15556,74986772784,197272309378
2022-02-16,ZL0051SW,0,12950608,7,0,89890907,15951,6,0,0,37,1,2085,37,12950608,0,0,0,15572,75038086704,197436305962
2022-02-17,ZL0051SW,0,195976872,7,0,93786160,15982,6,0,0,37,1,2086,37,195976872,0,0,0,15603,75118888520,197782671178
2022-02-18,ZL0051SW,0,153790040,7,0,98978505,16014,6,0,0,37,1,2087,37,153790040,0,0,0,15634,75220011560,198127642730
2022-02-19,ZL0051SW,0,110962512,7,0,101303969,16029,6,0,0,37,1,2088,37,110962512,0,0,0,15649,75266376264,198282591178
2022-02-20,ZL0051SW,0,239866112,7,0,108005439,16060,6,0,0,37,1,2089,37,239866112,0,0,0,15680,75356395584,198565616386
2022-02-21,ZL0051SW,0,211168736,7,0,110368273,16076,6,0,0,38,1,2090,38,211168736,0,0,0,15696,75407614800,198729840690
2022-02-22,ZL0051SW,0,167902152,7,0,115171198,16107,6,0,0,37,1,2091,37,167902152,0,0,0,15727,75487723176,199094748018
2022-02-23,ZL0051SW,0,119717216,7,0,117460624,16123,6,0,0,37,1,2092,37,119717216,0,0,0,15742,75531235760,199247191194
2022-02-24,ZL0051SW,0,65370640,7,0,124714636,16154,6,0,0,38,1,2093,38,65370640,0,0,0,15773,75611527424,199600834314
2022-02-25,ZL0051SW,0,57220768,7,0,128635462,16170,6,0,0,37,1,2094,37,57220768,0,0,0,15789,75670506608,199777845890
2022-02-26,ZL0051SW,0,105302768,7,0,133767268,16201,6,0,0,38,1,2095,38,105302768,0,0,0,15820,75734695704,200005879554
2022-02-27,ZL0051SW,0,180688856,7,0,140215104,16232,6,0,0,38,1,2096,38,180688856,0,0,0,15851,75803394464,200256707522
2022-02-28,ZL0051SW,0,123611216,7,0,142328678,16248,6,0,0,38,1,2097,38,123611216,0,0,0,15867,75835672352,200411493090
2022-03-01,ZL0051SW,0,671424,7,0,146556493,16279,6,0,0,37,1,2098,37,671424,0,0,0,15898,75909489928,200703017346
2022-03-02,ZL0051SW,0,176280928,7,0,148304740,16295,6,0,0,36,1,2099,36,176280928,0,0,0,15914,75938204024,200849912754
2022-03-03,ZL0051SW,0,124541072,7,0,150183759,16310,6,0,0,37,1,2100,37,124541072,0,0,0,15929,75971949552,201008569026
2022-03-04,ZL0051SW,0,126555680,7,0,156186682,16341,6,0,0,37,1,2101,37,126555680,0,0,0,15960,76015948328,201454866290
2022-03-05,ZL0051SW,0,99036672,7,0,158108514,16357,6,0,0,37,1,2102,37,99036672,0,0,0,15976,76040578120,201646858346
2022-03-06,ZL0051SW,0,657056,7,0,163940346,16388,6,0,0,37,1,2103,37,657056,0,0,0,16007,76083584944,201993753826
2022-03-07,ZL0051SW,0,197194816,7,0,168102946,16420,6,0,0,37,1,2104,37,197194816,0,0,0,16038,76134304848,202383712362
2022-03-08,ZL0051SW,0,160155840,7,0,169955980,16435,6,0,0,36,1,2105,36,160155840,0,0,0,16054,76165697736,202559421426
2022-03-09,ZL0051SW,0,82116424,7,0,173299047,16467,6,0,0,36,1,2106,36,82116424,0,0,0,16085,76209898496,202925462738
2022-03-10,ZL0051SW,0,20563400,7,0,174929429,16482,6,0,0,37,1,2107,37,20563400,0,0,0,16101,76235637440,203082311522
2022-03-11,ZL0051SW,0,128707920,7,0,180403833,16513,6,0,0,35,1,2108,35,128707920,0,0,0,16132,76274081800,203396152314
2022-03-12,ZL0051SW,0,38527152,7,0,181898901,16529,6,0,0,36,1,2109,36,38527152,0,0,0,16147,76279029536,203545164546
2022-03-13,ZL0051SW,0,120823760,7,0,185817929,16560,6,0,0,37,1,2110,37,120823760,0,0,0,16179,76316425112,203834206210
2022-03-14,ZL0051SW,0,241610008,7,0,188676713,16576,6,0,0,37,1,2111,37,241610008,0,0,0,16194,76338922688,203932494882
2022-03-15,ZL0051SW,0,85703672,7,0,192054734,16607,6,0,0,36,1,2112,36,85703672,0,0,0,16225,76374237192,204229555514
2022-03-16,ZL0051SW,0,21815696,7,0,193827349,16623,6,0,0,36,1,2113,36,21815696,0,0,0,16241,76408004184,204376041522
2022-03-17,ZL0051SW,0,187046416,7,0,197089562,16654,6,0,0,38,1,2114,38,187046416,0,0,0,16272,76447640168,204745776906
2022-03-18,ZL0051SW,0,176669472,7,0,201378746,16670,6,0,0,37,1,2115,37,176669472,0,0,0,16287,76473804616,204953376346
2022-03-19,ZL0051SW,0,119739952,7,0,204831975,16701,6,0,0,37,1,2116,37,119739952,0,0,0,16318,76518609744,205339924250
2022-03-20,ZL0051SW,0,72759728,7,0,207502103,16717,6,0,0,37,1,2117,37,72759728,0,0,0,16334,76545694072,205510000330
2022-03-21,ZL0051SW,0,222137096,7,0,212854860,16748,6,0,0,35,1,2118,35,222137096,0,0,0,16365,76593073352,205856139050
2022-03-22,ZL0051SW,0,174503824,7,0,214850254,16764,6,0,0,36,1,2119,36,174503824,0,0,0,16380,76620157200,206025562562
2022-03-23,ZL0051SW,0,142697624,7,0,218849897,16795,6,0,0,36,1,2120,36,142697624,0,0,0,16411,76679038728,206423156346
2022-03-24,ZL0051SW,0,113586600,7,0,223397317,16826,6,0,0,37,1,2121,37,113586600,0,0,0,16443,76729299872,206832065442
2022-03-25,ZL0051SW,0,141316176,7,0,227165038,16842,6,0,0,36,1,2122,36,141316176,0,0,0,16458,76758522336,207074713186
2022-03-26,ZL0051SW,0,29956160,7,0,230948204,16873,6,0,0,36,1,2123,36,29956160,0,0,0,16490,76819634112,207390523586
2022-03-27,ZL0051SW,0,196652632,7,0,234292382,16889,6,0,0,37,1,2124,37,196652632,0,0,0,16505,76847097960,207529756210
2022-03-28,ZL0051SW,0,42192208,7,0,238382812,16920,6,0,0,37,1,2125,37,42192208,0,0,0,16537,76893214024,207817461306
2022-03-29,ZL0051SW,0,197879976,7,0,239956146,16936,6,0,0,37,1,2126,37,197879976,0,0,0,16552,76912857624,207953505474
2022-03-30,ZL0051SW,0,161727848,7,0,246482383,16968,6,0,0,37,1,2127,37,161727848,0,0,0,16584,76969459376,208349033114
2022-03-31,ZL0051SW,0,106657008,7,0,248407117,16983,6,0,0,36,1,2128,36,106657008,0,0,0,16599,77003246528,208504316474
2022-04-01,ZL0051SW,0,26344296,7,0,254428285,17014,6,0,0,37,1,2129,37,26344296,0,0,0,16630,77067712216,208847819778
2022-04-02,ZL0051SW,0,2165504,7,0,256178996,17030,6,0,0,36,1,2130,36,2165504,0,0,0,16646,77104278248,209031215794
2022-04-03,ZL0051SW,0,176096896,7,0,261768776,17061,6,0,0,37,1,2131,37,176096896,0,0,0,16677,77168694232,209384872186
2022-04-04,ZL0051SW,0,190117536,7,0,263766730,17077,6,0,0,36,1,2132,36,190117536,0,0,0,16693,77195976920,209615750770
2022-04-05,ZL0051SW,0,145630384,7,0,267047155,17108,6,0,0,36,1,2133,36,145630384,0,0,0,16724,77244149488,210011405202
2022-04-06,ZL0051SW,0,171778544,7,0,268863578,17124,6,0,0,36,1,2134,36,171778544,0,0,0,16739,77272469208,210253408154
2022-04-07,ZL0051SW,0,136940208,7,0,272504731,17155,6,0,0,36,1,2135,36,136940208,0,0,0,16771,77323531288,210655789042
2022-04-08,ZL0051SW,0,153347472,7,0,278823301,17186,6,0,0,37,1,2136,37,153347472,0,0,0,16802,77384834952,211099251762
2022-04-09,ZL0051SW,0,158932200,7,0,280577554,17202,6,0,0,36,1,2137,36,158932200,0,0,0,16817,77415814880,211317997330
2022-04-10,ZL0051SW,0,146966976,7,0,286449676,17233,6,0,0,36,1,2138,36,146966976,0,0,0,16849,77479335480,211730793274
2022-04-11,ZL0051SW,0,199535744,7,0,288330603,17249,6,0,0,36,1,2139,36,199535744,0,0,0,16864,77514148168,211992691626
2022-04-12,ZL0051SW,0,29789888,7,0,291673165,17280,6,0,0,36,1,2140,36,29789888,0,0,0,16895,77563405560,212506110482
2022-04-13,ZL0051SW,0,67447728,7,0,293704773,17296,6,0,0,36,1,2141,36,67447728,0,0,0,16911,77604019888,212747294626
2022-04-14,ZL0051SW,0,59766312,7,0,297790186,17328,6,0,0,37,1,2142,37,59766312,0,0,0,16942,77664808344,213167106434
2022-04-15,ZL0051SW,0,140990920,7,0,301996817,17343,6,0,0,37,1,2143,37,140990920,0,0,0,16958,77699273056,213458007090
2022-04-16,ZL0051SW,0,188774640,7,0,305639924,17375,6,0,0,37,1,2144,37,188774640,0,0,0,16989,77762791472,213930554642
2022-04-17,ZL0051SW,0,206084552,7,0,308626104,17390,6,0,0,37,1,2145,37,206084552,0,0,0,17005,77797542432,214157254378
2022-04-18,ZL0051SW,0,228100712,7,0,313493613,17422,6,0,0,36,1,2146,36,228100712,0,0,0,17036,77857557080,214607538978
2022-04-19,ZL0051SW,0,61640048,7,0,315453153,17437,6,0,0,36,1,2147,36,61640048,0,0,0,17052,77889060024,214897866786
2022-04-20,ZL0051SW,0,111072880,7,0,318885027,17469,6,0,0,37,1,2148,37,111072880,0,0,0,17083,77942632864,215382008234
2022-04-21,ZL0051SW,0,105511328,7,0,320856580,17484,6,0,0,36,1,2149,36,105511328,0,0,0,17098,77973201256,215590019074
2022-04-22,ZL0051SW,0,55773824,7,0,327804834,17516,6,0,0,37,1,2150,37,55773824,0,0,0,17130,78038767800,216207137106
2022-04-23,ZL0051SW,0,170065400,7,0,331518391,17547,6,0,0,37,1,2151,37,170065400,0,0,0,17161,78112139264,216736338746
2022-04-24,ZL0051SW,0,128922208,7,0,335102552,17563,6,0,0,37,1,2152,37,128922208,0,0,0,17176,78144953912,216906521802
2022-04-25,ZL0051SW,0,194872568,7,0,339589440,17594,6,0,0,37,1,2153,37,194872568,0,0,0,17208,78206047144,217399660458
2022-04-26,ZL0051SW,0,211712216,7,0,341493475,17610,6,0,0,36,1,2154,36,211712216,0,0,0,17223,78238206352,217628481706
2022-04-27,ZL0051SW,0,49374664,7,0,345876883,17641,6,0,0,37,1,2155,37,49374664,0,0,0,17254,78320663840,218116108954
2022-04-28,ZL0051SW,0,47073160,7,0,348095106,17656,6,0,0,36,1,2156,36,47073160,0,0,0,17270,78358696392,218319915586
2022-04-29,ZL0051SW,0,162957752,7,0,354797274,17688,6,0,0,37,1,2157,37,162957752,0,0,0,17301,78422764616,218860013482
2022-04-30,ZL0051SW,0,219373152,7,0,356978106,17703,6,0,0,37,1,2158,37,219373152,0,0,0,17317,78456500112,219126834258
2022-05-01,ZL0051SW,0,155801680,7,0,363200628,17735,6,0,0,36,1,2159,36,155801680,0,0,0,17348,78523575560,219484469010
2022-05-02,ZL0051SW,0,161152136,7,0,365345035,17750,6,0,0,36,1,2160,36,161152136,0,0,0,17364,78568616328,219688919362
2022-05-03,ZL0051SW,0,168895816,7,0,368917814,17782,6,0,0,35,1,2161,35,168895816,0,0,0,17395,78642005440,220111555402
2022-05-04,ZL0051SW,0,216451768,7,0,371170569,17797,6,0,0,37,1,2162,37,216451768,0,0,0,17410,78693726704,220351530754
2022-05-05,ZL0051SW,0,909824,7,0,378366060,17829,6,0,0,37,1,2163,37,909824,0,0,0,17441,78760345880,220801792386
2022-05-06,ZL0051SW,0,39521096,7,0,382537556,17844,6,0,0,36,1,2164,36,39521096,0,0,0,17457,78798321848,221046568402
2022-05-07,ZL0051SW,0,74787896,7,0,386839089,17876,6,0,0,37,1,2165,37,74787896,0,0,0,17488,78874335616,221494109538
2022-05-08,ZL0051SW,0,56183272,7,0,391963284,17907,6,0,0,39,1,2166,39,56183272,0,0,0,17519,78951826672,221886295452
2022-05-09,ZL0051SW,0,110141864,7,0,393986941,17923,6,0,0,38,1,2167,38,110141864,0,0,0,17535,78992434352,222143791972
2022-05-10,ZL0051SW,0,170658184,7,0,397954422,17954,6,0,0,38,1,2168,38,170658184,0,0,0,17566,79072728144,222612296836
2022-05-11,ZL0051SW,0,232921248,7,0,400011008,17970,6,0,0,38,1,2169,38,232921248,0,0,0,17582,79118497408,222872931692
2022-05-12,ZL0051SW,0,44388576,7,0,404485681,18001,6,0,0,39,1,2170,39,44388576,0,0,0,17613,79206863368,223328455252
2022-05-13,ZL0051SW,0,95598408,7,0,408684088,18017,6,0,0,38,1,2171,38,95598408,0,0,0,17629,79244305128,223586364164
2022-05-14,ZL0051SW,0,94241744,7,0,412297964,18048,6,0,0,39,1,2172,39,94241744,0,0,0,17660,79300542488,224017060812
2022-05-15,ZL0051SW,0,204627912,7,0,418476257,18080,6,0,0,38,1,2173,38,204627912,0,0,0,17692,79375265536,224296865092
2022-05-16,ZL0051SW,0,132319448,7,0,420106905,18095,6,0,0,39,1,2174,39,132319448,0,0,0,17707,79406352776,224437610460
2022-05-17,ZL0051SW,0,189441960,7,0,424296008,18127,6,0,0,38,1,2175,38,189441960,0,0,0,17738,79491750768,224897616268
2022-05-18,ZL0051SW,0,151127336,7,0,426043434,18142,6,0,0,41,1,2176,41,151127336,0,0,0,17754,79520477760,225074715756
2022-05-19,ZL0051SW,0,169858512,7,0,428202552,18158,6,0,0,36,1,2177,36,169858512,0,0,0,17770,79568975736,225289090012
2022-05-20,ZL0051SW,0,190432800,7,0,434951958,18190,6,0,0,37,1,2178,37,190432800,0,0,0,17801,79648308760,225718612668
2022-05-21,ZL0051SW,0,183584808,7,0,437090087,18205,6,0,0,36,1,2178,36,183584808,0,0,0,17817,79690359056,225913855196
2022-05-22,ZL0051SW,0,26928776,7,0,442540658,18237,6,0,0,37,1,2180,37,26928776,0,0,0,17848,79753127136,226182713204
2022-05-23,ZL0051SW,0,192316600,7,0,444595625,18252,6,0,0,37,1,2180,37,192316600,0,0,0,17864,79786543160,226314685004
2022-05-24,ZL0051SW,0,7542544,7,0,447763630,18284,6,0,0,37,1,2182,37,7542544,0,0,0,17895,79856661528,226548074028
2022-05-25,ZL0051SW,0,198609680,7,0,450479794,18300,6,0,0,37,1,2182,37,198609680,0,0,0,17911,79899783720,226696018972
2022-05-26,ZL0051SW,0,56176608,7,0,454834743,18331,6,0,0,37,1,2184,37,56176608,0,0,0,17942,79980068536,226961583732
2022-05-27,ZL0051SW,0,191537424,7,0,461118050,18363,6,0,0,36,1,2185,36,191537424,0,0,0,17973,80054082304,227267071620
2022-05-28,ZL0051SW,0,114192760,7,0,462962422,18378,6,0,0,36,1,2186,36,114192760,0,0,0,17989,80100534152,227387415748
2022-05-29,ZL0051SW,0,227642872,7,0,469064217,18410,6,0,0,37,1,2187,37,227642872,0,0,0,18020,80176743944,227668797060
2022-05-30,ZL0051SW,0,189293208,7,0,470879974,18425,6,0,0,37,1,2188,37,189293208,0,0,0,18036,80222324400,227829007988
2022-05-31,ZL0051SW,0,36717472,7,0,475122271,18457,6,0,0,37,1,2189,37,36717472,0,0,0,18067,80303423232,228327756596
2022-06-01,ZL0051SW,0,6327120,7,0,477365427,18472,6,0,0,36,1,2190,36,6327120,0,0,0,18083,80348198272,228496731836
2022-06-02,ZL0051SW,0,59179472,7,0,481427813,18504,6,0,0,38,1,2191,38,59179472,0,0,0,18114,80419680688,228966383300
2022-06-03,ZL0051SW,0,65550768,7,0,485702791,18519,6,0,0,36,1,2192,36,65550768,0,0,0,18129,80454155680,229182420316
2022-06-04,ZL0051SW,0,230217984,7,0,489865008,18551,6,0,0,36,1,2193,36,230217984,0,0,0,18161,80521139744,229524244604
2022-06-05,ZL0051SW,0,163631728,7,0,492559915,18566,6,0,0,36,1,2194,36,163631728,0,0,0,18176,80567272744,229655666404
2022-06-07,ZL0051SW,0,62653328,7,0,500688739,18614,6,0,0,36,1,2196,36,62653328,0,0,0,18223,80667026224,230187357284
2022-06-08,ZL0051SW,0,167379504,7,0,504029636,18645,6,0,0,37,1,2197,37,167379504,0,0,0,18254,80729643672,230473606692
2022-06-09,ZL0051SW,0,149757760,7,0,506160388,18660,6,0,0,37,1,2198,37,149757760,0,0,0,18270,80767600040,230662169388
2022-06-10,ZL0051SW,0,149193360,7,0,513473146,18692,6,0,0,38,1,2199,38,149193360,0,0,0,18301,80845985200,231071501228
2022-06-11,ZL0051SW,0,9631272,7,0,518072018,18708,6,0,0,39,1,2199,39,9631272,0,0,0,18317,80884802288,231381403516
2022-06-12,ZL0051SW,0,122389080,7,0,523420361,18739,6,0,0,37,1,2201,37,122389080,0,0,0,18348,80944541520,231678562884
2022-06-13,ZL0051SW,0,103377032,7,0,525898304,18755,6,0,0,37,1,2201,37,103377032,0,0,0,18364,80978282632,231869950788
2022-06-14,ZL0051SW,0,90762032,7,0,529516031,18786,6,0,0,36,1,2203,36,90762032,0,0,0,18395,81023008224,232300898636
2022-06-15,ZL0051SW,0,224998808,7,0,533268226,18817,6,0,0,37,1,2204,37,224998808,0,0,0,18426,81091157048,232611127484
2022-06-16,ZL0051SW,0,132374472,7,0,535114919,18833,6,0,0,36,1,2205,36,132374472,0,0,0,18442,81125981968,232727819020
2022-06-17,ZL0051SW,0,178265592,7,0,541967985,18864,6,0,0,37,1,2206,37,178265592,0,0,0,18473,81195763120,233192210756
2022-06-18,ZL0051SW,0,103323104,7,0,543867599,18880,6,0,0,36,1,2207,36,103323104,0,0,0,18489,81230871280,233326300756
2022-06-19,ZL0051SW,0,25521032,7,0,549988116,18912,6,0,0,36,1,2208,36,25521032,0,0,0,18520,81292774264,233674877228
2022-06-20,ZL0051SW,0,1398328,7,0,552030442,18927,6,0,0,36,1,2208,36,1398328,0,0,0,18536,81330756336,233856913356
2022-06-21,ZL0051SW,0,53229272,7,0,556063546,18959,6,0,0,37,1,2210,37,53229272,0,0,0,18567,81396417400,234331365060
2022-06-22,ZL0051SW,0,237928832,7,0,558162033,18975,6,0,0,35,1,2210,35,237928832,0,0,0,18583,81431555032,234480926988
2022-06-23,ZL0051SW,0,210767680,7,0,562086237,19006,6,0,0,39,1,2212,39,210767680,0,0,0,18614,81503081832,234870520356
2022-06-24,ZL0051SW,0,226055672,7,0,566456318,19022,6,0,0,36,1,2212,36,226055672,0,0,0,18630,81549461392,235083569492
2022-06-25,ZL0051SW,0,221964896,7,0,571164217,19053,6,0,0,35,1,2214,35,221964896,0,0,0,18661,81609750712,235507470924
2022-06-26,ZL0051SW,0,5534152,7,0,573944540,19069,6,0,0,35,1,2214,35,5534152,0,0,0,18677,81650526240,235738545916
2022-06-27,ZL0051SW,0,60240472,7,0,579074670,19100,6,0,0,36,1,2215,36,60240472,0,0,0,18708,81715716920,235972202260
2022-06-28,ZL0051SW,0,76193600,7,0,581016128,19116,6,0,0,35,1,2216,35,76193600,0,0,0,18723,81749419032,236198594116
2022-06-29,ZL0051SW,0,76756640,7,0,584851451,19147,6,0,0,36,1,2217,36,76756640,0,0,0,18755,81825155056,236367561980
2022-06-30,ZL0051SW,0,18415072,7,0,586831794,19163,6,0,0,36,1,2218,36,18415072,0,0,0,18770,81863533520,236514982580
2022-07-01,ZL0051SW,0,159230600,7,0,593486921,19194,6,0,0,35,1,2219,35,159230600,0,0,0,18801,81933006616,236830465828
2022-07-02,ZL0051SW,0,179200880,7,0,597349389,19226,6,0,0,42,1,2221,42,179200880,0,0,0,18833,82022865784,237004717572
2022-07-03,ZL0051SW,0,98845056,7,0,600738191,19241,6,0,0,41,1,2221,41,98845056,0,0,0,18849,82064034208,237127333956
2022-07-04,ZL0051SW,0,122481064,7,0,605579160,19273,6,0,0,42,1,2223,42,122481064,0,0,0,18880,82136014040,237323130764
2022-07-05,ZL0051SW,0,54023112,7,0,607578577,19289,6,0,0,41,1,2223,41,54023112,0,0,0,18896,82174742288,237460085324
2022-07-06,ZL0051SW,0,41750384,7,0,611630570,19320,6,0,0,40,1,2225,40,41750384,0,0,0,18927,82247873616,237862962980
2022-07-07,ZL0051SW,0,115223040,7,0,614015127,19336,6,0,0,38,1,2225,38,115223040,0,0,0,18942,82301776296,238126673668
2022-07-08,ZL0051SW,0,100301384,7,0,621062311,19367,6,0,0,38,1,2227,38,100301384,0,0,0,18974,82366514696,238535295116
2022-07-09,ZL0051SW,0,68333048,7,0,623224601,19383,6,0,0,37,1,2227,37,68333048,0,0,0,18989,82405042288,238708939828
2022-07-10,ZL0051SW,0,143408128,7,0,629474829,19414,6,0,0,38,1,2229,38,143408128,0,0,0,19021,82492666256,238940531732
2022-07-11,ZL0051SW,0,81892256,7,0,632094027,19430,6,0,0,37,1,2229,37,81892256,0,0,0,19036,82530094472,239085728364
2022-07-12,ZL0051SW,0,21395192,7,0,637396092,19462,6,0,0,40,1,2231,40,21395192,0,0,0,19068,82621266280,239422340780
2022-07-13,ZL0051SW,0,59618352,7,0,640603765,19477,6,0,0,38,1,2231,38,59618352,0,0,0,19083,82666328656,239659642268
2022-07-14,ZL0051SW,0,47834320,7,0,644668656,19508,6,0,0,36,1,2233,36,47834320,0,0,0,19115,82731401064,240071067492
2022-07-15,ZL0051SW,0,86604600,7,0,652004850,19540,6,0,0,38,1,2234,38,86604600,0,0,0,19146,82798179992,240531340404
2022-07-16,ZL0051SW,0,44365560,7,0,653959668,19556,6,0,0,36,1,2235,36,44365560,0,0,0,19161,82826529864,240704892284
2022-07-17,ZL0051SW,0,172931080,7,0,660656859,19587,6,0,0,38,1,2236,38,172931080,0,0,0,19193,82894267832,241009860468
2022-07-18,ZL0051SW,0,157671992,7,0,662433285,19603,6,0,0,36,1,2237,36,157671992,0,0,0,19208,82918657792,241214352076
2022-07-19,ZL0051SW,0,8747360,7,0,669721016,19634,6,0,0,39,1,2238,39,8747360,0,0,0,19240,82975901160,241740606588
2022-07-20,ZL0051SW,0,219299544,7,0,671733766,19650,6,0,0,37,1,2239,37,219299544,0,0,0,19255,83007583680,241919476252
2022-07-21,ZL0051SW,0,154509848,7,0,675966539,19681,6,0,0,38,1,2240,38,154509848,0,0,0,19287,83059516208,242291035676
2022-07-22,ZL0051SW,0,131149456,7,0,680157236,19697,6,0,0,36,1,2241,36,131149456,0,0,0,19302,83093257296,242478074828
2022-07-23,ZL0051SW,0,36986432,7,0,684417388,19728,6,0,0,38,1,2242,38,36986432,0,0,0,19333,83153753296,242811697500
2022-07-24,ZL0051SW,0,11290208,7,0,687631046,19744,6,0,0,37,1,2242,37,11290208,0,0,0,19349,83192492600,242991402604
2022-07-25,ZL0051SW,0,139217784,7,0,692915044,19775,6,0,0,38,1,2244,38,139217784,0,0,0,19380,83249324664,243306639092
2022-07-26,ZL0051SW,0,156925280,7,0,695232318,19791,6,0,0,36,1,2244,36,156925280,0,0,0,19396,83284993328,243532818804
2022-07-27,ZL0051SW,0,166686056,7,0,699371942,19822,6,0,0,37,1,2246,37,166686056,0,0,0,19427,83351416152,243964438260
2022-07-28,ZL0051SW,0,137410856,7,0,701489535,19838,6,0,0,37,1,2246,37,137410856,0,0,0,19443,83384160464,244146559524
2022-07-29,ZL0051SW,0,140279944,7,0,708334391,19869,6,0,0,37,1,2248,37,140279944,0,0,0,19474,83434512552,244587357852
2022-07-30,ZL0051SW,0,166828416,7,0,710605552,19885,6,0,0,36,1,2248,36,166828416,0,0,0,19489,83462407816,244830151692
2022-07-31,ZL0051SW,0,206550008,7,0,716327374,19916,6,0,0,36,1,2250,36,206550008,0,0,0,19521,83518072608,245302489988
2022-08-01,ZL0051SW,0,160765456,7,0,719172930,19932,6,0,0,37,1,2250,37,160765456,0,0,0,19536,83553016416,245465902404
2022-08-02,ZL0051SW,0,155651112,7,0,722989783,19963,6,0,0,36,1,2252,36,155651112,0,0,0,19568,83622591752,245879494404
2022-08-03,ZL0051SW,0,120684552,7,0,727252756,19994,6,0,0,38,1,2253,38,120684552,0,0,0,19599,83692932072,246262468884
2022-08-04,ZL0051SW,0,104970760,7,0,729438006,20010,6,0,0,36,1,2254,36,104970760,0,0,0,19614,83745080136,246438747860
2022-08-05,ZL0051SW,0,148278336,7,0,736789507,20042,6,0,0,38,1,2255,38,148278336,0,0,0,19645,83817716784,246897700180
2022-08-06,ZL0051SW,0,153874008,7,0,738970359,20057,6,0,0,36,1,2256,36,153874008,0,0,0,19661,83855116888,247110036404
2022-08-07,ZL0051SW,0,41172704,7,0,744559053,20089,6,0,0,38,1,2257,38,41172704,0,0,0,19692,83932217952,247408515428
2022-08-08,ZL0051SW,0,12307688,7,0,747430869,20104,6,0,0,37,1,2258,37,12307688,0,0,0,19708,83969708256,247586300900
2022-08-09,ZL0051SW,0,211825256,7,0,751499992,20135,6,0,0,37,1,2259,37,211825256,0,0,0,19739,84032501760,247967165836
2022-08-10,ZL0051SW,0,155608752,7,0,753602423,20151,6,0,0,36,1,2260,36,155608752,0,0,0,19754,84085038680,248102553044
2022-08-11,ZL0051SW,0,50473480,7,0,757476273,20182,6,0,0,37,1,2261,37,50473480,0,0,0,19785,84147087416,248423650684
2022-08-12,ZL0051SW,0,37528416,7,0,761485839,20198,6,0,0,37,1,2261,37,37528416,0,0,0,19801,84226586832,248575347020
2022-08-13,ZL0051SW,0,217915592,7,0,766742631,20230,6,0,0,38,1,2263,38,217915592,0,0,0,19832,84297966376,248928495516
2022-08-14,ZL0051SW,0,89607080,7,0,773573003,20261,6,0,0,37,1,2264,37,89607080,0,0,0,19864,84375028016,249211406876
2022-08-15,ZL0051SW,0,69437000,7,0,775590989,20277,6,0,0,37,1,2266,37,69437000,0,0,0,19879,84402278952,249408126670
2022-08-16,ZL0051SW,0,78661064,7,0,780375443,20309,6,0,0,38,1,2267,38,78661064,0,0,0,19911,84495320152,249812590854
2022-08-17,ZL0051SW,0,82861520,7,0,782537358,20324,6,0,0,38,1,2268,38,82861520,0,0,0,19926,84557809928,249998442326
2022-08-18,ZL0051SW,0,86117096,7,0,784985828,20340,6,0,0,37,1,2269,37,86117096,0,0,0,19942,84609613784,250194034678
2022-08-19,ZL0051SW,0,55803000,7,0,791729496,20371,6,0,0,38,1,2270,38,55803000,0,0,0,19973,84697882888,250563732798
2022-08-20,ZL0051SW,0,35709232,7,0,794512882,20387,6,0,0,37,1,2271,37,35709232,0,0,0,19989,84751609240,250734053694
2022-08-21,ZL0051SW,0,216020392,7,0,800225016,20419,6,0,0,37,1,2272,37,216020392,0,0,0,20020,84838820920,251071293838
2022-08-22,ZL0051SW,0,115622952,7,0,805475670,20450,6,0,0,38,1,2273,38,115622952,0,0,0,20051,84907083848,251390914942
2022-08-23,ZL0051SW,0,100573168,7,0,807608231,20466,6,0,0,36,1,2274,36,100573168,0,0,0,20067,84945467208,251581622614
2022-08-24,ZL0051SW,0,231450448,7,0,811680681,20497,6,0,0,38,1,2275,38,231450448,0,0,0,20098,85028749960,251873357934
2022-08-25,ZL0051SW,0,227342568,7,0,814089350,20513,6,0,0,37,1,2276,37,227342568,0,0,0,20114,85077324088,252064816558
2022-08-26,ZL0051SW,0,29279040,7,0,821785752,20544,6,0,0,38,1,2277,38,29279040,0,0,0,20145,85162032792,252514466350
2022-08-27,ZL0051SW,0,9282216,7,0,824527284,20560,6,0,0,37,1,2278,37,9282216,0,0,0,20161,85217529048,252683114142
2022-08-28,ZL0051SW,0,172745280,7,0,830885095,20592,6,0,0,37,1,2279,37,172745280,0,0,0,20192,85326513784,252981733190
2022-08-29,ZL0051SW,0,107035256,7,0,833787027,20607,6,0,0,36,1,2280,36,107035256,0,0,0,20207,85387173208,253099504374
2022-08-30,ZL0051SW,0,63991464,7,0,838085591,20639,6,0,0,37,1,2281,37,63991464,0,0,0,20239,85479032672,253452882718
2022-08-31,ZL0051SW,0,71904304,7,0,840702780,20654,6,0,0,37,1,2282,37,71904304,0,0,0,20254,85526437160,253657531710
2022-09-01,ZL0051SW,0,78175792,7,0,845333695,20686,6,0,0,37,1,2283,37,78175792,0,0,0,20286,85618957784,254059564854
2022-09-02,ZL0051SW,0,89501552,7,0,849426694,20702,6,0,0,38,1,2284,38,89501552,0,0,0,20301,85676486488,254257502598
2022-09-03,ZL0051SW,0,125965856,7,0,856398177,20733,6,0,0,39,1,2285,39,125965856,0,0,0,20333,85764649496,254694085334
2022-09-04,ZL0051SW,0,200627536,7,0,861660645,20749,6,0,0,38,1,2286,38,200627536,0,0,0,20348,85829868728,254947668414
2022-09-05,ZL0051SW,0,56066896,7,0,868963770,20780,6,0,0,37,1,2287,37,56066896,0,0,0,20380,85943536040,255177721750
2022-09-06,ZL0051SW,0,58184472,7,0,871525277,20796,6,0,0,37,1,2288,37,58184472,0,0,0,20395,86007185312,255360330734
2022-09-07,ZL0051SW,0,13613240,7,0,876009929,20827,6,0,0,41,1,2289,41,13613240,0,0,0,20427,86089308768,255721917414
2022-09-08,ZL0051SW,0,30102952,7,0,878645237,20843,6,0,0,40,1,2290,40,30102952,0,0,0,20442,86140806984,255931049574
2022-09-09,ZL0051SW,0,116697168,7,0,885920841,20875,6,0,0,38,1,2291,38,116697168,0,0,0,20474,86242415128,256404317102
2022-09-10,ZL0051SW,0,153151768,7,0,890020611,20891,6,0,0,37,1,2292,37,153151768,0,0,0,20489,86291541208,256635786302
2022-09-11,ZL0051SW,0,76889256,7,0,895885438,20922,6,0,0,36,1,2293,36,76889256,0,0,0,20521,86357908568,256981437902
2022-09-12,ZL0051SW,0,15553656,7,0,899549423,20938,6,0,0,37,1,2293,37,15553656,0,0,0,20536,86387815400,257134336110
2022-09-13,ZL0051SW,0,236620888,7,0,903863885,20969,6,0,0,37,1,2295,37,236620888,0,0,0,20568,86444572904,257542786470
2022-09-14,ZL0051SW,0,221222424,7,0,907924257,21001,6,0,0,38,1,2296,38,221222424,0,0,0,20599,86510340248,257949901926
2022-09-15,ZL0051SW,0,243553336,7,0,910360868,21016,6,0,0,36,1,2297,36,243553336,0,0,0,20614,86550979608,258175734110
2022-09-16,ZL0051SW,0,8579208,7,0,917480479,21048,6,0,0,37,1,2298,37,8579208,0,0,0,20646,86617229704,258606932006
2022-09-17,ZL0051SW,0,14282328,7,0,920134429,21064,6,0,0,36,1,2299,36,14282328,0,0,0,20661,86648308960,258825696750
2022-09-18,ZL0051SW,0,145414136,7,0,926212746,21095,6,0,0,37,1,2300,37,145414136,0,0,0,20693,86720321584,259128956566
2022-09-19,ZL0051SW,0,93778736,7,0,929109695,21111,6,0,0,36,1,2301,36,93778736,0,0,0,20708,86753181816,259288601798
2022-09-20,ZL0051SW,0,48421464,7,0,933037998,21142,6,0,0,36,1,2302,36,48421464,0,0,0,20740,86805045496,259679662342
2022-09-21,ZL0051SW,0,74423240,7,0,935439595,21158,6,0,0,37,1,2303,37,74423240,0,0,0,20755,86850045208,259904805182
2022-09-22,ZL0051SW,0,4771824,7,0,939655545,21190,6,0,0,37,1,2304,37,4771824,0,0,0,20787,86901056712,260272423838
2022-09-23,ZL0051SW,0,32084112,7,0,943804207,21205,6,0,0,37,1,2305,37,32084112,0,0,0,20802,86933032704,260511900934
2022-09-24,ZL0051SW,0,33663064,7,0,949529095,21237,6,0,0,37,1,2306,37,33663064,0,0,0,20834,86988901504,260945892526
2022-09-25,ZL0051SW,0,243277192,7,0,952389730,21253,6,0,0,37,1,2307,37,243277192,0,0,0,20849,87023141328,261121266830
2022-09-26,ZL0051SW,0,99508832,7,0,958477244,21284,6,0,0,39,1,2308,39,99508832,0,0,0,20881,87075112736,261413808574
2022-09-27,ZL0051SW,0,58162768,7,0,960762818,21300,6,0,0,39,1,2309,39,58162768,0,0,0,20896,87106277904,261585437990
2022-09-28,ZL0051SW,0,230586928,7,0,964909705,21331,6,0,0,36,1,2310,36,230586928,0,0,0,20928,87170805832,261937474854
2022-09-29,ZL0051SW,0,182628112,7,0,969148571,21363,6,0,0,38,1,2311,38,182628112,0,0,0,20959,87221476088,262327127214
2022-09-30,ZL0051SW,0,172405224,7,0,973366443,21379,6,0,0,37,1,2312,37,172405224,0,0,0,20975,87256267080,262526254062
2022-10-01,ZL0051SW,0,115761360,7,0,978843902,21410,6,0,0,37,1,2313,37,115761360,0,0,0,21006,87317083240,262897075438
2022-10-02,ZL0051SW,0,79762344,7,0,982322753,21426,6,0,0,37,1,2314,37,79762344,0,0,0,21022,87349207200,263073093094
2022-10-03,ZL0051SW,0,236729648,7,0,987637116,21457,6,0,0,37,1,2315,37,236729648,0,0,0,21053,87404075416,263419332814
2022-10-04,ZL0051SW,0,230847216,7,0,989742705,21473,6,0,0,36,1,2316,36,230847216,0,0,0,21069,87438753008,263622913454
2022-10-05,ZL0051SW,0,201522264,7,0,993971919,21505,6,0,0,37,1,2317,37,201522264,0,0,0,21100,87494098344,264026525022
2022-10-06,ZL0051SW,0,145439904,7,0,996032479,21521,6,0,0,36,1,2318,36,145439904,0,0,0,21116,87523551112,264185130758
2022-10-07,ZL0051SW,0,166805296,7,0,3249133,21552,6,0,0,37,1,2319,37,166805296,0,0,0,21147,87573052736,264645275846
2022-10-08,ZL0051SW,0,154794736,7,0,6163498,21568,6,0,0,36,1,2320,36,154794736,0,0,0,21163,87610521440,264839937286
2022-10-09,ZL0051SW,0,72799400,7,0,12362477,21599,6,0,0,35,1,2321,35,72799400,0,0,0,21194,87664938120,265191806534
2022-10-10,ZL0051SW,0,31049240,7,0,15241639,21615,6,0,0,34,1,2322,34,31049240,0,0,0,21210,87689303624,265369831510
2022-10-11,ZL0051SW,0,237635696,7,0,19345557,21647,6,0,0,34,1,2323,34,237635696,0,0,0,21241,87730327432,265779534798
2022-10-12,ZL0051SW,0,186781208,7,0,23802423,21678,6,0,0,35,1,2325,35,186781208,0,0,0,21272,87791407240,266155881846
2022-10-13,ZL0051SW,0,134043952,7,0,25651920,21694,6,0,0,35,1,2325,35,134043952,0,0,0,21288,87814893832,266323798630
2022-10-14,ZL0051SW,0,163086928,7,0,33522590,21725,6,0,0,35,1,2327,35,163086928,0,0,0,21320,87882113752,266773903014
2022-10-15,ZL0051SW,0,102372176,7,0,35432038,21741,6,0,0,34,1,2327,34,102372176,0,0,0,21335,87906155624,266933287054
2022-10-16,ZL0051SW,0,218142952,7,0,42273771,21773,6,0,0,36,1,2329,36,218142952,0,0,0,21367,87957376480,267241977654
2022-10-17,ZL0051SW,0,139314064,7,0,44150809,21789,6,0,0,34,1,2329,34,139314064,0,0,0,21383,87985017280,267379648678
2022-10-18,ZL0051SW,0,78507904,7,0,48200858,21820,6,0,0,33,1,2331,33,78507904,0,0,0,21414,88029396704,267762744358
2022-10-19,ZL0051SW,0,26197536,7,0,50144401,21836,6,0,0,33,1,2331,33,26197536,0,0,0,21430,88057400408,267926571062
2022-10-20,ZL0051SW,0,240552192,7,0,52338553,21852,6,0,0,34,1,2332,34,240552192,0,0,0,21445,88092905072,268105421054
2022-10-21,ZL0051SW,0,236551296,7,0,59169516,21883,6,0,0,34,1,2333,34,236551296,0,0,0,21477,88151774352,268530832246
2022-10-22,ZL0051SW,0,225220080,7,0,67711741,21915,6,0,0,34,1,2334,34,225220080,0,0,0,21508,88221921152,268937635710
2022-10-23,ZL0051SW,0,176078352,7,0,70914597,21930,6,0,0,34,1,2335,34,176078352,0,0,0,21524,88261863488,269092692342
2022-10-24,ZL0051SW,0,27829032,7,0,76738252,21962,6,0,0,34,1,2336,34,27829032,0,0,0,21555,88316711792,269377876286
2022-10-25,ZL0051SW,0,77895384,7,0,78691698,21977,6,0,0,34,1,2337,34,77895384,0,0,0,21571,88340826168,269647968894
2022-10-26,ZL0051SW,0,86977640,7,0,82465647,22009,6,0,0,35,1,2338,35,86977640,0,0,0,21602,88396390744,270089768006
2022-10-27,ZL0051SW,0,243028224,7,0,84505460,22025,6,0,0,34,1,2339,34,243028224,0,0,0,21618,88431396616,270210812718
2022-10-28,ZL0051SW,0,56928776,7,0,91512154,22056,6,0,0,34,1,2340,34,56928776,0,0,0,21649,88484898112,270703633974
2022-10-29,ZL0051SW,0,15389000,7,0,93604411,22072,6,0,0,34,1,2341,34,15389000,0,0,0,21665,88521228128,270869904830
2022-10-30,ZL0051SW,0,146764216,7,0,99507557,22104,6,0,0,34,1,2342,34,146764216,0,0,0,21696,88585998792,271180650014
2022-10-31,ZL0051SW,0,116989280,7,0,102090278,22119,6,0,0,34,1,2343,34,116989280,0,0,0,21712,88618639736,271362374974
2022-11-01,ZL0051SW,0,164434560,7,0,105450302,22151,6,0,0,34,1,2344,34,164434560,0,0,0,21743,88663393264,271853377766
2022-11-02,ZL0051SW,0,228139896,7,0,107681714,22167,6,0,0,34,1,2345,34,228139896,0,0,0,21759,88707203592,272117413430
2022-11-03,ZL0051SW,0,102132856,7,0,111404405,22198,6,0,0,34,1,2346,34,102132856,0,0,0,21790,88761115856,272425775518
2022-11-04,ZL0051SW,0,141276376,7,0,115471747,22213,6,0,0,36,1,2347,36,141276376,0,0,0,21805,88793315080,272676860630
2022-11-05,ZL0051SW,0,116846536,7,0,120845178,22244,6,0,0,34,1,2348,34,116846536,0,0,0,21836,88853302336,273080724958
2022-11-06,ZL0051SW,0,141813040,7,0,123433409,22260,6,0,0,35,1,2349,35,141813040,0,0,0,21852,88895796864,273307337934
2022-11-07,ZL0051SW,0,9221136,7,0,129591828,22291,6,0,0,35,1,2350,35,9221136,0,0,0,21883,88951040648,273607783974
2022-11-08,ZL0051SW,0,16363072,7,0,133316431,22322,6,0,0,35,1,2351,35,16363072,0,0,0,21914,89008044808,274046216974
2022-11-09,ZL0051SW,0,63430656,7,0,135236381,22338,6,0,0,35,1,2352,35,63430656,0,0,0,21929,89037618760,274307851454
2022-11-10,ZL0051SW,0,25677768,7,0,139612427,22369,6,0,0,35,1,2353,35,25677768,0,0,0,21960,89097726616,274698272062
2022-11-11,ZL0051SW,0,80276976,7,0,143845633,22384,6,0,0,35,1,2354,35,80276976,0,0,0,21975,89133149256,274961589262
2022-11-12,ZL0051SW,0,148923888,7,0,148708942,22415,6,0,0,35,1,2355,35,148923888,0,0,0,22007,89191737384,275459929406
2022-11-13,ZL0051SW,0,206134064,7,0,151819274,22431,6,0,0,35,1,2356,35,206134064,0,0,0,22022,89231002056,275722015542
2022-11-14,ZL0051SW,0,156368504,7,0,157241437,22462,6,0,0,35,1,2357,35,156368504,0,0,0,22053,89287024200,276104509342
2022-11-15,ZL0051SW,0,178155856,7,0,159055674,22478,6,0,0,35,1,2358,35,178155856,0,0,0,22068,89314237968,276343223702
2022-11-16,ZL0051SW,0,49934240,7,0,166025525,22509,6,0,0,33,1,2359,33,49934240,0,0,0,22099,89363762144,276897899966
2022-11-17,ZL0051SW,0,235668624,7,0,170051956,22524,6,0,0,36,1,2360,36,235668624,0,0,0,22115,89382107944,277065288550
2022-11-18,ZL0051SW,0,51828984,7,0,178811337,22555,6,0,0,35,1,2361,35,51828984,0,0,0,22146,89419983800,277331854534
2022-11-19,ZL0051SW,0,84918112,7,0,186813829,22587,6,0,0,35,1,2363,35,84918112,0,0,0,22177,89471154520,277557913646
2022-11-20,ZL0051SW,0,241223480,7,0,190243943,22602,6,0,0,35,1,2363,35,241223480,0,0,0,22193,89496032192,277689341342
2022-11-21,ZL0051SW,0,132004816,7,0,194917986,22633,6,0,0,34,1,2365,34,132004816,0,0,0,22223,89558168768,278006267614
2022-11-22,ZL0051SW,0,130783136,7,0,196803552,22649,6,0,0,34,1,2365,34,130783136,0,0,0,22239,89583853288,278223502206
2022-11-23,ZL0051SW,0,150389112,7,0,200005548,22680,6,0,0,35,1,2367,35,150389112,0,0,0,22270,89629008512,278686234286
2022-11-24,ZL0051SW,0,222201312,7,0,202074170,22695,6,0,0,34,1,2367,34,222201312,0,0,0,22285,89654506848,278976688854
2022-11-25,ZL0051SW,0,55913208,7,0,208982516,22727,6,0,0,34,1,2369,34,55913208,0,0,0,22316,89697282464,279500047190
2022-11-26,ZL0051SW,0,52687576,7,0,211758964,22742,6,0,0,35,1,2369,35,52687576,0,0,0,22332,89730050320,279708194366
2022-11-27,ZL0051SW,0,212205304,7,0,217622463,22773,6,0,0,33,1,2371,33,212205304,0,0,0,22363,89781106048,280060809222
2022-11-28,ZL0051SW,0,120028968,7,0,222036748,22804,6,0,0,34,1,2372,34,120028968,0,0,0,22394,89847419112,280390601086
2022-11-29,ZL0051SW,0,120063080,7,0,223852998,22820,6,0,0,33,1,2373,33,120063080,0,0,0,22409,89882793928,280599401054
2022-11-30,ZL0051SW,0,165901576,7,0,228264349,22851,6,0,0,34,1,2374,34,165901576,0,0,0,22440,89972837496,281043477350
2022-12-01,ZL0051SW,0,154586136,7,0,231463493,22867,6,0,0,35,1,2374,35,154586136,0,0,0,22456,90022483608,281226656654
2022-12-02,ZL0051SW,0,242516392,7,0,239831223,22898,6,0,0,36,1,2376,36,242516392,0,0,0,22487,90122105264,281703247662
2022-12-03,ZL0051SW,0,122755912,7,0,243138873,22913,6,0,0,34,1,2376,34,122755912,0,0,0,22502,90157523848,282036350038
2022-12-04,ZL0051SW,0,225541968,7,0,249148942,22944,6,0,0,34,1,2378,34,225541968,0,0,0,22533,90201231824,282339568838
2022-12-05,ZL0051SW,0,210952504,7,0,251769963,22960,6,0,0,34,1,2378,34,210952504,0,0,0,22548,90236364256,282533987574
2022-12-06,ZL0051SW,0,191437096,7,0,255151703,22991,6,0,0,34,1,2380,34,191437096,0,0,0,22579,90296989976,282942127926
2022-12-07,ZL0051SW,0,198952608,7,0,257211971,23006,6,0,0,35,1,2380,35,198952608,0,0,0,22595,90331374032,283159400022
2022-12-08,ZL0051SW,0,150253968,7,0,264206974,23037,6,0,0,36,1,2382,36,150253968,0,0,0,22626,90404828888,283525527998
2022-12-09,ZL0051SW,0,217783008,7,0,272241676,23069,6,0,0,35,1,2383,35,217783008,0,0,0,22657,90476710088,284009457206
2022-12-11,ZL0051SW,0,199886232,7,0,280730345,23115,6,0,0,35,1,2385,35,199886232,0,0,0,22703,90557457280,284399098446
2022-12-11,ZL0051SW,0,199886232,7,0,280730345,23115,6,0,0,35,1,2385,35,199886232,0,0,0,22703,90557457280,284399098446
2022-12-12,ZL0051SW,0,199468696,7,0,282576784,23131,6,0,0,35,1,2386,35,199468696,0,0,0,22719,90579324840,284620954094
2022-12-13,ZL0051SW,0,71884672,7,0,285886972,23162,6,0,0,34,1,2387,34,71884672,0,0,0,22750,90623324216,284937674678
2022-12-14,ZL0051SW,0,20543200,7,0,287678954,23178,6,0,0,34,1,2388,34,20543200,0,0,0,22765,90649870528,285103927622
2022-12-15,ZL0051SW,0,204534656,7,0,291815124,23209,6,0,0,35,1,2389,35,204534656,0,0,0,22797,90705054984,285476875494
2022-12-16,ZL0051SW,0,143178888,7,0,295988155,23225,6,0,0,34,1,2390,34,143178888,0,0,0,22813,90732318272,285632397070
2022-12-17,ZL0051SW,0,63971792,7,0,300181004,23257,6,0,0,34,1,2391,34,63971792,0,0,0,22844,90783117128,285990672830
2022-12-18,ZL0051SW,0,216227088,7,0,303382398,23273,6,0,0,34,1,2392,34,216227088,0,0,0,22860,90814594376,286111450878
2022-12-19,ZL0051SW,0,128484184,7,0,307748440,23304,6,0,0,34,1,2393,34,128484184,0,0,0,22891,90846216792,286236226190
2022-12-20,ZL0051SW,0,52887528,7,0,309941700,23320,6,0,0,33,1,2393,33,52887528,0,0,0,22907,90877220200,286373766878
2022-12-21,ZL0051SW,0,219894912,7,0,313864145,23351,6,0,0,34,1,2395,34,219894912,0,0,0,22939,90957332400,286704811550
2022-12-22,ZL0051SW,0,189199632,7,0,316242049,23367,6,0,0,34,1,2395,34,189199632,0,0,0,22955,90999458856,286876130542
2022-12-23,ZL0051SW,0,156227256,7,0,321103485,23399,6,0,0,35,1,2397,35,156227256,0,0,0,22986,91061910744,287268987854
2022-12-24,ZL0051SW,0,220658208,7,0,325244585,23415,6,0,0,36,1,2397,36,220658208,0,0,0,23002,91108260232,287531209998
2022-12-25,ZL0051SW,0,135938624,7,0,332502575,23446,6,0,0,36,1,2399,36,135938624,0,0,0,23033,91170420656,287872611254
2022-12-26,ZL0051SW,0,54146904,7,0,337007593,23462,6,0,0,35,1,2399,35,54146904,0,0,0,23049,91211447864,287993932958
2022-12-27,ZL0051SW,0,8504504,7,0,342180898,23494,6,0,0,35,1,2401,35,8504504,0,0,0,23080,91260534480,288387485822
2022-12-28,ZL0051SW,0,222747672,7,0,344380405,23509,6,0,0,35,1,2401,35,222747672,0,0,0,23096,91293984144,288568279326
2022-12-29,ZL0051SW,0,21614216,7,0,348040660,23541,6,0,0,34,1,2403,34,21614216,0,0,0,23127,91347855128,289045697078
2022-12-30,ZL0051SW,0,76702896,7,0,355993707,23573,6,0,0,35,1,2404,35,76702896,0,0,0,23159,91405629240,289531293246
2022-12-31,ZL0051SW,0,87377384,7,0,357909859,23588,6,0,0,35,1,2405,35,87377384,0,0,0,23174,91432621480,289759116182
