2022-01-01,ZL0055T4,0,105412600,2,0,67104119,14975,2,0,0,45,0,825,45,105412600,0,0,0,14828,75189526032,179799102012
2022-01-02,ZL0055T4,0,60033536,2,0,70730108,15006,2,0,0,44,0,826,44,60033536,0,0,0,14859,75248589096,180182941636
2022-01-03,ZL0055T4,0,18263816,2,0,72488275,15022,2,0,0,45,0,826,45,18263816,0,0,0,14875,75281091208,180352810436
2022-01-04,ZL0055T4,0,124096928,2,0,79258585,15053,2,0,0,45,0,828,45,124096928,0,0,0,14906,75325548576,180658327140
2022-01-05,ZL0055T4,0,144325984,2,0,83143999,15069,2,0,0,44,0,828,44,144325984,0,0,0,14921,75351269376,180896976084
2022-01-06,ZL0055T4,0,110620696,2,0,86994114,15100,2,0,0,45,0,830,45,110620696,0,0,0,14953,75412553560,181290267996
2022-01-07,ZL0055T4,0,71983280,2,0,88596375,15116,2,0,0,45,0,830,45,71983280,0,0,0,14968,75439939872,181468385316
2022-01-08,ZL0055T4,0,30770744,2,0,94361730,15147,2,0,0,45,0,832,45,30770744,0,0,0,15000,75474315480,181881078500
2022-01-09,ZL0055T4,0,213665384,2,0,95791181,15163,2,0,0,47,0,832,47,213665384,0,0,0,15015,75495197736,182043090884
2022-01-10,ZL0055T4,0,184456960,2,0,99999953,15195,2,0,0,46,0,834,46,184456960,0,0,0,15046,75560215440,182437146292
2022-01-11,ZL0055T4,0,82782552,2,0,104271101,15210,2,0,0,45,0,834,45,82782552,0,0,0,15062,75611749312,182528079604
2022-01-12,ZL0055T4,0,42628840,2,0,109143174,15241,2,0,0,44,0,836,44,42628840,0,0,0,15093,75715396264,182872560356
2022-01-13,ZL0055T4,0,228905056,2,0,110988165,15257,2,0,0,45,0,836,45,228905056,0,0,0,15109,75761947712,183012285124
2022-01-14,ZL0055T4,0,169236744,2,0,114902181,15289,2,0,0,45,0,837,45,169236744,0,0,0,15140,75858002480,183344843716
2022-01-15,ZL0055T4,0,173843800,2,0,117376055,15305,2,0,0,45,0,838,45,173843800,0,0,0,15156,75906998144,183544595764
2022-01-16,ZL0055T4,0,178602000,2,0,123398305,15336,2,0,0,44,0,839,44,178602000,0,0,0,15187,75998787360,183945846268
2022-01-17,ZL0055T4,0,173564744,2,0,125604109,15352,2,0,0,45,0,840,45,173564744,0,0,0,15203,76046878640,184136858468
2022-01-18,ZL0055T4,0,19041872,2,0,131470828,15383,2,0,0,44,0,841,44,19041872,0,0,0,15234,76116278592,184401217100
2022-01-19,ZL0055T4,0,11361800,2,0,133770033,15398,2,0,0,45,0,842,45,11361800,0,0,0,15249,76153386144,184600570268
2022-01-20,ZL0055T4,0,209046896,2,0,138207879,15430,2,0,0,44,0,843,44,209046896,0,0,0,15281,76216911496,184978870660
2022-01-21,ZL0055T4,0,121018056,2,0,141612343,15461,2,0,0,45,0,845,45,121018056,0,0,0,15312,76286465984,185309569116
2022-01-22,ZL0055T4,0,97095896,2,0,145925187,15477,2,0,0,47,0,845,47,97095896,0,0,0,15327,76319696968,185496556684
2022-01-23,ZL0055T4,0,22464656,2,0,150671380,15508,2,0,0,45,0,847,45,22464656,0,0,0,15359,76388561288,185841342564
2022-01-24,ZL0055T4,0,3614608,2,0,152677407,15524,2,0,0,45,0,847,45,3614608,0,0,0,15375,76426431992,186028762540
2022-01-25,ZL0055T4,0,84784856,2,0,158525619,15556,2,0,0,45,0,848,45,84784856,0,0,0,15406,76485457696,186295047756
2022-01-26,ZL0055T4,0,65245632,2,0,160210286,15571,2,0,0,46,0,849,46,65245632,0,0,0,15422,76515601744,186489505132
2022-01-27,ZL0055T4,0,190734232,2,0,163345462,15603,2,0,0,45,0,850,45,190734232,0,0,0,15453,76557112880,186817623244
2022-01-28,ZL0055T4,0,136801232,2,0,165148342,15619,2,0,0,45,0,851,45,136801232,0,0,0,15469,76589618064,186975325732
2022-01-29,ZL0055T4,0,155729016,2,0,171875680,15650,2,0,0,45,0,852,45,155729016,0,0,0,15500,76665114488,187407038404
2022-01-30,ZL0055T4,0,123301136,2,0,174046812,15666,2,0,0,44,0,853,44,123301136,0,0,0,15515,76704933096,187578932604
2022-01-31,ZL0055T4,0,71775352,2,0,177932493,15697,2,0,0,45,0,854,45,71775352,0,0,0,15547,76792557016,187928064324
2022-02-01,ZL0055T4,0,201504920,2,0,181556713,15713,2,0,0,45,0,855,45,201504920,0,0,0,15562,76837240272,188013110636
2022-02-02,ZL0055T4,0,169317144,2,0,185950519,15744,2,0,0,44,0,856,44,169317144,0,0,0,15593,76940816816,188365628196
2022-02-03,ZL0055T4,0,159134720,2,0,187793467,15760,2,0,0,45,0,857,45,159134720,0,0,0,15609,76991388480,188549015324
2022-02-04,ZL0055T4,0,129514480,2,0,190946819,15791,2,0,0,44,0,858,44,129514480,0,0,0,15640,77061622944,188937442060
2022-02-05,ZL0055T4,0,203147944,2,0,193388010,15807,2,0,0,45,0,859,45,203147944,0,0,0,15655,77102243760,189214595748
2022-02-06,ZL0055T4,0,231345264,2,0,201713784,15838,2,0,0,45,0,860,45,231345264,0,0,0,15687,77175689640,189657628804
2022-02-07,ZL0055T4,0,242449744,2,0,207181089,15870,2,0,0,46,0,862,46,242449744,0,0,0,15718,77254255128,190078449364
2022-02-08,ZL0055T4,0,202731168,2,0,210274316,15885,2,0,0,45,0,862,45,202731168,0,0,0,15734,77297244112,190239882652
2022-02-09,ZL0055T4,0,209987552,2,0,214129065,15917,2,0,0,45,0,863,45,209987552,0,0,0,15765,77386506528,190646158084
2022-02-10,ZL0055T4,0,218896920,2,0,216089609,15932,2,0,0,45,0,864,45,218896920,0,0,0,15780,77420542912,190865171844
2022-02-11,ZL0055T4,0,200470978,2,0,219927641,15964,2,0,0,45,0,865,45,200470978,0,0,0,15811,77494600072,191260970030
2022-02-12,ZL0055T4,0,242509592,2,0,223326013,15979,2,0,0,46,0,866,46,242509592,0,0,0,15827,77534315280,191507434206
2022-02-13,ZL0055T4,0,54704352,2,0,228703691,16011,2,0,0,45,0,867,45,54704352,0,0,0,15858,77625599640,191960766822
2022-02-14,ZL0055T4,0,60961400,2,0,231033597,16027,2,0,0,45,0,868,45,60961400,0,0,0,15874,77680600624,192156164062
2022-02-15,ZL0055T4,0,150461640,2,0,237790245,16058,2,0,0,45,0,869,45,150461640,0,0,0,15905,77771970888,192398434790
2022-02-16,ZL0055T4,0,177836144,2,0,240264116,16074,2,0,0,45,0,870,45,177836144,0,0,0,15921,77845197656,192596723206
2022-02-17,ZL0055T4,0,142022856,2,0,244339219,16105,2,0,0,45,0,871,45,142022856,0,0,0,15952,77943888000,192950501062
2022-02-18,ZL0055T4,0,78254688,2,0,247557325,16136,2,0,0,46,0,873,46,78254688,0,0,0,15983,77978867912,193340034270
2022-02-19,ZL0055T4,0,107652752,2,0,252050801,16152,2,0,0,46,0,873,46,107652752,0,0,0,15999,78005195576,193587245750
2022-02-20,ZL0055T4,0,8123128,2,0,254785860,16183,2,0,0,46,0,875,46,8123128,0,0,0,16030,78040641200,193940552070
2022-02-21,ZL0055T4,0,10444904,2,0,256464291,16199,2,0,0,46,0,875,46,10444904,0,0,0,16045,78061274216,194166381718
2022-02-22,ZL0055T4,0,92928408,2,0,261425045,16231,2,0,0,47,0,876,47,92928408,0,0,0,16077,78092120616,194462159726
2022-02-23,ZL0055T4,0,54322392,2,0,262795063,16246,2,0,0,46,0,877,46,54322392,0,0,0,16093,78107457584,194652357782
2022-02-24,ZL0055T4,0,31708888,2,0,265505141,16278,2,0,0,46,0,878,46,31708888,0,0,0,16124,78142791640,195082691766
2022-02-25,ZL0055T4,0,216745384,2,0,266930952,16293,2,0,0,46,0,879,46,216745384,0,0,0,16139,78161282760,195249237142
2022-02-26,ZL0055T4,0,61845168,2,0,272110446,16325,2,0,0,46,0,880,46,61845168,0,0,0,16171,78192468328,195551436766
2022-02-27,ZL0055T4,0,33049864,2,0,273433159,16340,2,0,0,46,0,881,46,33049864,0,0,0,16186,78209864472,195749386198
2022-02-28,ZL0055T4,0,204844104,2,0,276788197,16372,2,0,0,46,0,882,46,204844104,0,0,0,16218,78243016784,196132168806
2022-03-01,ZL0055T4,0,120708320,2,0,280132557,16388,2,0,0,46,0,883,46,120708320,0,0,0,16233,78263997624,196271192814
2022-03-02,ZL0055T4,0,27933856,2,0,282883243,16419,2,0,0,46,0,884,46,27933856,0,0,0,16264,78306070032,196624627678
2022-03-03,ZL0055T4,0,65846600,2,0,284691044,16435,2,0,0,45,0,885,45,65846600,0,0,0,16280,78341661016,196871090294
2022-03-04,ZL0055T4,0,227965512,2,0,287550248,16466,2,0,0,46,0,886,46,227965512,0,0,0,16311,78384744392,197234266718
2022-03-05,ZL0055T4,0,203905088,2,0,290572832,16482,2,0,0,47,0,887,47,203905088,0,0,0,16327,78405408928,197433688990
2022-03-06,ZL0055T4,0,26952400,2,0,295294264,16513,2,0,0,46,0,888,46,26952400,0,0,0,16358,78459657128,197934915094
2022-03-07,ZL0055T4,0,54409392,2,0,297136846,16529,2,0,0,46,0,889,46,54409392,0,0,0,16374,78490191240,198175978822
2022-03-08,ZL0055T4,0,144851320,2,0,302996294,16560,2,0,0,45,0,890,45,144851320,0,0,0,16405,78547847984,198452905326
2022-03-09,ZL0055T4,0,159183544,2,0,304873878,16576,2,0,0,45,0,891,45,159183544,0,0,0,16420,78582531992,198676694342
2022-03-10,ZL0055T4,0,185108992,2,0,309739658,16607,2,0,0,45,0,892,45,185108992,0,0,0,16451,78635552752,199137880638
2022-03-11,ZL0055T4,0,148030368,2,0,313390072,16623,2,0,0,45,0,893,45,148030368,0,0,0,16467,78668505368,199311990030
2022-03-12,ZL0055T4,0,197412504,2,0,319121470,16654,2,0,0,45,0,894,45,197412504,0,0,0,16498,78733686768,199784472350
2022-03-13,ZL0055T4,0,8252536,2,0,324903250,16685,2,0,0,45,0,896,45,8252536,0,0,0,16529,78822095480,200239325798
2022-03-14,ZL0055T4,0,30542008,2,0,327306485,16701,2,0,0,45,0,896,45,30542008,0,0,0,16545,78870232264,200457621622
2022-03-15,ZL0055T4,0,206332184,2,0,334617991,16732,2,0,0,45,0,898,45,206332184,0,0,0,16576,78954727416,200793057374
2022-03-16,ZL0055T4,0,3807896,2,0,337200713,16748,2,0,0,46,0,898,46,3807896,0,0,0,16592,79003773896,201029768510
2022-03-17,ZL0055T4,0,73290288,2,0,342059843,16779,2,0,0,45,0,900,45,73290288,0,0,0,16623,79091599576,201499706550
2022-03-18,ZL0055T4,0,62187480,2,0,344634114,16795,2,0,0,46,0,900,46,62187480,0,0,0,16639,79139116576,201685227574
2022-03-19,ZL0055T4,0,45825136,2,0,351858267,16827,2,0,0,46,0,901,46,45825136,0,0,0,16670,79233616216,202062647398
2022-03-20,ZL0055T4,0,215402312,2,0,355044692,16842,2,0,0,45,0,902,45,215402312,0,0,0,16686,79275670536,202190170254
2022-03-21,ZL0055T4,0,148103736,2,0,360238679,16874,2,0,0,46,0,903,46,148103736,0,0,0,16717,79350692888,202536130766
2022-03-22,ZL0055T4,0,66470952,2,0,364743428,16890,2,0,0,46,0,904,46,66470952,0,0,0,16733,79393301696,202656029806
2022-03-23,ZL0055T4,0,2609152,2,0,369739078,16921,2,0,0,45,0,905,45,2609152,0,0,0,16764,79479761456,202993989758
2022-03-24,ZL0055T4,0,186408032,2,0,371717191,16937,2,0,0,46,0,906,46,186408032,0,0,0,16780,79520986760,203136563334
2022-03-25,ZL0055T4,0,36684344,2,0,375494138,16968,2,0,0,44,0,907,44,36684344,0,0,0,16811,79591544184,203648704318
2022-03-26,ZL0055T4,0,35713720,2,0,378255553,16984,2,0,0,46,0,908,46,35713720,0,0,0,16826,79626027408,203857391326
2022-03-27,ZL0055T4,0,73862848,2,0,382415641,16999,2,0,0,45,0,909,45,73862848,0,0,0,16842,79671958896,204093749606
2022-03-28,ZL0055T4,0,75479400,2,0,386513581,17031,2,0,0,45,0,910,45,75479400,0,0,0,16873,79743388224,204512218318
2022-03-29,ZL0055T4,0,190453832,2,0,393027645,17062,2,0,0,46,0,911,46,190453832,0,0,0,16904,79823457264,204791264342
2022-03-30,ZL0055T4,0,131112688,2,0,395110170,17078,2,0,0,45,0,912,45,131112688,0,0,0,16920,79862820216,204936701022
2022-03-31,ZL0055T4,0,56012272,2,0,398986998,17109,2,0,0,45,0,913,45,56012272,0,0,0,16951,79932435272,205280266846
2022-04-01,ZL0055T4,0,213352432,2,0,402231268,17141,2,0,0,46,0,915,46,213352432,0,0,0,16982,79973393104,205640789846
2022-04-02,ZL0055T4,0,222206080,2,0,406118359,17156,2,0,0,46,0,915,46,222206080,0,0,0,16998,79996056040,205871121190
2022-04-03,ZL0055T4,0,8671888,2,0,409880715,17188,2,0,0,45,0,917,45,8671888,0,0,0,17029,80040658960,206101265758
2022-04-04,ZL0055T4,0,120118064,2,0,411416134,17203,2,0,0,46,0,917,46,120118064,0,0,0,17045,80071424520,206181946374
2022-04-05,ZL0055T4,0,120107112,2,0,416985552,17235,2,0,0,45,0,919,45,120107112,0,0,0,17076,80117843160,206379657590
2022-04-06,ZL0055T4,0,236187248,2,0,418357059,17250,2,0,0,45,0,919,45,236187248,0,0,0,17092,80139699160,206473881726
2022-04-07,ZL0055T4,0,59923440,2,0,421368019,17282,2,0,0,45,0,921,45,59923440,0,0,0,17123,80188621864,206736976806
2022-04-08,ZL0055T4,0,65631624,2,0,423276113,17297,2,0,0,46,0,921,46,65631624,0,0,0,17139,80215340120,206960107366
2022-04-09,ZL0055T4,0,140669384,2,0,429746378,17329,2,0,0,46,0,922,46,140669384,0,0,0,17170,80271460672,207467306334
2022-04-10,ZL0055T4,0,145189864,2,0,432229162,17345,2,0,0,45,0,923,45,145189864,0,0,0,17186,80307450280,207679978278
2022-04-11,ZL0055T4,0,33113528,2,0,435768752,17376,2,0,0,47,0,924,47,33113528,0,0,0,17217,80355515816,208008117894
2022-04-12,ZL0055T4,0,177712480,2,0,440025232,17392,2,0,0,46,0,925,46,177712480,0,0,0,17233,80379909192,208128323470
2022-04-13,ZL0055T4,0,108257264,2,0,443486473,17423,2,0,0,47,0,926,47,108257264,0,0,0,17264,80429003056,208498055926
2022-04-14,ZL0055T4,0,41452440,2,0,445135386,17439,2,0,0,45,0,927,45,41452440,0,0,0,17280,80450635032,208653760110
2022-04-15,ZL0055T4,0,243622456,2,0,448473795,17471,2,0,0,46,0,928,46,243622456,0,0,0,17311,80501587608,209049118238
2022-04-16,ZL0055T4,0,878016,2,0,451037123,17487,2,0,0,47,0,929,47,878016,0,0,0,17327,80530155160,209266087702
2022-04-17,ZL0055T4,0,136384320,2,0,460234927,17518,2,0,0,46,0,930,46,136384320,0,0,0,17358,80589758104,209586131694
2022-04-18,ZL0055T4,0,20786384,2,0,461762429,17534,2,0,0,45,0,931,45,20786384,0,0,0,17373,80615740936,209688691558
2022-04-19,ZL0055T4,0,104131008,2,0,467938153,17565,2,0,0,46,0,932,46,104131008,0,0,0,17405,80677792824,209954125622
2022-04-20,ZL0055T4,0,148084896,2,0,471887107,17596,2,0,0,46,0,934,46,148084896,0,0,0,17436,80736578328,210427575454
2022-04-21,ZL0055T4,0,65238272,2,0,473496408,17612,2,0,0,46,0,934,46,65238272,0,0,0,17452,80761195208,210564252814
2022-04-22,ZL0055T4,0,204287008,2,0,476967396,17643,2,0,0,46,0,936,46,204287008,0,0,0,17483,80811749328,210896888374
2022-04-23,ZL0055T4,0,210206976,2,0,480317201,17659,2,0,0,46,0,936,46,210206976,0,0,0,17498,80834751760,211123946542
2022-04-24,ZL0055T4,0,159010464,2,0,484915885,17690,2,0,0,45,0,938,45,159010464,0,0,0,17530,80901990384,211493794190
2022-04-25,ZL0055T4,0,124646144,2,0,486976292,17706,2,0,0,45,0,938,45,124646144,0,0,0,17545,80933958096,211671602918
2022-04-26,ZL0055T4,0,13733872,2,0,493574167,17737,2,0,0,46,0,940,46,13733872,0,0,0,17576,80996350856,211986579230
2022-04-27,ZL0055T4,0,35194808,2,0,495727603,17753,2,0,0,45,0,940,45,35194808,0,0,0,17592,81034620072,212213911766
2022-04-28,ZL0055T4,0,201775584,2,0,499052352,17784,2,0,0,45,0,942,45,201775584,0,0,0,17623,81101935144,212557318254
2022-04-29,ZL0055T4,0,170183088,2,0,501038867,17800,2,0,0,46,0,942,46,170183088,0,0,0,17639,81129321264,212742480310
2022-04-30,ZL0055T4,0,204958240,2,0,506955702,17831,2,0,0,47,0,944,47,204958240,0,0,0,17670,81174524520,213220333638
2022-05-01,ZL0055T4,0,145797592,2,0,509216183,17847,2,0,0,46,0,944,46,145797592,0,0,0,17686,81205251704,213374586478
2022-05-02,ZL0055T4,0,49858888,2,0,512605202,17879,2,0,0,45,0,946,45,49858888,0,0,0,17717,81277828176,213694352694
2022-05-03,ZL0055T4,0,163607952,2,0,517003595,17894,2,0,0,46,0,946,46,163607952,0,0,0,17733,81306456488,213779473446
2022-05-04,ZL0055T4,0,66365360,2,0,520615614,17926,2,0,0,45,0,947,45,66365360,0,0,0,17764,81373516080,214103452566
2022-05-05,ZL0055T4,0,173618408,2,0,523933716,17957,2,0,0,44,0,949,44,173618408,0,0,0,17796,81427387928,214400974870
2022-05-06,ZL0055T4,0,183002024,2,0,525931763,17973,2,0,0,44,0,949,44,183002024,0,0,0,17811,81454834856,214627052198
2022-05-07,ZL0055T4,0,120276088,2,0,532227642,18004,2,0,0,45,0,951,45,120276088,0,0,0,17842,81510368472,214997074846
2022-05-08,ZL0055T4,0,147003808,2,0,534114671,18020,2,0,0,45,0,951,45,147003808,0,0,0,17858,81535092064,215243219918
2022-05-09,ZL0055T4,0,66951760,2,0,538473914,18051,2,0,0,45,0,953,45,66951760,0,0,0,17889,81588573760,215597967438
2022-05-10,ZL0055T4,0,199377272,2,0,542245815,18067,2,0,0,45,0,953,45,199377272,0,0,0,17905,81616215032,215702751678
2022-05-11,ZL0055T4,0,128637016,2,0,545583036,18098,2,0,0,45,0,955,45,128637016,0,0,0,17936,81669679704,216066828494
2022-05-12,ZL0055T4,0,101330208,2,0,547400026,18114,2,0,0,46,0,955,46,101330208,0,0,0,17952,81692265920,216261076142
2022-05-13,ZL0055T4,0,194322312,2,0,550620010,18145,2,0,0,46,0,957,46,194322312,0,0,0,17983,81743437168,216547037670
2022-05-14,ZL0055T4,0,13639392,2,0,553609808,18161,2,0,0,47,0,957,47,13639392,0,0,0,17999,81778713592,216819359742
2022-05-15,ZL0055T4,0,217430456,2,0,559548546,18192,2,0,0,46,0,959,46,217430456,0,0,0,18030,81824835304,217221169726
2022-05-16,ZL0055T4,0,227394960,2,0,561616904,18208,2,0,0,45,0,959,45,227394960,0,0,0,18045,81847022352,217453088030
2022-05-17,ZL0055T4,0,39335448,2,0,567519944,18239,2,0,0,46,0,961,46,39335448,0,0,0,18076,81887401744,217712930702
2022-05-18,ZL0055T4,0,221319264,2,0,569503400,18255,2,0,0,44,0,961,44,221319264,0,0,0,18092,81910151320,217872164942
2022-05-19,ZL0055T4,0,134737344,2,0,572810870,18286,2,0,0,44,0,963,44,134737344,0,0,0,18123,81956453272,218227562894
2022-05-20,ZL0055T4,0,53211680,2,0,574726169,18302,2,0,0,45,0,963,45,53211680,0,0,0,18139,81994656936,218351974462
2022-05-21,ZL0055T4,0,240805344,2,0,580014373,18333,2,0,0,46,0,965,46,240805344,0,0,0,18170,82052785864,218725579886
2022-05-22,ZL0055T4,0,207121120,2,0,589101282,18365,2,0,0,46,0,966,46,207121120,0,0,0,18201,82110070768,219122892230
2022-05-23,ZL0055T4,0,199002312,2,0,591172684,18380,2,0,0,46,0,967,46,199002312,0,0,0,18217,82167989912,219300994910
2022-05-24,ZL0055T4,0,69482088,2,0,597625580,18412,2,0,0,46,0,968,46,69482088,0,0,0,18248,82253949400,219573796718
2022-05-25,ZL0055T4,0,26876152,2,0,599565046,18427,2,0,0,46,0,969,46,26876152,0,0,0,18264,82279140368,219750140542
2022-05-26,ZL0055T4,0,177444576,2,0,603128999,18459,2,0,0,45,0,970,45,177444576,0,0,0,18295,82336535096,220087454926
2022-05-27,ZL0055T4,0,134480512,2,0,605161388,18474,2,0,0,45,0,971,45,134480512,0,0,0,18311,82361946792,220263219798
2022-05-28,ZL0055T4,0,129435880,2,0,611513675,18506,2,0,0,46,0,972,46,129435880,0,0,0,18342,82406646336,220701757798
2022-05-29,ZL0055T4,0,103430688,2,0,614152146,18521,2,0,0,46,0,972,46,103430688,0,0,0,18358,82435999392,220890540478
2022-05-30,ZL0055T4,0,22383960,2,0,618340369,18553,2,0,0,46,0,974,46,22383960,0,0,0,18389,82484454512,221249319942
2022-05-31,ZL0055T4,0,134136792,2,0,622766709,18569,2,0,0,45,0,974,45,134136792,0,0,0,18404,82513461288,221332065998
2022-06-01,ZL0055T4,0,83882000,2,0,627525416,18600,2,0,0,45,0,976,45,83882000,0,0,0,18435,82574870792,221708683110
2022-06-02,ZL0055T4,0,32771816,2,0,629611497,18615,2,0,0,45,0,976,45,32771816,0,0,0,18451,82615383440,221861201134
2022-06-03,ZL0055T4,0,171300848,2,0,633516825,18647,2,0,0,44,0,978,44,171300848,0,0,0,18482,82675239136,222184015310
2022-06-04,ZL0055T4,0,141766072,2,0,636258417,18662,2,0,0,46,0,978,46,141766072,0,0,0,18498,82703919280,222369941022
2022-06-05,ZL0055T4,0,101952080,2,0,642564159,18694,2,0,0,45,0,980,45,101952080,0,0,0,18529,82767979288,222754348398
2022-06-07,ZL0055T4,0,166129952,2,0,650657786,18741,2,0,0,45,0,982,45,166129952,0,0,0,18576,82876319504,223198467422
2022-06-08,ZL0055T4,0,68069952,2,0,653952823,18772,2,0,0,46,0,983,46,68069952,0,0,0,18607,82927450672,223537558518
2022-06-09,ZL0055T4,0,208645016,2,0,657984871,18803,2,0,0,45,0,984,45,208645016,0,0,0,18638,83009699168,223840025846
2022-06-10,ZL0055T4,0,195962904,2,0,659825973,18819,2,0,0,46,0,985,46,195962904,0,0,0,18654,83050036048,224031147582
2022-06-11,ZL0055T4,0,203492128,2,0,666682003,18850,2,0,0,45,0,986,45,203492128,0,0,0,18685,83111971920,224465022558
2022-06-12,ZL0055T4,0,168382936,2,0,668330633,18866,2,0,0,45,0,987,45,168382936,0,0,0,18701,83134726992,224651299342
2022-06-13,ZL0055T4,0,73848664,2,0,674336200,18897,2,0,0,46,0,988,46,73848664,0,0,0,18732,83197528056,224982245742
2022-06-14,ZL0055T4,0,215007672,2,0,677377842,18913,2,0,0,45,0,989,45,215007672,0,0,0,18747,83220293080,225100639726
2022-06-15,ZL0055T4,0,131075392,2,0,681015621,18944,2,0,0,45,0,990,45,131075392,0,0,0,18779,83276688560,225448593590
2022-06-16,ZL0055T4,0,64160784,2,0,682708128,18960,2,0,0,45,0,991,45,64160784,0,0,0,18794,83305092824,225597415414
2022-06-17,ZL0055T4,0,135876784,2,0,685777572,18992,2,0,0,47,0,992,47,135876784,0,0,0,18826,83341481000,225876883974
2022-06-18,ZL0055T4,0,113652720,2,0,690125905,19008,2,0,0,47,0,993,47,113652720,0,0,0,18841,83344672160,226095609462
2022-06-19,ZL0055T4,0,6279720,2,0,692858226,19039,2,0,0,47,0,994,47,6279720,0,0,0,18873,83353086088,226468103926
2022-06-20,ZL0055T4,0,187590624,2,0,694330967,19055,2,0,0,47,0,995,47,187590624,0,0,0,18889,83356243976,226646256942
2022-06-21,ZL0055T4,0,238670040,2,0,699297670,19087,2,0,0,46,0,996,46,238670040,0,0,0,18920,83363017224,226934703806
2022-06-22,ZL0055T4,0,174449504,2,0,700627182,19103,2,0,0,47,0,997,47,174449504,0,0,0,18936,83368712552,227108928646
2022-06-23,ZL0055T4,0,195918472,2,0,704213268,19134,2,0,0,45,0,998,45,195918472,0,0,0,18967,83464878888,227522512734
2022-06-24,ZL0055T4,0,123600608,2,0,705794168,19149,2,0,0,47,0,999,47,123600608,0,0,0,18982,83481577192,227677637302
2022-06-25,ZL0055T4,0,71363744,2,0,712176337,19181,2,0,0,46,0,1000,46,71363744,0,0,0,19013,83525663440,228069596350
2022-06-26,ZL0055T4,0,220916544,2,0,713809272,19197,2,0,0,46,0,1001,46,220916544,0,0,0,19029,83555057200,228189755390
2022-06-27,ZL0055T4,0,67509088,2,0,716932953,19228,2,0,0,46,0,1002,46,67509088,0,0,0,19060,83596390480,228483296086
2022-06-28,ZL0055T4,0,188111088,2,0,721619697,19244,2,0,0,47,0,1002,47,188111088,0,0,0,19076,83622406968,228577881598
2022-06-29,ZL0055T4,0,158582152,2,0,728204604,19275,2,0,0,48,0,1004,48,158582152,0,0,0,19107,83660262752,228998778278
2022-06-30,ZL0055T4,0,159390256,2,0,731165499,19306,2,0,0,44,0,1005,44,159390256,0,0,0,19138,83716369784,229431760806
2022-07-01,ZL0055T4,0,93847520,2,0,732216766,19322,2,0,0,46,0,1006,46,93847520,0,0,0,19154,83722791432,229603937198
2022-07-02,ZL0055T4,0,105784904,2,0,737727785,19353,2,0,0,48,0,1007,48,105784904,0,0,0,19185,83730158496,230096789878
2022-07-03,ZL0055T4,0,74430152,2,0,738748499,19369,2,0,0,47,0,1008,47,74430152,0,0,0,19201,83731900960,230307833614
2022-07-04,ZL0055T4,0,161039152,2,0,741617434,19400,2,0,0,47,0,1009,47,161039152,0,0,0,19232,83738966536,230631517806
2022-07-05,ZL0055T4,0,900760,2,0,744441298,19416,2,0,0,47,0,1010,47,900760,0,0,0,19248,83741468792,230713017790
2022-07-06,ZL0055T4,0,156409288,2,0,746813379,19448,2,0,0,47,0,1011,47,156409288,0,0,0,19279,83748633576,231105502278
2022-07-07,ZL0055T4,0,102216824,2,0,747942163,19463,2,0,0,45,0,1012,45,102216824,0,0,0,19295,83755416344,231288671038
2022-07-08,ZL0055T4,0,54013336,2,0,749313820,19479,2,0,0,44,0,1012,44,54013336,0,0,0,19310,83783377456,231456647086
2022-07-09,ZL0055T4,0,171385744,2,0,752361420,19510,2,0,0,46,0,1014,46,171385744,0,0,0,19342,83794676608,231806861190
2022-07-10,ZL0055T4,0,108619440,2,0,755220731,19542,2,0,0,46,0,1015,46,108619440,0,0,0,19373,83843391576,232183661366
2022-07-11,ZL0055T4,0,61548616,2,0,756520410,19557,2,0,0,45,0,1016,45,61548616,0,0,0,19388,83873652880,232350470110
2022-07-12,ZL0055T4,0,4969336,2,0,761490857,19589,2,0,0,49,0,1017,49,4969336,0,0,0,19420,83916829384,232494855110
2022-07-13,ZL0055T4,0,189725088,2,0,762656426,19605,2,0,0,46,0,1018,46,189725088,0,0,0,19435,83919699216,232676741030
2022-07-14,ZL0055T4,0,101106288,2,0,765105223,19636,2,0,0,46,0,1019,46,101106288,0,0,0,19467,83959760376,233036342374
2022-07-15,ZL0055T4,0,45437148,3,0,766248374,19652,3,0,0,41,0,1023,41,45437148,0,0,0,19482,83967218320,233217356042
2022-07-16,ZL0055T4,0,219932904,3,0,774321235,19685,3,0,0,43,0,1027,43,219932904,0,0,0,19514,83974783584,236558117242
2022-07-17,ZL0055T4,0,12376760,3,0,778915650,19701,3,0,0,43,0,1027,43,12376760,0,0,0,19529,83977315480,237812873578
2022-07-18,ZL0055T4,0,99179744,3,0,784419356,19732,3,0,0,41,0,1029,41,99179744,0,0,0,19560,83981231864,240093038610
2022-07-19,ZL0055T4,0,158630352,3,0,787172624,19748,3,0,0,41,0,1029,41,158630352,0,0,0,19576,83983313808,240150407274
2022-07-20,ZL0055T4,0,53796360,3,0,793410955,19779,3,0,0,42,0,1031,42,53796360,0,0,0,19607,83992380880,241745506578
2022-07-21,ZL0055T4,0,14965664,3,0,797153084,19795,3,0,0,42,0,1031,42,14965664,0,0,0,19623,84016177944,242659441498
2022-07-22,ZL0055T4,0,36015456,3,0,805117010,19826,3,0,0,43,0,1033,43,36015456,0,0,0,19654,84035469648,244858467098
2022-07-23,ZL0055T4,0,18243296,3,0,809545824,19842,3,0,0,43,0,1033,43,18243296,0,0,0,19670,84042931144,246298078394
2022-07-24,ZL0055T4,0,248824,3,0,819969039,19873,3,0,0,43,0,1035,43,248824,0,0,0,19701,84062539840,248457743162
2022-07-25,ZL0055T4,0,92048384,3,0,824422786,19888,3,0,0,43,0,1035,43,92048384,0,0,0,19716,84070360856,249518284690
2022-07-26,ZL0055T4,0,124494544,3,0,828859040,19920,3,0,0,42,0,1037,42,124494544,0,0,0,19748,84084972112,249780260434
2022-07-27,ZL0055T4,0,5118784,3,0,831571163,19935,3,0,0,43,0,1037,43,5118784,0,0,0,19763,84095023464,249894974154
2022-07-28,ZL0055T4,0,130006800,3,0,842027945,19967,3,0,0,43,0,1039,43,130006800,0,0,0,19794,84142144072,251925871298
2022-07-29,ZL0055T4,0,16560768,3,0,845935515,19982,3,0,0,43,0,1039,43,16560768,0,0,0,19810,84181916208,252993357138
2022-07-30,ZL0055T4,0,58343824,3,0,854361472,20014,3,0,0,43,0,1041,43,58343824,0,0,0,19841,84239879584,255418584874
2022-07-31,ZL0055T4,0,213113904,3,0,858671538,20029,3,0,0,43,0,1041,43,213113904,0,0,0,19856,84276898256,256512902026
2022-08-01,ZL0055T4,0,86948144,3,0,865853790,20060,3,0,0,42,0,1043,42,86948144,0,0,0,19887,84331451600,258773602634
2022-08-02,ZL0055T4,0,179279824,3,0,868018630,20076,3,0,0,41,0,1043,41,179279824,0,0,0,19903,84357458096,258839927818
2022-08-03,ZL0055T4,0,75095976,3,0,873914134,20107,3,0,0,42,0,1045,42,75095976,0,0,0,19934,84414076048,259411548202
2022-08-04,ZL0055T4,0,53439680,3,0,881499535,20139,3,0,0,42,0,1046,42,53439680,0,0,0,19965,84476847704,261524389714
2022-08-05,ZL0055T4,0,203469920,3,0,885514531,20154,3,0,0,43,0,1046,43,203469920,0,0,0,19981,84503746176,262624084594
2022-08-06,ZL0055T4,0,365680,3,0,893976799,20186,3,0,0,43,0,1048,43,365680,0,0,0,20012,84555661320,264810472586
2022-08-07,ZL0055T4,0,58569368,3,0,899236756,20202,3,0,0,43,0,1048,43,58569368,0,0,0,20028,84583668888,265817231346
2022-08-08,ZL0055T4,0,18219088,3,0,907334444,20233,3,0,0,41,0,1050,41,18219088,0,0,0,20059,84631415136,267682261290
2022-08-09,ZL0055T4,0,108577184,3,0,909882363,20249,3,0,0,42,0,1050,42,108577184,0,0,0,20075,84664763216,267739271306
2022-08-10,ZL0055T4,0,120476104,3,0,916390530,20280,3,0,0,42,0,1052,42,120476104,0,0,0,20106,84719813280,268428545282
2022-08-11,ZL0055T4,0,63025768,3,0,920858332,20296,3,0,0,43,0,1052,43,63025768,0,0,0,20121,84752119192,269315352186
2022-08-12,ZL0055T4,0,133912848,3,0,930738835,20327,3,0,0,43,0,1054,43,133912848,0,0,0,20152,84804449856,271287035418
2022-08-13,ZL0055T4,0,41761760,3,0,934718953,20343,3,0,0,43,0,1054,43,41761760,0,0,0,20168,84828996424,272391041522
2022-08-14,ZL0055T4,0,52293848,3,0,943988847,20374,3,0,0,43,0,1056,43,52293848,0,0,0,20199,84883032064,274544804724
2022-08-15,ZL0055T4,0,208107128,3,0,946868651,20390,3,0,0,42,0,1056,42,208107128,0,0,0,20215,84908810184,275651402980
2022-08-16,ZL0055T4,0,174472016,3,0,952102153,20421,3,0,0,42,0,1058,42,174472016,0,0,0,20246,84995005320,277728841460
2022-08-17,ZL0055T4,0,91920128,3,0,955035774,20437,3,0,0,43,0,1058,43,91920128,0,0,0,20262,85022127296,278839874020
2022-08-18,ZL0055T4,0,61761712,3,0,960833934,20468,3,0,0,42,0,1059,42,61761712,0,0,0,20293,85069882104,281203369596
2022-08-19,ZL0055T4,0,150597528,3,0,963822756,20484,3,0,0,43,0,1060,43,150597528,0,0,0,20309,85095570032,282243080588
2022-08-20,ZL0055T4,0,157095736,3,0,972018652,20515,3,0,0,44,0,1061,44,157095736,0,0,0,20340,85142352392,284400063660
2022-08-21,ZL0055T4,0,119987928,3,0,977593058,20531,3,0,0,44,0,1062,44,119987928,0,0,0,20356,85172806976,285309064308
2022-08-22,ZL0055T4,0,197286888,3,0,988223777,20563,3,0,0,43,0,1063,43,197286888,0,0,0,20387,85227532280,287040623124
2022-08-23,ZL0055T4,0,177062016,3,0,993535382,20594,3,0,0,43,0,1065,43,177062016,0,0,0,20418,85307367512,287184703652
2022-08-24,ZL0055T4,0,225777872,3,0,996627430,20610,3,0,0,43,0,1065,43,225777872,0,0,0,20433,85341047688,287443880060
2022-08-25,ZL0055T4,0,21232408,3,0,4509583,20641,3,0,0,44,0,1067,44,21232408,0,0,0,20464,85412763752,289609026836
2022-08-26,ZL0055T4,0,178312152,3,0,8758945,20657,3,0,0,44,0,1067,44,178312152,0,0,0,20480,85438212792,290717221004
2022-08-27,ZL0055T4,0,156283336,3,0,19533054,20688,3,0,0,44,0,1069,44,156283336,0,0,0,20511,85501570168,292829101260
2022-08-28,ZL0055T4,0,113995120,3,0,25554859,20704,3,0,0,44,0,1069,44,113995120,0,0,0,20527,85540007840,293724938572
2022-08-29,ZL0055T4,0,16792584,3,0,33921112,20735,3,0,0,42,0,1071,42,16792584,0,0,0,20558,85600753304,295520116476
2022-08-30,ZL0055T4,0,105103160,3,0,36238264,20751,3,0,0,42,0,1071,42,105103160,0,0,0,20574,85627898000,295581282356
2022-08-31,ZL0055T4,0,119991592,3,0,42215283,20782,3,0,0,43,0,1072,43,119991592,0,0,0,20605,85680232376,296032117860
2022-09-01,ZL0055T4,0,184774840,3,0,45998666,20798,3,0,0,43,0,1073,43,184774840,0,0,0,20621,85708940224,297044756148
2022-09-02,ZL0055T4,0,39020240,3,0,52519393,20829,3,0,0,43,0,1074,43,39020240,0,0,0,20652,85779361464,299269991156
2022-09-03,ZL0055T4,0,175041360,3,0,55367795,20845,3,0,0,43,0,1075,43,175041360,0,0,0,20667,85810569264,300351370452
2022-09-04,ZL0055T4,0,232636208,3,0,63764268,20876,3,0,0,44,0,1076,44,232636208,0,0,0,20699,85879190712,302537612988
2022-09-05,ZL0055T4,0,13672560,3,0,67587177,20892,3,0,0,43,0,1077,43,13672560,0,0,0,20714,85920267888,303498276548
2022-09-06,ZL0055T4,0,132152168,3,0,72528557,20924,3,0,0,42,0,1078,42,132152168,0,0,0,20746,85991862112,304033443868
2022-09-07,ZL0055T4,0,183337952,3,0,78863656,20955,3,0,0,43,0,1080,43,183337952,0,0,0,20777,86070670848,304738244316
2022-09-08,ZL0055T4,0,22531120,3,0,81944660,20970,3,0,0,43,0,1080,43,22531120,0,0,0,20792,86109893688,305758918308
2022-09-09,ZL0055T4,0,62949464,3,0,90036755,21002,3,0,0,43,0,1082,43,62949464,0,0,0,20823,86174225160,307932271748
2022-09-10,ZL0055T4,0,1383352,3,0,94353203,21018,3,0,0,44,0,1082,44,1383352,0,0,0,20839,86208409200,309057226212
2022-09-11,ZL0055T4,0,133895072,3,0,103227081,21049,3,0,0,43,0,1084,43,133895072,0,0,0,20870,86305515152,311289898156
2022-09-12,ZL0055T4,0,213605624,3,0,107355448,21065,3,0,0,43,0,1084,43,213605624,0,0,0,20886,86344662896,312307023892
2022-09-13,ZL0055T4,0,242552984,3,0,114456299,21096,3,0,0,43,0,1086,43,242552984,0,0,0,20917,86408902456,313980717092
2022-09-14,ZL0055T4,0,209814232,3,0,118816525,21112,3,0,0,42,0,1086,42,209814232,0,0,0,20933,86450585576,314882858268
2022-09-15,ZL0055T4,0,224099864,3,0,129105850,21143,3,0,0,43,0,1088,43,224099864,0,0,0,20964,86534146736,316766708900
2022-09-16,ZL0055T4,0,3851568,3,0,137383489,21174,3,0,0,43,0,1089,43,3851568,0,0,0,20995,86593803792,318928211076
2022-09-17,ZL0055T4,0,212303096,3,0,141791081,21190,3,0,0,44,0,1090,44,212303096,0,0,0,21011,86626284216,320080745108
2022-09-18,ZL0055T4,0,163326592,3,0,151498436,21221,3,0,0,43,0,1091,43,163326592,0,0,0,21042,86693940008,322161379644
2022-09-19,ZL0055T4,0,61822536,3,0,154211239,21237,3,0,0,42,0,1092,42,61822536,0,0,0,21057,86724928344,323249594132
2022-09-20,ZL0055T4,0,219088056,3,0,159096513,21268,3,0,0,42,0,1093,42,219088056,0,0,0,21089,86781097912,323350690084
2022-09-21,ZL0055T4,0,164139616,3,0,161845839,21284,3,0,0,42,0,1094,42,164139616,0,0,0,21104,86810414512,323510565676
2022-09-22,ZL0055T4,0,81966880,3,0,167555705,21316,3,0,0,43,0,1095,43,81966880,0,0,0,21136,86874428336,325561653844
2022-09-23,ZL0055T4,0,150629688,3,0,170577379,21331,3,0,0,42,0,1096,42,150629688,0,0,0,21151,86905605688,326819842956
2022-09-24,ZL0055T4,0,88742272,3,0,173590990,21347,3,0,0,42,0,1096,42,88742272,0,0,0,21167,86931619416,327952645668
2022-09-25,ZL0055T4,0,95801760,3,0,177641184,21378,3,0,0,42,0,1098,42,95801760,0,0,0,21198,86977408184,328890479396
2022-09-26,ZL0055T4,0,112945168,3,0,181823796,21410,3,0,0,42,0,1099,42,112945168,0,0,0,21230,87023143272,329350169196
2022-09-27,ZL0055T4,0,21918488,3,0,185332628,21426,3,0,0,41,0,1099,41,21918488,0,0,0,21245,87047757392,329478675172
2022-09-28,ZL0055T4,0,204408960,3,0,188581128,21457,3,0,0,42,0,1101,42,204408960,0,0,0,21277,87111569024,329841494900
2022-09-29,ZL0055T4,0,214406336,3,0,190398265,21473,3,0,0,42,0,1101,42,214406336,0,0,0,21292,87144505312,330062696620
2022-09-30,ZL0055T4,0,192919256,3,0,193655739,21504,3,0,0,41,0,1103,41,192919256,0,0,0,21324,87195349832,330478646460
2022-10-01,ZL0055T4,0,44559888,3,0,196846997,21520,3,0,0,43,0,1103,43,44559888,0,0,0,21339,87226880512,330787037892
2022-10-02,ZL0055T4,0,60541760,3,0,202593722,21551,3,0,0,43,0,1105,43,60541760,0,0,0,21371,87288333064,331229848588
2022-10-03,ZL0055T4,0,2465992,3,0,204360307,21567,3,0,0,43,0,1105,43,2465992,0,0,0,21386,87327033040,331377213492
2022-10-04,ZL0055T4,0,81600816,3,0,210784646,21599,3,0,0,43,0,1107,43,81600816,0,0,0,21418,87396869496,331630652516
2022-10-05,ZL0055T4,0,24360952,3,0,214407107,21630,3,0,0,42,0,1108,42,24360952,0,0,0,21449,87470740280,331987823196
2022-10-06,ZL0055T4,0,42923336,3,0,216186898,21646,3,0,0,42,0,1109,42,42923336,0,0,0,21465,87494833144,332226433492
2022-10-07,ZL0055T4,0,32521944,3,0,217955186,21661,3,0,0,43,0,1109,43,32521944,0,0,0,21481,87530277288,332424728748
2022-10-08,ZL0055T4,0,169504304,3,0,223059025,21693,3,0,0,44,0,1111,44,169504304,0,0,0,21512,87587140432,332748988612
2022-10-09,ZL0055T4,0,146984328,3,0,224941973,21709,3,0,0,43,0,1111,43,146984328,0,0,0,21527,87701589280,332856160532
2022-10-10,ZL0055T4,0,149610552,3,0,227877866,21740,3,0,0,41,0,1113,41,149610552,0,0,0,21559,87759118328,333045398420
2022-10-11,ZL0055T4,0,25377416,3,0,231905801,21756,3,0,0,42,0,1113,42,25377416,0,0,0,21574,87789735808,333134688652
2022-10-12,ZL0055T4,0,45340384,3,0,236123969,21787,3,0,0,42,0,1115,42,45340384,0,0,0,21606,87848098568,333584570220
2022-10-13,ZL0055T4,0,243334248,3,0,239209967,21819,3,0,0,42,0,1116,42,243334248,0,0,0,21637,87887611392,333987192188
2022-10-14,ZL0055T4,0,138786944,3,0,240604064,21834,3,0,0,42,0,1116,42,138786944,0,0,0,21653,87909908296,334104488732
2022-10-15,ZL0055T4,0,94363224,3,0,245958417,21866,3,0,0,43,0,1118,43,94363224,0,0,0,21684,87956362384,334501892316
2022-10-16,ZL0055T4,0,106734552,3,0,250784041,21882,3,0,0,44,0,1118,44,106734552,0,0,0,21700,87985488592,334729278068
2022-10-17,ZL0055T4,0,24368408,3,0,256812431,21913,3,0,0,42,0,1120,42,24368408,0,0,0,21731,88036042864,335084639692
2022-10-18,ZL0055T4,0,175812304,3,0,260466048,21929,3,0,0,41,0,1120,41,175812304,0,0,0,21747,88068448152,335203678300
2022-10-19,ZL0055T4,0,134436816,3,0,263765204,21960,3,0,0,44,0,1122,44,134436816,0,0,0,21778,88127870720,335591161844
2022-10-20,ZL0055T4,0,97786832,3,0,265343329,21976,3,0,0,42,0,1122,42,97786832,0,0,0,21793,88154730792,335771792484
2022-10-21,ZL0055T4,0,46289800,3,0,267753068,22007,3,0,0,42,0,1124,42,46289800,0,0,0,21825,88204341312,335914825564
2022-10-22,ZL0055T4,0,30652992,3,0,270581370,22023,3,0,0,42,0,1124,42,30652992,0,0,0,21840,88235302296,336112368404
2022-10-23,ZL0055T4,0,33660992,3,0,276322949,22054,3,0,0,42,0,1126,42,33660992,0,0,0,21871,88283269824,336555690180
2022-10-24,ZL0055T4,0,179231914,4,0,280171492,22085,4,0,0,42,0,1130,42,179231914,0,0,0,21902,88332725184,336895946486
2022-10-25,ZL0055T4,0,160201496,4,0,281878459,22101,4,0,0,41,0,1130,41,160201496,0,0,0,21918,88365722776,337088059150
2022-10-26,ZL0055T4,0,98074880,5,0,285366124,22132,5,0,0,42,0,1133,42,98074880,0,0,0,21948,88433290032,337446647016
2022-10-27,ZL0055T4,0,44246328,5,0,287003814,22148,5,0,0,41,0,1133,41,44246328,0,0,0,21964,88457854248,337612395016
2022-10-28,ZL0055T4,0,46941976,5,0,290576910,22179,5,0,0,42,0,1135,42,46941976,0,0,0,21995,88514113200,338047113080
2022-10-29,ZL0055T4,0,77505600,5,0,294441980,22195,5,0,0,42,0,1135,42,77505600,0,0,0,22011,88547494032,338288436504
2022-10-30,ZL0055T4,0,49292000,5,0,299152048,22226,5,0,0,41,0,1137,41,49292000,0,0,0,22042,88607346880,338688651816
2022-10-31,ZL0055T4,0,181707144,5,0,300758335,22242,5,0,0,42,0,1137,42,181707144,0,0,0,22058,88636648400,338791765440
2022-11-01,ZL0055T4,0,25726512,5,0,307004956,22273,5,0,0,43,0,1139,43,25726512,0,0,0,22089,88709995776,339050718768
2022-11-02,ZL0055T4,0,233788880,5,0,308748074,22289,5,0,0,42,0,1139,42,233788880,0,0,0,22105,88742805216,339225971696
2022-11-03,ZL0055T4,0,126164272,5,0,311749293,22320,5,0,0,43,0,1141,43,126164272,0,0,0,22136,88796564480,339552869232
2022-11-04,ZL0055T4,0,43254984,5,0,313351977,22336,5,0,0,43,0,1141,43,43254984,0,0,0,22151,88824362296,339686302760
2022-11-05,ZL0055T4,0,10249752,5,0,319362721,22367,5,0,0,43,0,1143,43,10249752,0,0,0,22182,88879921632,340086019456
2022-11-06,ZL0055T4,0,207273312,5,0,321622735,22382,5,0,0,41,0,1143,41,207273312,0,0,0,22198,88907433664,340255530984
2022-11-07,ZL0055T4,0,159928336,5,0,325053036,22414,5,0,0,43,0,1144,43,159928336,0,0,0,22229,88961212208,340642689080
2022-11-08,ZL0055T4,0,36574952,5,0,329278903,22429,5,0,0,42,0,1145,42,36574952,0,0,0,22244,88999435176,340725253360
2022-11-09,ZL0055T4,0,234180688,5,0,332388848,22460,5,0,0,42,0,1147,42,234180688,0,0,0,22275,89051419768,341115015192
2022-11-10,ZL0055T4,0,172925648,5,0,335578004,22491,5,0,0,43,0,1148,43,172925648,0,0,0,22306,89098946696,341494514696
2022-11-11,ZL0055T4,0,126231632,5,0,337084742,22507,5,0,0,43,0,1148,43,126231632,0,0,0,22322,89129930032,341660978216
2022-11-12,ZL0055T4,0,8659824,5,0,342760888,22538,5,0,0,44,0,1150,44,8659824,0,0,0,22353,89182237408,341979380512
2022-11-13,ZL0055T4,0,9015568,5,0,344802657,22554,5,0,0,42,0,1150,42,9015568,0,0,0,22368,89208303488,342197810936
2022-11-14,ZL0055T4,0,142010880,5,0,348492395,22585,5,0,0,43,0,1152,43,142010880,0,0,0,22399,89250087344,342533163160
2022-11-15,ZL0055T4,0,20385872,5,0,352327452,22600,5,0,0,43,0,1152,43,20385872,0,0,0,22415,89274296344,342631469792
2022-11-16,ZL0055T4,0,200956176,5,0,355645975,22631,5,0,0,42,0,1154,42,200956176,0,0,0,22446,89326405360,343004071880
2022-11-17,ZL0055T4,0,27690432,5,0,363337648,22662,5,0,0,44,0,1155,44,27690432,0,0,0,22477,89385821040,343259671936
2022-11-18,ZL0055T4,0,146082304,5,0,367675548,22678,5,0,0,42,0,1156,42,146082304,0,0,0,22492,89414863616,343349021232
2022-11-19,ZL0055T4,0,53706432,5,0,371451404,22694,5,0,0,42,0,1156,42,53706432,0,0,0,22508,89450054224,343465595480
2022-11-20,ZL0055T4,0,165275672,5,0,375359558,22724,5,0,0,42,0,1158,42,165275672,0,0,0,22538,89503332664,343768026912
2022-11-21,ZL0055T4,0,48405208,5,0,380236553,22756,5,0,0,44,0,1159,44,48405208,0,0,0,22570,89554068832,344088701568
2022-11-22,ZL0055T4,0,184056336,5,0,383028605,22771,5,0,0,43,0,1160,43,184056336,0,0,0,22585,89578344000,344200077528
2022-11-23,ZL0055T4,0,75219328,5,0,386203879,22802,5,0,0,42,0,1161,42,75219328,0,0,0,22616,89627700296,344530165840
2022-11-24,ZL0055T4,0,16105152,5,0,387788745,22818,5,0,0,40,0,1162,40,16105152,0,0,0,22632,89640382496,344702510152
2022-11-25,ZL0055T4,0,184187408,5,0,391028068,22849,5,0,0,42,0,1163,42,184187408,0,0,0,22663,89683003848,345072111904
2022-11-26,ZL0055T4,0,167289608,5,0,394471935,22864,5,0,0,42,0,1163,42,167289608,0,0,0,22678,89705367928,345276990704
2022-11-27,ZL0055T4,0,167645528,5,0,399779265,22895,5,0,0,43,0,1165,43,167645528,0,0,0,22709,89765362496,345705633352
2022-11-28,ZL0055T4,0,165439584,5,0,403078373,22911,5,0,0,43,0,1165,43,165439584,0,0,0,22724,89790000424,345922930192
2022-11-29,ZL0055T4,0,4752768,5,0,412091556,22942,5,0,0,43,0,1167,43,4752768,0,0,0,22755,89837495600,346203029464
2022-11-30,ZL0055T4,0,215537976,5,0,414183295,22958,5,0,0,43,0,1167,43,215537976,0,0,0,22771,89873942904,346377367368
2022-12-01,ZL0055T4,0,118834344,5,0,417426068,22989,5,0,0,43,0,1169,43,118834344,0,0,0,22802,89928832720,346714055272
2022-12-02,ZL0055T4,0,82460984,5,0,419302015,23004,5,0,0,43,0,1169,43,82460984,0,0,0,22817,89965889504,346884766000
2022-12-03,ZL0055T4,0,56447936,5,0,425217026,23036,5,0,0,43,0,1171,43,56447936,0,0,0,22848,90023639576,347289284336
2022-12-04,ZL0055T4,0,30469592,5,0,430032727,23067,5,0,0,43,0,1172,43,30469592,0,0,0,22879,90093072344,347682154896
2022-12-05,ZL0055T4,0,155272976,5,0,436084628,23098,5,0,0,43,0,1173,43,155272976,0,0,0,22910,90163276848,347980894448
2022-12-06,ZL0055T4,0,112255608,5,0,438266746,23113,5,0,0,43,0,1174,43,112255608,0,0,0,22926,90201333584,348143961096
2022-12-07,ZL0055T4,0,111922032,5,0,439987959,23129,5,0,0,43,0,1174,43,111922032,0,0,0,22941,90232466752,348356635048
2022-12-08,ZL0055T4,0,53003896,5,0,443294933,23160,5,0,0,43,0,1176,43,53003896,0,0,0,22972,90301644296,348716820808
2022-12-09,ZL0055T4,0,37023232,5,0,444997070,23176,5,0,0,43,0,1176,43,37023232,0,0,0,22987,90333614640,348913010432
2022-12-11,ZL0055T4,0,25264504,5,0,453557461,23222,5,0,0,43,0,1178,43,25264504,0,0,0,23034,90425238616,349542050120
2022-12-11,ZL0055T4,0,25264504,5,0,453557461,23222,5,0,0,43,0,1178,43,25264504,0,0,0,23034,90425238616,349542050120
2022-12-12,ZL0055T4,0,196205864,5,0,456716559,23253,5,0,0,43,0,1180,43,196205864,0,0,0,23065,90485219048,349897151704
2022-12-13,ZL0055T4,0,78981280,5,0,460790056,23269,5,0,0,43,0,1180,43,78981280,0,0,0,23081,90521101408,349988185512
2022-12-14,ZL0055T4,0,221400136,5,0,464627856,23300,5,0,0,42,0,1182,42,221400136,0,0,0,23111,90586952440,350308894080
2022-12-15,ZL0055T4,0,201618480,5,0,466402168,23316,5,0,0,43,0,1182,43,201618480,0,0,0,23127,90628004264,350492201368
2022-12-16,ZL0055T4,0,176803320,5,0,469852053,23347,5,0,0,43,0,1184,43,176803320,0,0,0,23159,90707937032,350875735000
2022-12-17,ZL0055T4,0,163056072,5,0,471944963,23363,5,0,0,44,0,1184,44,163056072,0,0,0,23174,90748352544,351065713152
2022-12-18,ZL0055T4,0,73552952,5,0,478101467,23395,5,0,0,43,0,1186,43,73552952,0,0,0,23206,90824677168,351388167104
2022-12-19,ZL0055T4,0,169307960,5,0,482486071,23426,5,0,0,43,0,1187,43,169307960,0,0,0,23237,90895252648,351657487968
2022-12-20,ZL0055T4,0,60656328,5,0,485789172,23442,5,0,0,44,0,1187,44,60656328,0,0,0,23253,90924675352,351763554448
2022-12-21,ZL0055T4,0,4894912,5,0,489108846,23473,5,0,0,43,0,1189,43,4894912,0,0,0,23284,91007549208,352113200464
2022-12-22,ZL0055T4,0,198537248,5,0,492434456,23505,5,0,0,43,0,1190,43,198537248,0,0,0,23315,91070000544,352488532240
2022-12-23,ZL0055T4,0,168359688,5,0,493901878,23521,5,0,0,43,0,1191,43,168359688,0,0,0,23331,91095702440,352676793584
2022-12-24,ZL0055T4,0,157578624,5,0,500753572,23552,5,0,0,43,0,1192,43,157578624,0,0,0,23362,91148946592,353101049880
2022-12-25,ZL0055T4,0,116632392,5,0,502140174,23568,5,0,0,41,0,1193,41,116632392,0,0,0,23378,91172550648,353280640464
2022-12-26,ZL0055T4,0,6428968,5,0,507547819,23599,5,0,0,41,0,1194,41,6428968,0,0,0,23409,91227279752,353603989272
2022-12-27,ZL0055T4,0,179267920,5,0,509828570,23615,5,0,0,42,0,1195,42,179267920,0,0,0,23424,91246331512,353757776464
2022-12-28,ZL0055T4,0,143030928,5,0,515643485,23647,5,0,0,42,0,1196,42,143030928,0,0,0,23456,91292553632,354163598856
2022-12-29,ZL0055T4,0,136800240,5,0,517004747,23662,5,0,0,42,0,1197,42,136800240,0,0,0,23471,91318587504,354375475072
2022-12-30,ZL0055T4,0,97986032,5,0,520110007,23694,5,0,0,42,0,1198,42,97986032,0,0,0,23503,91383985584,354759544336
2022-12-31,ZL0055T4,0,126132240,5,0,524159430,23709,5,0,0,43,0,1199,43,126132240,0,0,0,23518,91409569976,355006246968
