2022-01-01,S300Z8H0,0,94030768,17,0,455516995,56997,17,0,0,0,0,0,22,0,34168,22,0,0,0,56708,73162824672,328045120832
2022-01-02,S300Z8H0,0,236845712,17,0,457909427,57021,17,0,0,0,0,0,21,0,34168,21,0,0,0,56732,73170977440,328341890483
2022-01-03,S300Z8H0,0,138924912,17,0,460509158,57045,17,0,0,0,0,0,22,0,34168,22,0,0,0,56756,73178363544,328646123870
2022-01-04,S300Z8H0,0,36619424,17,0,462524502,57068,17,0,0,0,0,0,21,0,34168,21,0,0,0,56780,73189240392,329038939341
2022-01-05,S300Z8H0,0,136302696,17,0,464053005,57092,17,0,0,0,0,0,20,0,34168,20,0,0,0,56804,73203110232,329108132448
2022-01-06,S300Z8H0,0,70506584,17,0,465802875,57116,17,0,0,0,0,0,20,0,34168,20,0,0,0,56828,73215096936,329236840141
2022-01-07,S300Z8H0,0,194338480,17,0,467736649,57140,17,0,0,0,0,0,20,0,34168,20,0,0,0,56851,73226832016,329499270442
2022-01-08,S300Z8H0,0,119567496,17,0,469197515,57164,17,0,0,0,0,0,20,0,34168,20,0,0,0,56875,73233887976,329778028254
2022-01-09,S300Z8H0,0,188096280,17,0,471188628,57188,17,0,0,0,0,0,21,0,34168,21,0,0,0,56899,73243113720,330032499200
2022-01-10,S300Z8H0,0,145690368,17,0,473544446,57211,17,0,0,0,0,0,21,0,34168,21,0,0,0,56923,73248657392,330252911762
2022-01-11,S300Z8H0,0,14351080,17,0,475050330,57235,17,0,0,0,0,0,21,0,34168,21,0,0,0,56947,73258915960,330535614439
2022-01-12,S300Z8H0,0,41102136,17,0,476835167,57259,17,0,0,0,0,0,21,0,34168,21,0,0,0,56970,73273919808,330613563888
2022-01-13,S300Z8H0,0,157749960,17,0,478592936,57283,17,0,0,0,0,0,21,0,34168,21,0,0,0,56994,73284286432,330828901408
2022-01-14,S300Z8H0,0,110911528,17,0,480033170,57307,17,0,0,0,0,0,21,0,34168,21,0,0,0,57018,73294250992,331113994493
2022-01-15,S300Z8H0,0,172719912,17,0,481137644,57331,17,0,0,0,0,0,20,0,34168,20,0,0,0,57042,73303071496,331332405546
2022-01-16,S300Z8H0,0,81280496,17,0,484225306,57366,17,0,0,0,0,0,22,0,34168,22,0,0,0,57078,73319884128,331789557953
2022-01-17,S300Z8H0,0,225128104,17,0,486721381,57390,17,0,0,0,0,0,22,0,34168,22,0,0,0,57102,73330074144,332063191882
2022-01-18,S300Z8H0,0,58730992,17,0,488224451,57414,17,0,0,0,0,0,24,0,34168,24,0,0,0,57125,73340330736,332264741449
2022-01-19,S300Z8H0,0,241792072,17,0,489732873,57438,17,0,0,0,0,0,24,0,34168,24,0,0,0,57149,73349595400,332317986574
2022-01-20,S300Z8H0,0,67440840,17,0,490411901,57450,17,0,0,0,0,0,24,0,34168,24,0,0,0,57161,73355288784,332422762207
2022-01-21,S300Z8H0,0,188791720,17,0,491890391,57474,17,0,0,0,0,0,24,0,34168,24,0,0,0,57185,73367480744,332624610550
2022-01-22,S300Z8H0,0,174209232,17,0,493359502,57497,17,0,0,0,0,0,24,0,34168,24,0,0,0,57209,73379594760,332834891009
2022-01-23,S300Z8H0,0,125312200,17,0,495098126,57521,17,0,0,0,0,0,25,0,34168,25,0,0,0,57233,73392885416,333089050039
2022-01-24,S300Z8H0,0,155794784,17,0,497587669,57545,17,0,0,0,0,0,25,0,34168,25,0,0,0,57257,73407922000,333339757901
2022-01-25,S300Z8H0,0,208345296,17,0,499353591,57569,17,0,0,0,0,0,25,0,34168,25,0,0,0,57281,73422675536,333568608936
2022-01-26,S300Z8H0,0,240099896,17,0,501806111,57605,17,0,0,0,0,0,24,0,34168,24,0,0,0,57316,73442257936,333718983213
2022-01-27,S300Z8H0,0,153035832,17,0,503633200,57629,17,0,0,0,0,0,25,0,34168,25,0,0,0,57340,73460509232,333924539597
2022-01-28,S300Z8H0,0,225611128,17,0,505001593,57652,17,0,0,0,0,0,25,0,34168,25,0,0,0,57364,73472013952,334137073238
2022-01-29,S300Z8H0,0,126362552,17,0,506250673,57677,17,0,0,0,0,0,25,0,34168,25,0,0,0,57388,73486263320,334405331087
2022-01-30,S300Z8H0,0,96195584,17,0,508696487,57700,17,0,0,0,0,0,26,0,34168,26,0,0,0,57412,73512161816,334724164800
2022-01-31,S300Z8H0,0,24308976,17,0,511900038,57724,17,0,0,0,0,0,26,0,34168,26,0,0,0,57436,73526135320,335045052473
2022-02-01,S300Z8H0,0,48884000,17,0,513415811,57748,17,0,0,0,0,0,23,0,34168,23,0,0,0,57460,73539131520,335211909725
2022-02-02,S300Z8H0,0,92067328,17,0,514950528,57772,17,0,0,0,0,0,23,0,34168,23,0,0,0,57484,73550131328,335303985892
2022-02-03,S300Z8H0,0,224621656,17,0,516844815,57796,17,0,0,0,0,0,25,0,34168,25,0,0,0,57507,73564189712,335579185313
2022-02-04,S300Z8H0,0,140213016,17,0,518711593,57820,17,0,0,0,0,0,21,0,34168,21,0,0,0,57531,73577405704,335813021169
2022-02-05,S300Z8H0,0,12030056,17,0,522209771,57844,17,0,0,0,0,0,23,0,34168,23,0,0,0,57555,73589291872,336047403242
2022-02-06,S300Z8H0,0,94843136,17,0,524121268,57867,17,0,0,0,0,0,22,0,34168,22,0,0,0,57579,73604199904,336209335651
2022-02-07,S300Z8H0,0,68536368,17,0,526528193,57891,17,0,0,0,0,0,22,0,34168,22,0,0,0,57603,73619855912,336401887959
2022-02-08,S300Z8H0,0,73425352,17,0,528137088,57915,17,0,0,0,0,0,21,0,34168,21,0,0,0,57626,73631948216,336558778672
2022-02-09,S300Z8H0,0,242716664,17,0,529682257,57939,17,0,0,0,0,0,20,0,34168,20,0,0,0,57650,73646002376,336626276083
2022-02-10,S300Z8H0,0,205652720,17,0,531385689,57962,17,0,0,0,0,0,21,0,34168,21,0,0,0,57674,73658035536,336843486232
2022-02-11,S300Z8H0,0,62046216,17,0,532884685,57986,17,0,0,0,0,0,20,0,34168,20,0,0,0,57698,73669433640,337019214688
2022-02-12,S300Z8H0,0,160838816,17,0,534779649,58010,17,0,0,0,0,0,21,0,34168,21,0,0,0,57722,73678993808,337192856870
2022-02-13,S300Z8H0,0,81749920,17,0,536824746,58034,17,0,0,0,0,0,20,0,34168,20,0,0,0,57746,73692072832,337414438170
2022-02-14,S300Z8H0,0,82678456,17,0,539389985,58058,17,0,0,0,0,0,20,0,34168,20,0,0,0,57769,73704598960,337651434477
2022-02-15,S300Z8H0,0,182232872,17,0,540674740,58082,17,0,0,0,0,0,20,0,34168,20,0,0,0,57793,73715764256,337804843506
2022-02-16,S300Z8H0,0,158636816,17,0,542821978,58106,17,0,0,0,0,0,21,0,34168,21,0,0,0,57817,73733534712,337902620508
2022-02-17,S300Z8H0,0,218032568,17,0,544451069,58129,17,0,0,0,0,0,20,0,34168,20,0,0,0,57841,73754459064,338152553288
2022-02-18,S300Z8H0,0,102121808,17,0,545915671,58153,17,0,0,0,0,0,22,0,34168,22,0,0,0,57864,73761943728,338391437871
2022-02-19,S300Z8H0,0,95233568,17,0,547094161,58177,17,0,0,0,0,0,23,0,34168,23,0,0,0,57888,73767741536,338560841480
2022-02-20,S300Z8H0,0,68908704,17,0,549092844,58201,17,0,0,0,0,0,24,0,34168,24,0,0,0,57912,73770777968,338769287175
2022-02-21,S300Z8H0,0,54767048,17,0,551709352,58224,17,0,0,0,0,0,24,0,34168,24,0,0,0,57936,73774482872,339068239629
2022-02-22,S300Z8H0,0,96711064,17,0,553497394,58248,17,0,0,0,0,0,25,0,34168,25,0,0,0,57960,73778062280,339336040352
2022-02-23,S300Z8H0,0,207402752,17,0,554933147,58272,17,0,0,0,0,0,21,0,34168,21,0,0,0,57984,73782762840,339380970061
2022-02-24,S300Z8H0,0,90781504,17,0,556416577,58296,17,0,0,0,0,0,23,0,34168,23,0,0,0,58007,73787241640,339624388585
2022-02-25,S300Z8H0,0,3621344,17,0,558189614,58320,17,0,0,0,0,0,22,0,34168,22,0,0,0,58031,73794163928,339998480557
2022-02-26,S300Z8H0,0,158864,17,0,559841821,58344,17,0,0,0,0,0,22,0,34168,22,0,0,0,58055,73798802736,340278898558
2022-02-27,S300Z8H0,0,50677312,17,0,562027429,58367,17,0,0,0,0,0,22,0,34168,22,0,0,0,58079,73804994608,340602923593
2022-02-28,S300Z8H0,0,171425744,17,0,564515419,58391,17,0,0,0,0,0,22,0,34168,22,0,0,0,58103,73811786160,340819154500
2022-03-01,S300Z8H0,0,161547392,17,0,566063500,58415,17,0,0,0,0,0,22,0,34168,22,0,0,0,58127,73826418104,341041863449
2022-03-02,S300Z8H0,0,102191424,17,0,567460478,58439,17,0,0,0,0,0,28,0,34168,28,0,0,0,58150,73836470864,341094001211
2022-03-03,S300Z8H0,0,111079264,17,0,568787332,58463,17,0,0,0,0,0,25,0,34168,25,0,0,0,58174,73842212336,341264652066
2022-03-04,S300Z8H0,0,43404912,17,0,570245090,58487,17,0,0,0,0,0,24,0,34168,24,0,0,0,58198,73847550848,341602462951
2022-03-05,S300Z8H0,0,129546520,17,0,571508520,58511,17,0,0,0,0,0,23,0,34168,23,0,0,0,58222,73853795520,341858961820
2022-03-06,S300Z8H0,0,160077504,17,0,573627053,58535,17,0,0,0,0,0,24,0,34168,24,0,0,0,58246,73862385720,342178925992
2022-03-07,S300Z8H0,0,67873200,17,0,576236342,58558,17,0,0,0,0,0,23,0,34168,23,0,0,0,58270,73870750584,342463529264
2022-03-08,S300Z8H0,0,126870328,17,0,577953232,58582,17,0,0,0,0,0,23,0,34168,23,0,0,0,58293,73879981656,342754942063
2022-03-09,S300Z8H0,0,88547672,17,0,579029670,58606,17,0,0,0,0,0,25,0,34168,25,0,0,0,58317,73891917832,342798551032
2022-03-10,S300Z8H0,0,148879112,17,0,580295649,58629,17,0,0,0,0,0,26,0,34168,26,0,0,0,58341,73901358096,342850135953
2022-03-11,S300Z8H0,0,31939840,17,0,582419273,58665,17,0,0,0,0,0,25,0,34168,25,0,0,0,58377,73922218120,343169623016
2022-03-12,S300Z8H0,0,58564448,17,0,585169994,58689,17,0,0,0,0,0,25,0,34168,25,0,0,0,58400,73932837056,343442175694
2022-03-13,S300Z8H0,0,68989496,17,0,587821696,58713,17,0,0,0,0,0,25,0,34168,25,0,0,0,58424,73944735584,343696573044
2022-03-14,S300Z8H0,0,69867400,17,0,590647761,58737,17,0,0,0,0,0,25,0,34168,25,0,0,0,58448,73958084736,343931522524
2022-03-15,S300Z8H0,0,60311632,17,0,592558880,58760,17,0,0,0,0,0,24,0,34168,24,0,0,0,58472,73972557952,344077825250
2022-03-16,S300Z8H0,0,147506584,17,0,594137901,58784,17,0,0,0,0,0,24,0,34168,24,0,0,0,58495,73984738080,344136751620
2022-03-17,S300Z8H0,0,122691944,17,0,594902550,58796,17,0,0,0,0,0,24,0,34168,24,0,0,0,58507,73990239480,344233014425
2022-03-18,S300Z8H0,0,83268072,17,0,596318003,58819,17,0,0,0,0,0,23,0,34168,23,0,0,0,58531,74002058424,344450047450
2022-03-19,S300Z8H0,0,11995000,17,0,597525840,58843,17,0,0,0,0,0,23,0,34168,23,0,0,0,58555,74014203592,344660528800
2022-03-20,S300Z8H0,0,9317472,17,0,599352136,58867,17,0,0,0,0,0,22,0,34168,22,0,0,0,58579,74028191128,344964321467
2022-03-21,S300Z8H0,0,69569920,17,0,602333150,58891,17,0,0,0,0,0,22,0,34168,22,0,0,0,58602,74039926864,345315950601
2022-03-22,S300Z8H0,0,105692784,17,0,604852942,58915,17,0,0,0,0,0,23,0,34168,23,0,0,0,58626,74047594672,345597641890
2022-03-23,S300Z8H0,0,78068864,17,0,606507874,58939,17,0,0,0,0,0,22,0,34168,22,0,0,0,58650,74060800288,345670401185
2022-03-24,S300Z8H0,0,211142088,17,0,609244769,58974,17,0,0,0,0,0,21,0,34168,21,0,0,0,58686,74075166040,346050440541
2022-03-25,S300Z8H0,0,236400296,17,0,610834945,58998,17,0,0,0,0,0,21,0,34168,21,0,0,0,58710,74085113240,346285916317
2022-03-26,S300Z8H0,0,183816176,17,0,612237372,59022,17,0,0,0,0,0,22,0,34168,22,0,0,0,58734,74098915152,346461658354
2022-03-27,S300Z8H0,0,213914352,17,0,614636308,59046,17,0,0,0,0,0,22,0,34168,22,0,0,0,58757,74110867640,346638631990
2022-03-28,S300Z8H0,0,114508216,17,0,617163389,59070,17,0,0,0,0,0,22,0,34168,22,0,0,0,58781,74122486464,346858467253
2022-03-29,S300Z8H0,0,167275544,17,0,618500975,59094,17,0,0,0,0,0,21,0,34168,21,0,0,0,58805,74135037848,346983808930
2022-03-30,S300Z8H0,0,50013744,17,0,619612546,59118,17,0,0,0,0,0,21,0,34168,21,0,0,0,58829,74146401088,347068373513
2022-03-31,S300Z8H0,0,146315400,17,0,621259343,59142,17,0,0,0,0,0,22,0,34168,22,0,0,0,58853,74158208824,347259224053
2022-04-01,S300Z8H0,0,178188760,17,0,623176778,59166,17,0,0,0,0,0,21,0,34168,21,0,0,0,58877,74166518536,347442609950
2022-04-02,S300Z8H0,0,232465840,17,0,624394095,59190,17,0,0,0,0,0,22,0,34168,22,0,0,0,58901,74174365360,347645636064
2022-04-03,S300Z8H0,0,72825144,17,0,626814718,59214,17,0,0,0,0,0,21,0,34168,21,0,0,0,58925,74181110080,347888343535
2022-04-04,S300Z8H0,0,235301992,17,0,629015813,59237,17,0,0,0,0,0,22,0,34168,22,0,0,0,58949,74192449592,348115025900
2022-04-05,S300Z8H0,0,109577976,17,0,630458257,59261,17,0,0,0,0,0,22,0,34168,22,0,0,0,58973,74199367928,348272134317
2022-04-06,S300Z8H0,0,146009240,17,0,631878125,59285,17,0,0,0,0,0,22,0,34168,22,0,0,0,58996,74207788720,348390908418
2022-04-07,S300Z8H0,0,170864048,17,0,633364581,59309,17,0,0,0,0,0,22,0,34168,22,0,0,0,59020,74219764144,348615823552
2022-04-08,S300Z8H0,0,57120728,17,0,635701487,59333,17,0,0,0,0,0,22,0,34168,22,0,0,0,59044,74230753680,348790360312
2022-04-09,S300Z8H0,0,17332000,17,0,637304749,59356,17,0,0,0,0,0,22,0,34168,22,0,0,0,59068,74240319864,349046895803
2022-04-10,S300Z8H0,0,84384,17,0,639592081,59380,17,0,0,0,0,0,22,0,34168,22,0,0,0,59092,74248576280,349330224795
2022-04-11,S300Z8H0,0,38152928,17,0,642297958,59404,17,0,0,0,0,0,23,0,34168,23,0,0,0,59115,74257233216,349629419418
2022-04-12,S300Z8H0,0,2030464,17,0,644184505,59428,17,0,0,0,0,0,22,0,34168,22,0,0,0,59139,74265070816,349940742702
2022-04-13,S300Z8H0,0,186920472,17,0,645642684,59452,17,0,0,0,0,0,23,0,34168,23,0,0,0,59163,74272821416,350052227817
2022-04-14,S300Z8H0,0,30286200,17,0,647361412,59475,17,0,0,0,0,0,23,0,34168,23,0,0,0,59187,74279509872,350346534357
2022-04-15,S300Z8H0,0,19606968,17,0,648792285,59499,17,0,0,0,0,0,23,0,34168,23,0,0,0,59211,74290342024,350605049065
2022-04-16,S300Z8H0,0,186008576,17,0,650438494,59523,17,0,0,0,0,0,22,0,34168,22,0,0,0,59234,74299406800,350887901803
2022-04-17,S300Z8H0,0,124503296,17,0,652670927,59547,17,0,0,0,0,0,22,0,34168,22,0,0,0,59258,74306083872,351105448154
2022-04-18,S300Z8H0,0,105633504,17,0,654910514,59571,17,0,0,0,0,0,23,0,34168,23,0,0,0,59282,74313988224,351424557974
2022-04-19,S300Z8H0,0,158120544,17,0,656377860,59595,17,0,0,0,0,0,22,0,34168,22,0,0,0,59306,74324261680,351662186714
2022-04-20,S300Z8H0,0,197157000,17,0,657851318,59618,17,0,0,0,0,0,22,0,34168,22,0,0,0,59330,74331943032,351735693861
2022-04-21,S300Z8H0,0,2738992,17,0,659160241,59642,17,0,0,0,0,0,23,0,34168,23,0,0,0,59353,74341632256,351988324595
2022-04-22,S300Z8H0,0,165127272,17,0,660592056,59666,17,0,0,0,0,0,22,0,34168,22,0,0,0,59377,74348850792,352280297885
2022-04-23,S300Z8H0,0,72465264,17,0,661966314,59690,17,0,0,0,0,0,22,0,34168,22,0,0,0,59401,74356236224,352547601567
2022-04-24,S300Z8H0,0,187343808,17,0,664304153,59713,17,0,0,0,0,0,24,0,34168,24,0,0,0,59425,74365279080,352847301116
2022-04-25,S300Z8H0,0,14482056,17,0,666940108,59737,17,0,0,0,0,0,26,0,34168,26,0,0,0,59449,74381113536,353120128048
2022-04-26,S300Z8H0,0,16556304,17,0,668381818,59761,17,0,0,0,0,0,23,0,34168,23,0,0,0,59472,74388642064,353341555991
2022-04-27,S300Z8H0,0,205060736,17,0,670101929,59785,17,0,0,0,0,0,23,0,34168,23,0,0,0,59496,74397878496,353418929409
2022-04-28,S300Z8H0,0,133595608,17,0,671682139,59808,17,0,0,0,0,0,23,0,34168,23,0,0,0,59520,74412277400,353642202551
2022-04-29,S300Z8H0,0,79781312,17,0,673409925,59832,17,0,0,0,0,0,23,0,34168,23,0,0,0,59544,74419295208,353865057624
2022-04-30,S300Z8H0,0,154549864,17,0,674797933,59856,17,0,0,0,0,0,23,0,34168,23,0,0,0,59568,74431284120,354098402005
2022-05-01,S300Z8H0,0,18486704,17,0,676530553,59880,17,0,0,0,0,0,23,0,34168,23,0,0,0,59591,74440933960,354324582031
2022-05-02,S300Z8H0,0,108881112,17,0,678953127,59904,17,0,0,0,0,0,23,0,34168,23,0,0,0,59615,74455381192,354605818603
2022-05-03,S300Z8H0,0,243898384,17,0,680573893,59928,17,0,0,0,0,0,23,0,34168,23,0,0,0,59639,74466358720,354896532323
2022-05-04,S300Z8H0,0,22240176,17,0,682140572,59952,17,0,0,0,0,0,24,0,34168,24,0,0,0,59663,74474608736,354949920677
2022-05-05,S300Z8H0,0,113428320,17,0,684530202,59975,17,0,0,0,0,0,24,0,34168,24,0,0,0,59687,74482347432,355287423234
2022-05-06,S300Z8H0,0,142120504,17,0,686044130,59999,17,0,0,0,0,0,23,0,34168,23,0,0,0,59711,74491804832,355529634646
2022-05-07,S300Z8H0,0,211872384,17,0,687720297,60023,17,0,0,0,0,0,23,0,34168,23,0,0,0,59734,74500668680,355766600228
2022-05-08,S300Z8H0,0,229591448,17,0,689887432,60047,17,0,0,0,0,0,23,0,34168,23,0,0,0,59758,74508139832,355999099471
2022-05-09,S300Z8H0,0,122281856,17,0,692473244,60071,17,0,0,0,0,0,23,0,34168,23,0,0,0,59782,74518979464,356185897487
2022-05-10,S300Z8H0,0,94403504,17,0,693849478,60095,17,0,0,0,0,0,24,0,34168,24,0,0,0,59806,74527353576,356352002721
2022-05-11,S300Z8H0,0,21259328,17,0,695355053,60119,17,0,0,0,0,0,23,0,34168,23,0,0,0,59830,74538454744,356406036870
2022-05-12,S300Z8H0,0,101724584,17,0,696667388,60142,17,0,0,0,0,0,24,0,34168,24,0,0,0,59854,74548882544,356500719644
2022-05-13,S300Z8H0,0,218290600,17,0,698575256,60166,17,0,0,0,0,0,26,0,34168,26,0,0,0,59878,74557170792,356739752924
2022-05-14,S300Z8H0,0,929720,17,0,700100684,60190,17,0,0,0,0,0,25,0,34168,25,0,0,0,59901,74565368104,356915663264
2022-05-15,S300Z8H0,0,80752368,17,0,702315824,60214,17,0,0,0,0,0,26,0,34168,26,0,0,0,59925,74573281896,357096350683
2022-05-16,S300Z8H0,0,145171144,17,0,704522822,60238,17,0,0,0,0,0,26,0,34168,26,0,0,0,59949,74581907944,357297273626
2022-05-17,S300Z8H0,0,116521552,17,0,705961606,60261,17,0,0,0,0,0,25,0,34168,25,0,0,0,59973,74591709288,357498472525
2022-05-18,S300Z8H0,0,214465800,17,0,707459527,60285,17,0,0,0,0,0,25,0,34168,25,0,0,0,59996,74600826120,357552774376
2022-05-19,S300Z8H0,0,14981784,17,0,708603367,60309,17,0,0,0,0,0,25,0,34168,25,0,0,0,60020,74607731288,357732086977
2022-05-20,S300Z8H0,0,17933296,17,0,710319238,60333,17,0,0,0,0,0,26,0,34168,26,0,0,0,60044,74616398528,357963716385
2022-05-21,S300Z8H0,0,53736960,17,0,713378035,60357,17,0,0,0,0,0,25,0,34168,25,0,0,0,60068,74625630624,358199687420
2022-05-22,S300Z8H0,0,123666784,17,0,716682741,60380,17,0,0,0,0,0,25,0,34168,25,0,0,0,60092,74634165248,358377816514
2022-05-23,S300Z8H0,0,235634136,17,0,719576565,60404,17,0,0,0,0,0,25,0,34168,25,0,0,0,60116,74645716328,358572440699
2022-05-24,S300Z8H0,0,147459952,17,0,722172385,60428,17,0,0,0,0,0,25,0,34168,25,0,0,0,60139,74656259480,358842088593
2022-05-25,S300Z8H0,0,148147984,17,0,723650493,60452,17,0,0,0,0,0,24,0,34168,24,0,0,0,60163,74665696856,358895135565
2022-05-26,S300Z8H0,0,87722344,17,0,725311265,60475,17,0,0,0,0,0,24,0,34168,24,0,0,0,60187,74671824848,359162924762
2022-05-27,S300Z8H0,0,131955288,17,0,726972363,60499,17,0,0,0,0,0,24,0,34168,24,0,0,0,60211,74681539184,359518618545
2022-05-28,S300Z8H0,0,237849192,17,0,728540953,60523,17,0,0,0,0,0,23,0,34168,23,0,0,0,60234,74690785760,359816530657
2022-05-29,S300Z8H0,0,124868512,17,0,730643424,60547,17,0,0,0,0,0,23,0,34168,23,0,0,0,60258,74699097568,360085342032
2022-05-30,S300Z8H0,0,62357256,17,0,733384001,60571,17,0,0,0,0,0,23,0,34168,23,0,0,0,60282,74707624888,360406122842
2022-05-31,S300Z8H0,0,140054928,17,0,734748617,60595,17,0,0,0,0,0,24,0,34168,24,0,0,0,60306,74716077704,360574075757
2022-06-01,S300Z8H0,0,243088672,17,0,736347265,60619,17,0,0,0,0,0,24,0,34168,24,0,0,0,60330,74723156112,360636230715
2022-06-02,S300Z8H0,0,212774560,17,0,737824802,60643,17,0,0,0,0,0,25,0,34168,25,0,0,0,60354,74733231448,360797796239
2022-06-03,S300Z8H0,0,96640824,17,0,739131932,60666,17,0,0,0,0,0,24,0,34168,24,0,0,0,60378,74741171336,361073551015
2022-06-04,S300Z8H0,0,22596696,17,0,740552751,60690,17,0,0,0,0,0,24,0,34168,24,0,0,0,60402,74751632264,361349158599
2022-06-05,S300Z8H0,0,162728072,17,0,742490188,60714,17,0,0,0,0,0,24,0,34168,24,0,0,0,60426,74766676824,361651267110
2022-06-07,S300Z8H0,0,198647320,17,0,747137435,60762,17,0,0,0,0,0,23,0,34168,23,0,0,0,60473,74786411624,362264344871
2022-06-08,S300Z8H0,0,64362648,17,0,748550557,60786,17,0,0,0,0,0,23,0,34168,23,0,0,0,60497,74795535360,362342588351
2022-06-09,S300Z8H0,0,209861512,17,0,750009591,60810,17,0,0,0,0,0,23,0,34168,23,0,0,0,60521,74810458280,362551621288
2022-06-10,S300Z8H0,0,220264696,17,0,751493359,60834,17,0,0,0,0,0,23,0,34168,23,0,0,0,60545,74819805560,362808460074
2022-06-11,S300Z8H0,0,59493392,17,0,753029218,60858,17,0,0,0,0,0,23,0,34168,23,0,0,0,60569,74829981664,363052976733
2022-06-12,S300Z8H0,0,118085440,17,0,755160206,60882,17,0,0,0,0,0,22,0,34168,22,0,0,0,60593,74840646480,363273618456
2022-06-13,S300Z8H0,0,1727464,17,0,757740575,60905,17,0,0,0,0,0,23,0,34168,23,0,0,0,60617,74852850136,363525520749
2022-06-14,S300Z8H0,0,19102864,17,0,759396419,60929,17,0,0,0,0,0,22,0,34168,22,0,0,0,60641,74863980600,363770741733
2022-06-15,S300Z8H0,0,79510000,17,0,760927839,60953,17,0,0,0,0,0,22,0,34168,22,0,0,0,60665,74875258056,363856558096
2022-06-16,S300Z8H0,0,228445136,17,0,762271925,60977,17,0,0,0,0,0,24,0,34168,24,0,0,0,60688,74886350624,363946155347
2022-06-17,S300Z8H0,0,103481560,17,0,763398069,61001,17,0,0,0,0,0,24,0,34168,24,0,0,0,60712,74896031192,364163008546
2022-06-18,S300Z8H0,0,119842456,17,0,764610283,61025,17,0,0,0,0,0,24,0,34168,24,0,0,0,60736,74908219000,364432249774
2022-06-19,S300Z8H0,0,227224512,17,0,766726379,61049,17,0,0,0,0,0,24,0,34168,24,0,0,0,60760,74920341904,364781502103
2022-06-20,S300Z8H0,0,130040520,17,0,771176893,61084,17,0,0,0,0,0,24,0,34168,24,0,0,0,60796,74938961928,365209965282
2022-06-21,S300Z8H0,0,221558728,17,0,773248851,61108,17,0,0,0,0,0,23,0,34168,23,0,0,0,60820,74956465896,365425620177
2022-06-22,S300Z8H0,0,150514320,17,0,774602586,61132,17,0,0,0,0,0,24,0,34168,24,0,0,0,60843,74968811176,365520846369
2022-06-23,S300Z8H0,0,228820168,17,0,776111432,61156,17,0,0,0,0,0,23,0,34168,23,0,0,0,60867,74977401760,365738665636
2022-06-24,S300Z8H0,0,153858960,17,0,777369632,61179,17,0,0,0,0,0,23,0,34168,23,0,0,0,60891,74986512664,365897687427
2022-06-25,S300Z8H0,0,225938368,17,0,778772427,61203,17,0,0,0,0,0,23,0,34168,23,0,0,0,60915,74995516096,366068142311
2022-06-26,S300Z8H0,0,164733208,17,0,781156584,61227,17,0,0,0,0,0,22,0,34168,22,0,0,0,60938,75002285504,366302979013
2022-06-27,S300Z8H0,0,129694152,17,0,783763664,61251,17,0,0,0,0,0,23,0,34168,23,0,0,0,60962,75009340312,366503743224
2022-06-28,S300Z8H0,0,134969480,17,0,785525126,61275,17,0,0,0,0,0,23,0,34168,23,0,0,0,60986,75016715688,366673858264
2022-06-29,S300Z8H0,0,50297528,17,0,787035731,61299,17,0,0,0,0,0,23,0,34168,23,0,0,0,61010,75025427368,366768991675
2022-06-30,S300Z8H0,0,42097008,17,0,788426926,61323,17,0,0,0,0,0,23,0,34168,23,0,0,0,61034,75032786240,366937281278
2022-07-01,S300Z8H0,0,32044440,17,0,789559598,61347,17,0,0,0,0,0,23,0,34168,23,0,0,0,61058,75039355576,367124109654
2022-07-02,S300Z8H0,0,213078320,17,0,792845177,61371,17,0,0,0,0,0,23,0,34168,23,0,0,0,61082,75047976192,367340650083
2022-07-03,S300Z8H0,0,78260376,17,0,795300909,61394,17,0,0,0,0,0,23,0,34168,23,0,0,0,61106,75059135536,367586796475
2022-07-04,S300Z8H0,0,48155232,17,0,797798539,61418,17,0,0,0,0,0,23,0,34168,23,0,0,0,61130,75067690008,367843944624
2022-07-05,S300Z8H0,0,131698408,17,0,799032230,61442,17,0,0,0,0,0,22,0,34168,22,0,0,0,61154,75078267040,367994716591
2022-07-06,S300Z8H0,0,100808480,17,0,800480614,61466,17,0,0,0,0,0,22,0,34168,22,0,0,0,61178,75087811864,368046410134
2022-07-07,S300Z8H0,0,20060544,17,0,801861236,61490,17,0,0,0,0,0,22,0,34168,22,0,0,0,61201,75100115440,368187150167
2022-07-08,S300Z8H0,0,122503672,17,0,803394215,61514,17,0,0,0,0,0,22,0,34168,22,0,0,0,61225,75109574192,368446118460
2022-07-09,S300Z8H0,0,198632496,17,0,805129611,61538,17,0,0,0,0,0,22,0,34168,22,0,0,0,61249,75118521744,368732331604
2022-07-10,S300Z8H0,0,113086880,17,0,807468935,61561,17,0,0,0,0,0,22,0,34168,22,0,0,0,61273,75126911864,369084037681
2022-07-11,S300Z8H0,0,133193744,17,0,810283083,61585,17,0,0,0,0,0,22,0,34168,22,0,0,0,61297,75134868784,369442034884
2022-07-12,S300Z8H0,0,151171760,17,0,812017374,61609,17,0,0,0,0,0,22,0,34168,22,0,0,0,61321,75142713600,369663135449
2022-07-13,S300Z8H0,0,91728352,17,0,813558723,61633,17,0,0,0,0,0,21,0,34168,21,0,0,0,61344,75150397832,369737448335
2022-07-14,S300Z8H0,0,127787016,17,0,815169631,61657,17,0,0,0,0,0,21,0,34168,21,0,0,0,61368,75156459120,370055014623
2022-07-15,S300Z8H0,0,133249448,17,0,816409453,61682,17,0,0,0,0,0,22,0,34168,22,0,0,0,61393,75164569136,370247478883
2022-07-16,S300Z8H0,0,183109848,17,0,817576726,61706,17,0,0,0,0,0,22,0,34168,22,0,0,0,61417,75171691424,370446477304
2022-07-17,S300Z8H0,0,125330280,17,0,819665846,61730,17,0,0,0,0,0,22,0,34168,22,0,0,0,61441,75179652848,370750344272
2022-07-18,S300Z8H0,0,207656736,17,0,822161173,61754,17,0,0,0,0,0,22,0,34168,22,0,0,0,61465,75186809672,371027435965
2022-07-19,S300Z8H0,0,64509752,17,0,823511403,61778,17,0,0,0,0,0,22,0,34168,22,0,0,0,61489,75194189712,371265913626
2022-07-20,S300Z8H0,0,10312688,17,0,824868166,61801,17,0,0,0,0,0,24,0,34168,24,0,0,0,61513,75209326480,371359938186
2022-07-21,S300Z8H0,0,34117400,17,0,826234868,61825,17,0,0,0,0,0,24,0,34168,24,0,0,0,61537,75214704568,371617507117
2022-07-22,S300Z8H0,0,67299936,17,0,827789436,61849,17,0,0,0,0,0,23,0,34168,23,0,0,0,61561,75224173448,371909496191
2022-07-23,S300Z8H0,0,130154096,17,0,829156491,61873,17,0,0,0,0,0,23,0,34168,23,0,0,0,61584,75230000448,372162593378
2022-07-24,S300Z8H0,0,65281624,17,0,831087526,61897,17,0,0,0,0,0,23,0,34168,23,0,0,0,61608,75238812528,372416800618
2022-07-25,S300Z8H0,0,22946840,17,0,833558101,61921,17,0,0,0,0,0,22,0,34168,22,0,0,0,61632,75245477480,372650433632
2022-07-26,S300Z8H0,0,211976584,17,0,835752940,61945,17,0,0,0,0,0,22,0,34168,22,0,0,0,61656,75254775624,372871971839
2022-07-27,S300Z8H0,0,238475288,17,0,837643961,61969,17,0,0,0,0,0,21,0,34168,21,0,0,0,61680,75262548088,372941441766
2022-07-28,S300Z8H0,0,147303456,17,0,838999038,61993,17,0,0,0,0,0,22,0,34168,22,0,0,0,61704,75270004816,373144856689
2022-07-29,S300Z8H0,0,80213240,17,0,840224930,62016,17,0,0,0,0,0,22,0,34168,22,0,0,0,61728,75276684272,373403219305
2022-07-30,S300Z8H0,0,104455480,17,0,841376959,62040,17,0,0,0,0,0,22,0,34168,22,0,0,0,61752,75286198560,373632333254
2022-07-31,S300Z8H0,0,232304368,17,0,843242939,62064,17,0,0,0,0,0,22,0,34168,22,0,0,0,61776,75295339968,373901765747
2022-08-01,S300Z8H0,0,234481960,17,0,845770209,62088,17,0,0,0,0,0,23,0,34168,23,0,0,0,61799,75304449520,374236953540
2022-08-02,S300Z8H0,0,16902400,17,0,848392383,62112,17,0,0,0,0,0,23,0,34168,23,0,0,0,61823,75311511352,374538237727
2022-08-03,S300Z8H0,0,100769192,17,0,849788933,62135,17,0,0,0,0,0,20,0,34168,20,0,0,0,61847,75318645064,374598632297
2022-08-04,S300Z8H0,0,172438952,17,0,851376831,62159,17,0,0,0,0,0,20,0,34168,20,0,0,0,61871,75327740224,374856634262
2022-08-05,S300Z8H0,0,113729336,17,0,853266333,62183,17,0,0,0,0,0,21,0,34168,21,0,0,0,61894,75336751280,375131425773
2022-08-06,S300Z8H0,0,212013024,17,0,854700079,62207,17,0,0,0,0,0,21,0,34168,21,0,0,0,61918,75343140944,375345697168
2022-08-07,S300Z8H0,0,147395008,17,0,856737778,62231,17,0,0,0,0,0,21,0,34168,21,0,0,0,61942,75350977272,375532855084
2022-08-08,S300Z8H0,0,228820104,17,0,859324481,62255,17,0,0,0,0,0,21,0,34168,21,0,0,0,61966,75360945704,375737281273
2022-08-09,S300Z8H0,0,135032176,17,0,860979871,62278,17,0,0,0,0,0,21,0,34168,21,0,0,0,61990,75374312528,375952430459
2022-08-10,S300Z8H0,0,141109944,17,0,862457747,62302,17,0,0,0,0,0,22,0,34168,22,0,0,0,62014,75388375040,376017603623
2022-08-11,S300Z8H0,0,219703376,17,0,863645112,62326,17,0,0,0,0,0,21,0,34168,21,0,0,0,62038,75397053960,376086845471
2022-08-12,S300Z8H0,0,220074768,17,0,865802379,62350,17,0,0,0,0,0,21,0,34168,21,0,0,0,62061,75406152712,376296023210
2022-08-13,S300Z8H0,0,42875584,17,0,867581243,62374,17,0,0,0,0,0,21,0,34168,21,0,0,0,62085,75413185152,376473330056
2022-08-14,S300Z8H0,0,206792920,17,0,870611751,62410,17,0,0,0,0,0,22,0,34168,22,0,0,0,62121,75424883992,376787836272
2022-08-15,S300Z8H0,0,29153096,17,0,872732103,62434,17,0,0,0,0,0,23,0,34168,23,0,0,0,62145,75432884328,377020704679
2022-08-16,S300Z8H0,0,141004016,17,0,873971600,62458,17,0,0,0,0,0,22,0,34168,22,0,0,0,62169,75439863152,377144701333
2022-08-17,S300Z8H0,0,137230496,17,0,874836531,62469,17,0,0,0,0,0,21,0,34168,21,0,0,0,62181,75443047168,377181986672
2022-08-18,S300Z8H0,0,76872680,17,0,876278482,62493,17,0,0,0,0,0,22,0,34168,22,0,0,0,62205,75453080040,377413527515
2022-08-19,S300Z8H0,0,17668504,17,0,877675636,62517,17,0,0,0,0,0,22,0,34168,22,0,0,0,62228,75463015512,377617096371
2022-08-20,S300Z8H0,0,45396760,17,0,878886971,62541,17,0,0,0,0,0,22,0,34168,22,0,0,0,62252,75471881928,377796789665
2022-08-21,S300Z8H0,0,88520888,17,0,880941175,62564,17,0,0,0,0,0,22,0,34168,22,0,0,0,62276,75481775592,378062271254
2022-08-22,S300Z8H0,0,190474744,17,0,883813289,62588,17,0,0,0,0,0,23,0,34168,23,0,0,0,62300,75496630528,378366605677
2022-08-23,S300Z8H0,0,10167824,17,0,885946686,62612,17,0,0,0,0,0,22,0,34168,22,0,0,0,62324,75503594056,378714347515
2022-08-24,S300Z8H0,0,43330464,17,0,887221978,62636,17,0,0,0,0,0,21,0,34168,21,0,0,0,62348,75511787016,378772850558
2022-08-25,S300Z8H0,0,178381592,17,0,888753034,62660,17,0,0,0,0,0,22,0,34168,22,0,0,0,62371,75518264896,379030677291
2022-08-26,S300Z8H0,0,212745616,17,0,890159597,62684,17,0,0,0,0,0,22,0,34168,22,0,0,0,62395,75526755648,379265362966
2022-08-27,S300Z8H0,0,179323216,17,0,891639342,62708,17,0,0,0,0,0,21,0,34168,21,0,0,0,62419,75535060088,379517905721
2022-08-28,S300Z8H0,0,49542784,17,0,893342665,62732,17,0,0,0,0,0,22,0,34168,22,0,0,0,62443,75543727128,379719755570
2022-08-29,S300Z8H0,0,93344384,17,0,895761652,62756,17,0,0,0,0,0,21,0,34168,21,0,0,0,62467,75555518032,380009075183
2022-08-30,S300Z8H0,0,73134640,17,0,897459075,62780,17,0,0,0,0,0,22,0,34168,22,0,0,0,62491,75569278112,380265024941
2022-08-31,S300Z8H0,0,31570232,17,0,899021148,62803,17,0,0,0,0,0,22,0,34168,22,0,0,0,62515,75579331608,380341553214
2022-09-01,S300Z8H0,0,190101000,17,0,900924521,62827,17,0,0,0,0,0,22,0,34168,22,0,0,0,62539,75593749152,380622588211
2022-09-02,S300Z8H0,0,2816880,17,0,902889841,62851,17,0,0,0,0,0,23,0,34168,23,0,0,0,62563,75610219000,380886537860
2022-09-03,S300Z8H0,0,8131728,17,0,904506338,62875,17,0,0,0,0,0,22,0,34168,22,0,0,0,62586,75619831256,381194754111
2022-09-04,S300Z8H0,0,33536136,17,0,906243783,62899,17,0,0,0,0,0,22,0,34168,22,0,0,0,62610,75628395368,381444613164
2022-09-05,S300Z8H0,0,168353408,17,0,908612755,62923,17,0,0,0,0,0,22,0,34168,22,0,0,0,62634,75638512592,381721074332
2022-09-06,S300Z8H0,0,202565232,17,0,910953764,62947,17,0,0,0,0,0,23,0,34168,23,0,0,0,62658,75650641728,381973989969
2022-09-07,S300Z8H0,0,107637088,17,0,912358924,62971,17,0,0,0,0,0,23,0,34168,23,0,0,0,62682,75661185784,382033556052
2022-09-08,S300Z8H0,0,77046312,17,0,913580271,62995,17,0,0,0,0,0,21,0,34168,21,0,0,0,62706,75674645336,382096630519
2022-09-09,S300Z8H0,0,201708248,17,0,915971557,63019,17,0,0,0,0,0,23,0,34168,23,0,0,0,62730,75691828352,382350671642
2022-09-10,S300Z8H0,0,99672992,17,0,917782435,63043,17,0,0,0,0,0,22,0,34168,22,0,0,0,62754,75702790792,382574277084
2022-09-11,S300Z8H0,0,179521000,17,0,919322486,63067,17,0,0,0,0,0,21,0,34168,21,0,0,0,62778,75711868112,382828197387
2022-09-12,S300Z8H0,0,160492840,17,0,921785808,63091,17,0,0,0,0,0,22,0,34168,22,0,0,0,62802,75724015248,383093844158
2022-09-13,S300Z8H0,0,6868536,17,0,923606384,63115,17,0,0,0,0,0,22,0,34168,22,0,0,0,62826,75733699864,383353100968
2022-09-14,S300Z8H0,0,19914488,17,0,925345969,63150,17,0,0,0,0,0,22,0,34168,22,0,0,0,62862,75738099432,383446921094
2022-09-15,S300Z8H0,0,188782656,17,0,925856180,63162,17,0,0,0,0,0,22,0,34168,22,0,0,0,62874,75738573392,383479635712
2022-09-16,S300Z8H0,0,153872872,17,0,927116602,63186,17,0,0,0,0,0,22,0,34168,22,0,0,0,62898,75741089616,383738543568
2022-09-17,S300Z8H0,0,123783328,17,0,928764558,63210,17,0,0,0,0,0,22,0,34168,22,0,0,0,62922,75742439408,384084444856
2022-09-18,S300Z8H0,0,69035456,17,0,931308218,63234,17,0,0,0,0,0,22,0,34168,22,0,0,0,62946,75743768664,384373105864
2022-09-19,S300Z8H0,0,29736424,17,0,934267912,63258,17,0,0,0,0,0,22,0,34168,22,0,0,0,62970,75745166224,384687926443
2022-09-20,S300Z8H0,0,117107488,17,0,935654447,63282,17,0,0,0,0,0,21,0,34168,21,0,0,0,62993,75746508952,384882102471
2022-09-21,S300Z8H0,0,90320160,17,0,937487850,63306,17,0,0,0,0,0,21,0,34168,21,0,0,0,63017,75747427376,384943308775
2022-09-22,S300Z8H0,0,199874888,17,0,938779780,63330,17,0,0,0,0,0,21,0,34168,21,0,0,0,63041,75748989488,385093035453
2022-09-23,S300Z8H0,0,220989320,17,0,939905156,63354,17,0,0,0,0,0,21,0,34168,21,0,0,0,63065,75751057152,385241602306
2022-09-24,S300Z8H0,0,216608864,17,0,941395831,63378,17,0,0,0,0,0,21,0,34168,21,0,0,0,63089,75752277248,385435961165
2022-09-25,S300Z8H0,0,89663600,17,0,943348586,63402,17,0,0,0,0,0,21,0,34168,21,0,0,0,63113,75753605408,385634443692
2022-09-26,S300Z8H0,0,241344080,17,0,945929242,63426,17,0,0,0,0,0,21,0,34168,21,0,0,0,63137,75755025416,385825807724
2022-09-27,S300Z8H0,0,31639992,17,0,947725098,63450,17,0,0,0,0,0,21,0,34168,21,0,0,0,63161,75756383792,386056882003
2022-09-28,S300Z8H0,0,40819600,17,0,949977941,63485,17,0,0,0,0,0,22,0,34168,22,0,0,0,63197,75758689184,386210935495
2022-09-29,S300Z8H0,0,15594616,17,0,951434748,63509,17,0,0,0,0,0,21,0,34168,21,0,0,0,63221,75760097480,386463082652
2022-09-30,S300Z8H0,0,154956112,17,0,952860918,63533,17,0,0,0,0,0,21,0,34168,21,0,0,0,63245,75761419480,386701417739
2022-10-01,S300Z8H0,0,200155360,17,0,954318493,63557,17,0,0,0,0,0,21,0,34168,21,0,0,0,63269,75763212640,386928440774
2022-10-02,S300Z8H0,0,186568456,17,0,956694533,63581,17,0,0,0,0,0,21,0,34168,21,0,0,0,63292,75764748768,387197538389
2022-10-03,S300Z8H0,0,183530856,17,0,959273232,63605,17,0,0,0,0,0,22,0,34168,22,0,0,0,63316,75766276136,387498632550
2022-10-04,S300Z8H0,0,89451768,17,0,960063314,63616,17,0,0,0,0,0,22,0,34168,22,0,0,0,63328,75767398264,387618447070
2022-10-05,S300Z8H0,0,7682880,19,0,962671834,63653,19,0,0,0,0,0,22,0,34170,22,0,0,0,63364,75769430664,387834994542
2022-10-06,S300Z8H0,0,143814272,19,0,964299147,63677,19,0,0,0,0,0,21,0,34170,21,0,0,0,63388,75770854104,388155531440
2022-10-07,S300Z8H0,0,154538576,19,0,965660500,63701,19,0,0,0,0,0,22,0,34170,22,0,0,0,63412,75772133144,388401550570
2022-10-08,S300Z8H0,0,118406408,19,0,967037075,63725,19,0,0,0,0,0,22,0,34170,22,0,0,0,63436,75773501136,388648398987
2022-10-09,S300Z8H0,0,39851936,19,0,969575636,63749,19,0,0,0,0,0,21,0,34170,21,0,0,0,63460,75775334376,388890528852
2022-10-10,S300Z8H0,0,200649280,19,0,971596870,63773,19,0,0,0,0,0,21,0,34170,21,0,0,0,63484,75776926696,389225950348
2022-10-11,S300Z8H0,0,167331448,19,0,972888668,63797,19,0,0,0,0,0,21,0,34170,21,0,0,0,63508,75778182736,389410299773
2022-10-12,S300Z8H0,0,152085408,19,0,974193682,63821,19,0,0,0,0,0,22,0,34170,22,0,0,0,63532,75779433032,389535933779
2022-10-13,S300Z8H0,0,197768968,19,0,975599699,63845,19,0,0,0,0,0,22,0,34170,22,0,0,0,63556,75781032672,389828096432
2022-10-14,S300Z8H0,0,52285680,19,0,977152743,63868,19,0,0,0,0,0,21,0,34170,21,0,0,0,63580,75782477680,390152127152
2022-10-15,S300Z8H0,0,222951776,19,0,978335930,63892,19,0,0,0,0,0,22,0,34170,22,0,0,0,63604,75783776264,390377545965
2022-10-16,S300Z8H0,0,167791920,19,0,981102977,63916,19,0,0,0,0,0,22,0,34170,22,0,0,0,63628,75785973064,390673874558
2022-10-17,S300Z8H0,0,68695984,19,0,983646660,63940,19,0,0,0,0,0,22,0,34170,22,0,0,0,63652,75787625120,390940562727
2022-10-18,S300Z8H0,0,107827272,19,0,985208991,63964,19,0,0,0,0,0,21,0,34170,21,0,0,0,63675,75789424344,391133624262
2022-10-19,S300Z8H0,0,103627456,19,0,986510103,63988,19,0,0,0,0,0,22,0,34170,22,0,0,0,63699,75790660904,391248963062
2022-10-20,S300Z8H0,0,106949088,19,0,987558200,64012,19,0,0,0,0,0,22,0,34170,22,0,0,0,63723,75791842560,391487495219
2022-10-21,S300Z8H0,0,38729112,19,0,988607422,64036,19,0,0,0,0,0,22,0,34170,22,0,0,0,63747,75793092400,391723375527
2022-10-22,S300Z8H0,0,107394120,19,0,989722514,64060,19,0,0,0,0,0,22,0,34170,22,0,0,0,63771,75794305896,391998945215
2022-10-23,S300Z8H0,0,215343680,19,0,992083000,64083,19,0,0,0,0,0,23,0,34170,23,0,0,0,63795,75795636368,392336492555
2022-10-24,S300Z8H0,0,11603168,19,0,996057097,64107,19,0,0,0,0,0,24,0,34170,24,0,0,0,63819,75797048464,392720024502
2022-10-25,S300Z8H0,0,220093240,19,0,998624038,64131,19,0,0,0,0,0,24,0,34170,24,0,0,0,63843,75798102616,392931651687
2022-10-26,S300Z8H0,0,99385824,19,0,51266,64155,19,0,0,0,0,0,24,0,34170,24,0,0,0,63867,75799075696,392990562895
2022-10-27,S300Z8H0,0,87757784,19,0,1959299,64179,19,0,0,0,0,0,24,0,34170,24,0,0,0,63891,75800536856,393241867636
2022-10-28,S300Z8H0,0,6172856,19,0,3261022,64203,19,0,0,0,0,0,24,0,34170,24,0,0,0,63915,75802244192,393448478516
2022-10-29,S300Z8H0,0,24266928,19,0,4421691,64227,19,0,0,0,0,0,25,0,34170,25,0,0,0,63938,75803144496,393613627510
2022-10-30,S300Z8H0,0,123491024,20,0,6336222,64250,20,0,0,0,0,0,25,0,34171,25,0,0,0,63962,75804262312,393789073445
2022-10-31,S300Z8H0,0,46025016,21,0,7881318,64274,21,0,0,0,0,0,25,0,34172,25,0,0,0,63986,75805403472,393974376377
2022-11-01,S300Z8H0,0,220447184,21,0,9365147,64298,21,0,0,0,0,0,25,0,34172,25,0,0,0,64010,75806334696,394133857225
2022-11-02,S300Z8H0,0,62051864,21,0,10727178,64322,21,0,0,0,0,0,24,0,34172,24,0,0,0,64034,75807769520,394210639769
2022-11-03,S300Z8H0,0,8745608,21,0,12359664,64346,21,0,0,0,0,0,24,0,34172,24,0,0,0,64057,75808575368,394385928495
2022-11-04,S300Z8H0,0,153340936,21,0,13594366,64370,21,0,0,0,0,0,25,0,34172,25,0,0,0,64081,75809757568,394612914630
2022-11-05,S300Z8H0,0,19548616,21,0,15390087,64393,21,0,0,0,0,0,24,0,34172,24,0,0,0,64105,75810581872,394852255622
2022-11-06,S300Z8H0,0,44886144,21,0,18085468,64417,21,0,0,0,0,0,24,0,34172,24,0,0,0,64129,75813627648,395140339551
2022-11-07,S300Z8H0,0,177502552,21,0,20430549,64441,21,0,0,0,0,0,24,0,34172,24,0,0,0,64152,75814982736,395392931444
2022-11-08,S300Z8H0,0,44362104,21,0,21878586,64465,21,0,0,0,0,0,24,0,34172,24,0,0,0,64176,75816004336,395569140123
2022-11-09,S300Z8H0,0,61486264,21,0,23107558,64488,21,0,0,0,0,0,24,0,34172,24,0,0,0,64200,75816980128,395663312038
2022-11-10,S300Z8H0,0,193088936,21,0,24821516,64512,21,0,0,0,0,0,26,0,34172,26,0,0,0,64223,75817892992,395960893646
2022-11-11,S300Z8H0,0,93187696,21,0,26305251,64536,21,0,0,0,0,0,24,0,34172,24,0,0,0,64247,75818822984,396294121557
2022-11-12,S300Z8H0,0,185929040,21,0,27816206,64560,21,0,0,0,0,0,24,0,34172,24,0,0,0,64271,75819638720,396582625866
2022-11-13,S300Z8H0,0,51658808,21,0,30174959,64583,21,0,0,0,0,0,25,0,34172,25,0,0,0,64295,75820463800,396884258516
2022-11-14,S300Z8H0,0,88958216,21,0,32335827,64607,21,0,0,0,0,0,25,0,34172,25,0,0,0,64319,75821435864,397097654860
2022-11-15,S300Z8H0,0,198053000,21,0,33464414,64631,21,0,0,0,0,0,25,0,34172,25,0,0,0,64342,75823260232,397266702003
2022-11-16,S300Z8H0,0,186162488,21,0,34986368,64655,21,0,0,0,0,0,26,0,34172,26,0,0,0,64366,75823946696,397332216723
2022-11-17,S300Z8H0,0,183462944,21,0,37406312,64678,21,0,0,0,0,0,26,0,34172,26,0,0,0,64390,75824644400,397414571822
2022-11-18,S300Z8H0,0,151683888,21,0,40537651,64702,21,0,0,0,0,0,25,0,34172,25,0,0,0,64414,75825672296,397514344213
2022-11-19,S300Z8H0,0,134258224,21,0,43240129,64726,21,0,0,0,0,0,25,0,34172,25,0,0,0,64437,75828541376,397618465947
2022-11-20,S300Z8H0,0,46987496,21,0,46763543,64750,21,0,0,0,0,0,25,0,34172,25,0,0,0,64461,75829805288,397952189954
2022-11-21,S300Z8H0,0,148522832,21,0,49059336,64773,21,0,0,0,0,0,25,0,34172,25,0,0,0,64485,75830720456,398239064221
2022-11-22,S300Z8H0,0,122251424,21,0,50211962,64797,21,0,0,0,0,0,25,0,34172,25,0,0,0,64508,75831732848,398484965807
2022-11-23,S300Z8H0,0,179716464,21,0,52305200,64821,21,0,0,0,0,0,26,0,34172,26,0,0,0,64532,75832455904,398571575234
2022-11-24,S300Z8H0,0,173124120,21,0,53863622,64844,21,0,0,0,0,0,25,0,34172,25,0,0,0,64556,75833547816,398900722545
2022-11-25,S300Z8H0,0,46016512,21,0,55212926,64868,21,0,0,0,0,0,26,0,34172,26,0,0,0,64580,75834660096,399161766428
2022-11-26,S300Z8H0,0,132822624,21,0,56589679,64892,21,0,0,0,0,0,26,0,34172,26,0,0,0,64603,75835799512,399400903517
2022-11-27,S300Z8H0,0,76720256,21,0,59215697,64916,21,0,0,0,0,0,25,0,34172,25,0,0,0,64627,75836916824,399663600106
2022-11-28,S300Z8H0,0,176291528,21,0,61431739,64939,21,0,0,0,0,0,25,0,34172,25,0,0,0,64651,75838028768,399938014100
2022-11-29,S300Z8H0,0,221001760,21,0,62518265,64963,21,0,0,0,0,0,25,0,34172,25,0,0,0,64675,75839034720,400179274707
2022-11-30,S300Z8H0,0,159668928,21,0,64144554,64987,21,0,0,0,0,0,26,0,34172,26,0,0,0,64698,75839620128,400245189709
2022-12-01,S300Z8H0,0,178968096,21,0,65133356,65011,21,0,0,0,0,0,28,0,34172,28,0,0,0,64722,75840737776,400460881217
2022-12-02,S300Z8H0,0,12097848,21,0,66201300,65034,21,0,0,0,0,0,25,0,34172,25,0,0,0,64746,75841555224,400733177194
2022-12-03,S300Z8H0,0,226036920,21,0,67768596,65058,21,0,0,0,0,0,25,0,34172,25,0,0,0,64769,75842859512,401066354572
2022-12-04,S300Z8H0,0,49281512,21,0,70486471,65082,21,0,0,0,0,0,26,0,34172,26,0,0,0,64793,75843826744,401370829368
2022-12-05,S300Z8H0,0,1148928,21,0,73528318,65106,21,0,0,0,0,0,25,0,34172,25,0,0,0,64817,75844864848,401692988365
2022-12-06,S300Z8H0,0,207518320,21,0,74753599,65129,21,0,0,0,0,0,25,0,34172,25,0,0,0,64841,75845749784,401895854449
2022-12-07,S300Z8H0,0,107896104,21,0,77877531,65165,21,0,0,0,0,0,24,0,34172,24,0,0,0,64876,75846864880,402066845758
2022-12-08,S300Z8H0,0,77435008,21,0,78817916,65189,21,0,0,0,0,0,23,0,34172,23,0,0,0,64900,75847641584,402203557744
2022-12-09,S300Z8H0,0,224504880,21,0,80181270,65213,21,0,0,0,0,0,24,0,34172,24,0,0,0,64924,75848653480,402386934849
2022-12-11,S300Z8H0,0,163461072,21,0,84773280,65260,21,0,0,0,0,0,23,0,34172,23,0,0,0,64972,75851091448,402818665876
2022-12-11,S300Z8H0,0,163461072,21,0,84773280,65260,21,0,0,0,0,0,23,0,34172,23,0,0,0,64972,75851091448,402818665876
2022-12-12,S300Z8H0,0,238542120,21,0,86582902,65284,21,0,0,0,0,0,23,0,34172,23,0,0,0,64995,75852232184,403011410592
2022-12-13,S300Z8H0,0,174945664,21,0,87878676,65308,21,0,0,0,0,0,24,0,34172,24,0,0,0,65019,75853635176,403169080868
2022-12-14,S300Z8H0,0,160294176,21,0,89437321,65331,21,0,0,0,0,0,24,0,34172,24,0,0,0,65043,75855546320,403287265769
2022-12-15,S300Z8H0,0,10878152,21,0,90925571,65355,21,0,0,0,0,0,24,0,34172,24,0,0,0,65067,75856577784,403531501381
2022-12-16,S300Z8H0,0,138220280,21,0,92426455,65379,21,0,0,0,0,0,24,0,34172,24,0,0,0,65091,75857414520,403779175784
2022-12-17,S300Z8H0,0,214276240,21,0,93719074,65403,21,0,0,0,0,0,24,0,34172,24,0,0,0,65115,75858385648,403991567581
2022-12-18,S300Z8H0,0,164728872,21,0,97204075,65427,21,0,0,0,0,0,25,0,34172,25,0,0,0,65139,75859543120,404317606683
2022-12-19,S300Z8H0,0,230835056,21,0,99471552,65451,21,0,0,0,0,0,25,0,34172,25,0,0,0,65163,75860677576,404675488222
2022-12-20,S300Z8H0,0,56569528,21,0,101177728,65475,21,0,0,0,0,0,25,0,34172,25,0,0,0,65186,75862480800,404878085630
2022-12-21,S300Z8H0,0,44448496,21,0,102200500,65487,21,0,0,0,0,0,23,0,34172,23,0,0,0,65198,75863072600,404912344772
2022-12-22,S300Z8H0,0,50680576,21,0,103684856,65511,21,0,0,0,0,0,24,0,34172,24,0,0,0,65222,75864098256,405150161201
2022-12-23,S300Z8H0,0,2419064,21,0,105052086,65535,21,0,0,0,0,0,23,0,34172,23,0,0,0,65246,75864957400,405405254045
2022-12-24,S300Z8H0,0,188918696,21,0,106291437,65559,21,0,0,0,0,0,23,0,34172,23,0,0,0,65270,75865792872,405597381472
2022-12-25,S300Z8H0,0,222621096,21,0,109568274,65595,21,0,0,0,0,0,25,0,34172,25,0,0,0,65306,75867826664,406039658265
2022-12-26,S300Z8H0,0,160302520,21,0,111368005,65618,21,0,0,0,0,0,24,0,34172,24,0,0,0,65330,75869088504,406324114598
2022-12-27,S300Z8H0,0,221111696,21,0,113189125,65642,21,0,0,0,0,0,24,0,34172,24,0,0,0,65354,75870154896,406540247354
2022-12-28,S300Z8H0,0,10634240,21,0,114651438,65666,21,0,0,0,0,0,23,0,34172,23,0,0,0,65378,75871279480,406646908065
2022-12-29,S300Z8H0,0,189225160,21,0,116433679,65690,21,0,0,0,0,0,24,0,34172,24,0,0,0,65401,75914730312,406972664743
2022-12-30,S300Z8H0,0,190487256,21,0,117791592,65714,21,0,0,0,0,0,24,0,34172,24,0,0,0,65426,75915851608,407234995951
2022-12-31,S300Z8H0,0,198854256,21,0,119427669,65738,21,0,0,0,0,0,24,0,34172,24,0,0,0,65449,75916867016,407462713785
