2022-01-01,Z302AKE1,0,53474048,12,0,247801250,56615,12,0,0,0,0,0,20,1,48625,20,0,0,0,56266,67528281656,389349655080
2022-01-02,Z302AKE1,0,57662560,12,0,249335735,56638,12,0,0,0,0,0,20,1,48625,20,0,0,0,56290,67543671224,389512857505
2022-01-03,Z302AKE1,0,60929968,12,0,250347155,56662,12,0,0,0,0,0,20,1,48625,20,0,0,0,56314,67561289064,389768087198
2022-01-04,Z302AKE1,0,131547552,12,0,251008984,56686,12,0,0,0,0,0,20,1,48625,20,0,0,0,56337,67576267832,389918141551
2022-01-05,Z302AKE1,0,219091744,12,0,251665789,56710,12,0,0,0,0,0,20,1,48625,20,0,0,0,56361,67594272352,390056129779
2022-01-06,Z302AKE1,0,219780608,12,0,252521661,56734,12,0,0,0,0,0,20,1,48625,20,0,0,0,56385,67614900176,390265352223
2022-01-07,Z302AKE1,0,31836088,12,0,254575643,56757,12,0,0,0,0,0,20,1,48625,20,0,0,0,56409,67629524416,390507667874
2022-01-08,Z302AKE1,0,74880640,12,0,255457412,56781,12,0,0,0,0,0,20,1,48625,20,0,0,0,56433,67647299968,390700240880
2022-01-09,Z302AKE1,0,133202352,12,0,257151807,56805,12,0,0,0,0,0,20,1,48625,20,0,0,0,56457,67661375752,390860728736
2022-01-10,Z302AKE1,0,203625408,12,0,258393845,56829,12,0,0,0,0,0,20,1,48625,20,0,0,0,56480,67694938792,391073957867
2022-01-11,Z302AKE1,0,142928616,12,0,260133408,56864,12,0,0,0,0,0,21,1,48625,21,0,0,0,56516,67716717048,391360483577
2022-01-12,Z302AKE1,0,171689760,12,0,260410469,56876,12,0,0,0,0,0,20,1,48625,20,0,0,0,56528,67722300016,391431932361
2022-01-13,Z302AKE1,0,41025672,12,0,261150303,56900,12,0,0,0,0,0,20,1,48625,20,0,0,0,56551,67739566648,391584091817
2022-01-14,Z302AKE1,0,188850016,12,0,262975666,56924,12,0,0,0,0,0,20,1,48625,20,0,0,0,56575,67759401024,391770501321
2022-01-15,Z302AKE1,0,171073560,12,0,263841823,56947,12,0,0,0,0,0,20,1,48625,20,0,0,0,56599,67777114464,391936448436
2022-01-16,Z302AKE1,0,166170928,12,0,265394995,56971,12,0,0,0,0,0,20,1,48625,20,0,0,0,56623,67794602768,392089507707
2022-01-17,Z302AKE1,0,197248560,12,0,266555648,56995,12,0,0,0,0,0,20,1,48625,20,0,0,0,56647,67813618416,392222045488
2022-01-18,Z302AKE1,0,143720160,12,0,267365978,57019,12,0,0,0,0,0,20,1,48625,20,0,0,0,56670,67833699640,392350627133
2022-01-19,Z302AKE1,0,117123792,12,0,268366722,57043,12,0,0,0,0,0,21,1,48625,21,0,0,0,56694,67855754520,392524554468
2022-01-20,Z302AKE1,0,114536984,12,0,270216812,57079,12,0,0,0,0,0,21,1,48625,21,0,0,0,56730,67883704760,392786125782
2022-01-21,Z302AKE1,0,197575024,12,0,272041723,57103,12,0,0,0,0,0,21,1,48625,21,0,0,0,56754,67913040848,392994064813
2022-01-22,Z302AKE1,0,135447104,12,0,273122419,57126,12,0,0,0,0,0,21,1,48625,21,0,0,0,56778,67934077224,393216549106
2022-01-23,Z302AKE1,0,52485616,12,0,274759934,57150,12,0,0,0,0,0,21,1,48625,21,0,0,0,56802,67955320928,393320633317
2022-01-24,Z302AKE1,0,48430224,12,0,275930986,57174,12,0,0,0,0,0,21,1,48625,21,0,0,0,56825,67985553240,393501419708
2022-01-25,Z302AKE1,0,53641816,12,0,276897207,57198,12,0,0,0,0,0,21,1,48625,21,0,0,0,56849,68009045600,393682038332
2022-01-26,Z302AKE1,0,1693456,12,0,277379005,57210,12,0,0,0,0,0,21,1,48625,21,0,0,0,56861,68020760416,393767604882
2022-01-27,Z302AKE1,0,235225048,12,0,278409339,57233,12,0,0,0,0,0,21,1,48625,21,0,0,0,56885,68038720040,393941860496
2022-01-28,Z302AKE1,0,98103744,12,0,280163900,57257,12,0,0,0,0,0,21,1,48625,21,0,0,0,56908,68058674448,394218510298
2022-01-29,Z302AKE1,0,10816160,12,0,282339280,57281,12,0,0,0,0,0,22,1,48625,22,0,0,0,56932,68076921200,394563548726
2022-01-30,Z302AKE1,0,147494424,12,0,284536636,57304,12,0,0,0,0,0,22,1,48625,22,0,0,0,56956,68094858080,394857690522
2022-01-31,Z302AKE1,0,120815472,12,0,286490692,57328,12,0,0,0,0,0,22,1,48625,22,0,0,0,56980,68112495008,395003864636
2022-02-01,Z302AKE1,0,95342168,12,0,288716728,57352,12,0,0,0,0,0,20,1,48625,20,0,0,0,57003,68129991720,395307542243
2022-02-02,Z302AKE1,0,209742392,12,0,290553423,57375,12,0,0,0,0,0,21,1,48625,21,0,0,0,57027,68148130608,395577578402
2022-02-03,Z302AKE1,0,86345152,12,0,291919376,57399,12,0,0,0,0,0,21,1,48625,21,0,0,0,57051,68166376200,395796242426
2022-02-04,Z302AKE1,0,164342712,12,0,295826306,57435,12,0,0,0,0,0,20,1,48625,20,0,0,0,57086,68191474496,396262812464
2022-02-05,Z302AKE1,0,204786976,12,0,298068475,57459,12,0,0,0,0,0,20,1,48625,20,0,0,0,57110,68211574984,396547398287
2022-02-06,Z302AKE1,0,50351104,12,0,300221678,57482,12,0,0,0,0,0,20,1,48625,20,0,0,0,57134,68227223688,396715693136
2022-02-07,Z302AKE1,0,171556968,12,0,301623227,57506,12,0,0,0,0,0,20,1,48625,20,0,0,0,57158,68248400784,397028801612
2022-02-08,Z302AKE1,0,156199704,12,0,302804595,57530,12,0,0,0,0,0,20,1,48625,20,0,0,0,57181,68266844624,397289284256
2022-02-09,Z302AKE1,0,195552736,12,0,303847636,57554,12,0,0,0,0,0,20,1,48625,20,0,0,0,57205,68286405808,397529498855
2022-02-10,Z302AKE1,0,205188040,12,0,304874544,57577,12,0,0,0,0,0,20,1,48625,20,0,0,0,57229,68302510936,397719518344
2022-02-11,Z302AKE1,0,15076920,12,0,308639805,57601,12,0,0,0,0,0,20,1,48625,20,0,0,0,57253,68318571528,398049587731
2022-02-12,Z302AKE1,0,68065072,12,0,310111591,57625,12,0,0,0,0,0,20,1,48625,20,0,0,0,57276,68328834048,398315047529
2022-02-13,Z302AKE1,0,4437456,12,0,311814850,57649,12,0,0,0,0,0,20,1,48625,20,0,0,0,57300,68337742856,398482045578
2022-02-14,Z302AKE1,0,232081520,12,0,312871025,57672,12,0,0,0,0,0,20,1,48625,20,0,0,0,57324,68351457536,398724237773
2022-02-15,Z302AKE1,0,158975216,12,0,313773954,57696,12,0,0,0,0,0,20,1,48625,20,0,0,0,57348,68363175664,398954285856
2022-02-16,Z302AKE1,0,231104240,12,0,314826295,57720,12,0,0,0,0,0,19,1,48625,19,0,0,0,57371,68377956648,399206788502
2022-02-17,Z302AKE1,0,130953872,12,0,315606985,57744,12,0,0,0,0,0,20,1,48625,20,0,0,0,57395,68392603872,399374128559
2022-02-18,Z302AKE1,0,154627168,12,0,317006312,57767,12,0,0,0,0,0,19,1,48625,19,0,0,0,57419,68405533672,399581121120
2022-02-19,Z302AKE1,0,43601640,12,0,317938002,57791,12,0,0,0,0,0,20,1,48625,20,0,0,0,57442,68425294440,399779371064
2022-02-20,Z302AKE1,0,130988456,12,0,319695979,57815,12,0,0,0,0,0,20,1,48625,20,0,0,0,57466,68437361184,399938995026
2022-02-21,Z302AKE1,0,6554032,12,0,320624066,57839,12,0,0,0,0,0,20,1,48625,20,0,0,0,57490,68452031768,400135592566
2022-02-22,Z302AKE1,0,205058040,12,0,321683087,57862,12,0,0,0,0,0,20,1,48625,20,0,0,0,57514,68467486744,400354921975
2022-02-23,Z302AKE1,0,206906840,12,0,322470071,57886,12,0,0,0,0,0,20,1,48625,20,0,0,0,57538,68478963312,400542721821
2022-02-24,Z302AKE1,0,181530504,12,0,323297039,57910,12,0,0,0,0,0,19,1,48625,19,0,0,0,57561,68495658288,400715662804
2022-02-25,Z302AKE1,0,41086504,12,0,325288175,57933,12,0,0,0,0,0,20,1,48625,20,0,0,0,57585,68507939392,400925077834
2022-02-26,Z302AKE1,0,84060680,12,0,326286984,57957,12,0,0,0,0,0,20,1,48625,20,0,0,0,57609,68525975496,401093588858
2022-02-27,Z302AKE1,0,164329816,12,0,328057733,57981,12,0,0,0,0,0,20,1,48625,20,0,0,0,57632,68543928760,401240320841
2022-02-28,Z302AKE1,0,183529656,12,0,328936711,58005,12,0,0,0,0,0,20,1,48625,20,0,0,0,57656,68561124432,401386379111
2022-03-01,Z302AKE1,0,3638992,12,0,329651705,58028,12,0,0,0,0,0,20,1,48625,20,0,0,0,57680,68575574936,401509995859
2022-03-02,Z302AKE1,0,151339984,12,0,330673360,58052,12,0,0,0,0,0,21,1,48625,21,0,0,0,57704,68589940616,401688295294
2022-03-03,Z302AKE1,0,146973112,12,0,331556702,58076,12,0,0,0,0,0,23,1,48625,23,0,0,0,57727,68596630920,401868516356
2022-03-04,Z302AKE1,0,25682264,12,0,333737564,58099,12,0,0,0,0,0,19,1,48625,19,0,0,0,57751,68605952848,402091327177
2022-03-05,Z302AKE1,0,20590280,12,0,334871958,58123,12,0,0,0,0,0,20,1,48625,20,0,0,0,57775,68613599352,402358646655
2022-03-06,Z302AKE1,0,60554344,12,0,336282348,58147,12,0,0,0,0,0,19,1,48625,19,0,0,0,57798,68622154336,402528942375
2022-03-07,Z302AKE1,0,197844312,12,0,337574382,58170,12,0,0,0,0,0,20,1,48625,20,0,0,0,57822,68633660240,402695358846
2022-03-08,Z302AKE1,0,236606032,12,0,338590899,58194,12,0,0,0,0,0,20,1,48625,20,0,0,0,57846,68641044424,402886877439
2022-03-09,Z302AKE1,0,161996696,12,0,339513596,58218,12,0,0,0,0,0,20,1,48625,20,0,0,0,57869,68650546536,403089474785
2022-03-10,Z302AKE1,0,59695512,12,0,340542211,58241,12,0,0,0,0,0,20,1,48625,20,0,0,0,57893,68659940672,403327662049
2022-03-11,Z302AKE1,0,40325080,12,0,342827028,58265,12,0,0,0,0,0,20,1,48625,20,0,0,0,57917,68667894944,403690820006
2022-03-12,Z302AKE1,0,242304712,12,0,347002913,58289,12,0,0,0,0,0,20,1,48625,20,0,0,0,57940,68678288640,404066971200
2022-03-13,Z302AKE1,0,28176088,12,0,349180359,58312,12,0,0,0,0,0,20,1,48625,20,0,0,0,57964,68685975976,404333301500
2022-03-14,Z302AKE1,0,148804008,12,0,351213988,58336,12,0,0,0,0,0,20,1,48625,20,0,0,0,57988,68694066248,404524652745
2022-03-15,Z302AKE1,0,92333640,12,0,353687908,58360,12,0,0,0,0,0,20,1,48625,20,0,0,0,58012,68790174896,404893212147
2022-03-16,Z302AKE1,0,93456552,12,0,355819360,58384,12,0,0,0,0,0,20,1,48625,20,0,0,0,58035,68802326640,405219975202
2022-03-17,Z302AKE1,0,236283192,12,0,358170112,58408,12,0,0,0,0,0,20,1,48625,20,0,0,0,58059,68812511496,405544584708
2022-03-18,Z302AKE1,0,102782552,12,0,360667228,58431,12,0,0,0,0,0,19,1,48625,19,0,0,0,58083,68823147752,405811053319
2022-03-19,Z302AKE1,0,6034528,12,0,361954764,58455,12,0,0,0,0,0,19,1,48625,19,0,0,0,58106,68833337400,406119860587
2022-03-20,Z302AKE1,0,143254656,12,0,363514079,58479,12,0,0,0,0,0,20,1,48625,20,0,0,0,58130,68845430632,406388517767
2022-03-21,Z302AKE1,0,63320320,12,0,365166544,58502,12,0,0,0,0,0,20,1,48625,20,0,0,0,58154,68856994016,406589691559
2022-03-22,Z302AKE1,0,72776208,12,0,366626987,58538,12,0,0,0,0,0,20,1,48625,20,0,0,0,58190,68873516792,406969753696
2022-03-23,Z302AKE1,0,114101784,12,0,367561780,58561,12,0,0,0,0,0,20,1,48625,20,0,0,0,58213,68888337568,407209690328
2022-03-24,Z302AKE1,0,26765616,12,0,368699057,58585,12,0,0,0,0,0,20,1,48625,20,0,0,0,58237,68900559784,407481790280
2022-03-25,Z302AKE1,0,156025088,12,0,370795911,58609,12,0,0,0,0,0,20,1,48625,20,0,0,0,58260,68912836016,407710811697
2022-03-26,Z302AKE1,0,27851696,12,0,371917707,58633,12,0,0,0,0,0,20,1,48625,20,0,0,0,58284,68930618240,407990311343
2022-03-27,Z302AKE1,0,117541256,12,0,373604517,58656,12,0,0,0,0,0,19,1,48625,19,0,0,0,58308,68943124280,408180250295
2022-03-28,Z302AKE1,0,143435208,12,0,374424419,58680,12,0,0,0,0,0,20,1,48625,20,0,0,0,58332,68960944896,408321952589
2022-03-29,Z302AKE1,0,64527992,12,0,375350574,58704,12,0,0,0,0,0,19,1,48625,19,0,0,0,58355,68979671192,408541817175
2022-03-30,Z302AKE1,0,29791608,12,0,376211484,58728,12,0,0,0,0,0,19,1,48625,19,0,0,0,58379,68995495328,408733034205
2022-03-31,Z302AKE1,0,144372128,12,0,377298719,58751,12,0,0,0,0,0,20,1,48625,20,0,0,0,58403,69011050192,408962339815
2022-04-01,Z302AKE1,0,39708616,12,0,379473066,58775,12,0,0,0,0,0,19,1,48625,19,0,0,0,58426,69030822656,409191908975
2022-04-02,Z302AKE1,0,131816680,12,0,380565351,58799,12,0,0,0,0,0,20,1,48625,20,0,0,0,58450,69046470512,409417371694
2022-04-03,Z302AKE1,0,114737536,12,0,382401986,58822,12,0,0,0,0,0,19,1,48625,19,0,0,0,58474,69064604536,409563427304
2022-04-04,Z302AKE1,0,232157752,12,0,383297373,58846,12,0,0,0,0,0,19,1,48625,19,0,0,0,58497,69081834912,409743242338
2022-04-05,Z302AKE1,0,117656408,12,0,384248898,58870,12,0,0,0,0,0,20,1,48625,20,0,0,0,58521,69098002584,409932104416
2022-04-06,Z302AKE1,0,109198344,12,0,385132245,58893,12,0,0,0,0,0,20,1,48625,20,0,0,0,58545,69114733288,410098581372
2022-04-07,Z302AKE1,0,141471208,12,0,386063472,58917,12,0,0,0,0,0,20,1,48625,20,0,0,0,58569,69132225712,410275812013
2022-04-08,Z302AKE1,0,136340912,12,0,388194462,58941,12,0,0,0,0,0,19,1,48625,19,0,0,0,58592,69149093112,410452639082
2022-04-09,Z302AKE1,0,54923408,12,0,389070021,58965,12,0,0,0,0,0,19,1,48625,19,0,0,0,58616,69165677072,410600752131
2022-04-10,Z302AKE1,0,108665848,12,0,390768834,58989,12,0,0,0,0,0,20,1,48625,20,0,0,0,58640,69182956728,410740807083
2022-04-11,Z302AKE1,0,241425816,12,0,391820287,59012,12,0,0,0,0,0,20,1,48625,20,0,0,0,58664,69198351168,410901339848
2022-04-12,Z302AKE1,0,58702440,12,0,392825011,59036,12,0,0,0,0,0,20,1,48625,20,0,0,0,58688,69214723512,411117111984
2022-04-13,Z302AKE1,0,234661240,12,0,393684437,59060,12,0,0,0,0,0,20,1,48625,20,0,0,0,58712,69228302336,411311929615
2022-04-14,Z302AKE1,0,100464960,12,0,394679376,59084,12,0,0,0,0,0,20,1,48625,20,0,0,0,58735,69243731416,411507048651
2022-04-15,Z302AKE1,0,232394944,12,0,396963812,59108,12,0,0,0,0,0,20,1,48625,20,0,0,0,58759,69259282920,411738187249
2022-04-16,Z302AKE1,0,185383544,12,0,399694240,59131,12,0,0,0,0,0,20,1,48625,20,0,0,0,58783,69277139256,411957131038
2022-04-17,Z302AKE1,0,221360528,12,0,401173627,59155,12,0,0,0,0,0,20,1,48625,20,0,0,0,58807,69292153296,412124526005
2022-04-18,Z302AKE1,0,130172304,12,0,402342977,59179,12,0,0,0,0,0,20,1,48625,20,0,0,0,58830,69306506648,412232758263
2022-04-19,Z302AKE1,0,46271680,12,0,403242980,59202,12,0,0,0,0,0,20,1,48625,20,0,0,0,58854,69326217912,412411556301
2022-04-20,Z302AKE1,0,119153320,13,0,404408543,59227,13,0,0,0,0,0,19,2,48626,19,0,0,0,58878,69344485144,412738387366
2022-04-21,Z302AKE1,0,184940928,13,0,406219652,59251,13,0,0,0,0,0,20,2,48626,20,0,0,0,58902,69357726936,413080047761
2022-04-22,Z302AKE1,0,39575800,14,0,409494653,59275,14,0,0,0,0,0,20,2,48628,20,0,0,0,58926,69378597352,413437709292
2022-04-23,Z302AKE1,0,160088680,14,0,411302573,59299,14,0,0,0,0,0,20,2,48628,20,0,0,0,58950,69388407688,413719600636
2022-04-24,Z302AKE1,0,220813240,14,0,413234094,59323,14,0,0,0,0,0,20,2,48628,20,0,0,0,58974,69408654728,413944714012
2022-04-25,Z302AKE1,0,34135432,14,0,414947367,59347,14,0,0,0,0,0,20,2,48628,20,0,0,0,58998,69423835560,414100345255
2022-04-26,Z302AKE1,0,46854336,14,0,417214557,59370,14,0,0,0,0,0,21,2,48628,21,0,0,0,59021,69434507872,414431713332
2022-04-27,Z302AKE1,0,165273800,14,0,419211266,59394,14,0,0,0,0,0,21,2,48628,21,0,0,0,59045,69452346384,414713400464
2022-04-28,Z302AKE1,0,117507112,14,0,420518113,59418,14,0,0,0,0,0,20,2,48628,20,0,0,0,59069,69463860024,414974917934
2022-04-29,Z302AKE1,0,214633008,14,0,422608803,59442,14,0,0,0,0,0,20,2,48628,20,0,0,0,59093,69480033424,415278559208
2022-04-30,Z302AKE1,0,223502376,14,0,424376907,59466,14,0,0,0,0,0,20,2,48628,20,0,0,0,59116,69494469888,415565447769
2022-05-01,Z302AKE1,0,100798072,14,0,425764205,59489,14,0,0,0,0,0,20,2,48628,20,0,0,0,59140,69509206696,415799196068
2022-05-02,Z302AKE1,0,102889656,14,0,427091370,59513,14,0,0,0,0,0,20,2,48628,20,0,0,0,59164,69522822552,415912383850
2022-05-03,Z302AKE1,0,10762432,14,0,428177035,59537,14,0,0,0,0,0,20,2,48628,20,0,0,0,59188,69536562336,416175305880
2022-05-04,Z302AKE1,0,229953512,14,0,429290404,59561,14,0,0,0,0,0,20,2,48628,20,0,0,0,59212,69552486432,416452869691
2022-05-05,Z302AKE1,0,170085224,14,0,430252396,59585,14,0,0,0,0,0,20,2,48628,20,0,0,0,59236,69569475976,416661460488
2022-05-06,Z302AKE1,0,207351400,14,0,432105764,59609,14,0,0,0,0,0,20,2,48628,20,0,0,0,59260,69586467408,416873027215
2022-05-07,Z302AKE1,0,234039832,14,0,433190352,59633,14,0,0,0,0,0,20,2,48628,20,0,0,0,59283,69602088264,417160477940
2022-05-08,Z302AKE1,0,35715728,14,0,434335862,59656,14,0,0,0,0,0,20,2,48628,20,0,0,0,59307,69617951368,417309461789
2022-05-09,Z302AKE1,0,238549168,14,0,435723769,59680,14,0,0,0,0,0,20,2,48628,20,0,0,0,59331,69646671528,417439275636
2022-05-10,Z302AKE1,0,1188368,14,0,436602219,59704,14,0,0,0,0,0,20,2,48628,20,0,0,0,59355,69670361536,417626685128
2022-05-11,Z302AKE1,0,13848912,14,0,437491158,59728,14,0,0,0,0,0,20,2,48628,20,0,0,0,59379,69690240848,417825691609
2022-05-12,Z302AKE1,0,36600184,14,0,438489683,59752,14,0,0,0,0,0,20,2,48628,20,0,0,0,59403,69710221168,418025023814
2022-05-13,Z302AKE1,0,103182816,14,0,440550156,59776,14,0,0,0,0,0,20,2,48628,20,0,0,0,59427,69725219072,418263105861
2022-05-14,Z302AKE1,0,134553544,14,0,441967239,59799,14,0,0,0,0,0,20,2,48628,20,0,0,0,59450,69743446256,418476118167
2022-05-15,Z302AKE1,0,109481888,14,0,442999293,59823,14,0,0,0,0,0,22,2,48628,22,0,0,0,59474,69764263104,418620477461
2022-05-16,Z302AKE1,0,152293544,14,0,444557264,59847,14,0,0,0,0,0,21,2,48628,21,0,0,0,59498,69780706080,418751374252
2022-05-17,Z302AKE1,0,31613360,14,0,445374001,59871,14,0,0,0,0,0,21,2,48628,21,0,0,0,59522,69805098216,418900915046
2022-05-18,Z302AKE1,0,165895656,14,0,446237578,59895,14,0,0,0,0,0,21,2,48628,21,0,0,0,59546,69826631272,419063880871
2022-05-19,Z302AKE1,0,73170616,14,0,447130463,59919,14,0,0,0,0,0,21,2,48628,21,0,0,0,59570,69850726536,419231172154
2022-05-20,Z302AKE1,0,175035944,14,0,448779525,59942,14,0,0,0,0,0,21,2,48628,21,0,0,0,59593,69866624456,419387318713
2022-05-21,Z302AKE1,0,131375640,14,0,450228093,59966,14,0,0,0,0,0,20,2,48628,20,0,0,0,59617,69880855768,419552786121
2022-05-22,Z302AKE1,0,46333944,14,0,451311289,59990,14,0,0,0,0,0,21,2,48628,21,0,0,0,59641,69898054752,419700216800
2022-05-23,Z302AKE1,0,195104144,14,0,453449413,60014,14,0,0,0,0,0,21,2,48628,21,0,0,0,59665,69915470472,419826595854
2022-05-24,Z302AKE1,0,137285744,14,0,455883766,60038,14,0,0,0,0,0,21,2,48628,21,0,0,0,59689,69931202728,420053921723
2022-05-25,Z302AKE1,0,24504104,14,0,456807958,60062,14,0,0,0,0,0,21,2,48628,21,0,0,0,59713,69956742104,420237274611
2022-05-26,Z302AKE1,0,136718712,14,0,458324352,60097,14,0,0,0,0,0,24,2,48628,24,0,0,0,59748,69979066792,420510942615
2022-05-27,Z302AKE1,0,92294256,14,0,460554281,60121,14,0,0,0,0,0,20,2,48628,20,0,0,0,59772,69996494840,420724858915
2022-05-28,Z302AKE1,0,86164184,14,0,461657781,60145,14,0,0,0,0,0,20,2,48628,20,0,0,0,59796,70011643672,420920772670
2022-05-29,Z302AKE1,0,115537904,14,0,463287107,60169,14,0,0,0,0,0,20,2,48628,20,0,0,0,59820,70038406560,421045975308
2022-05-30,Z302AKE1,0,156616680,14,0,464461212,60193,14,0,0,0,0,0,20,2,48628,20,0,0,0,59844,70050472216,421211878494
2022-05-31,Z302AKE1,0,75900296,14,0,465421852,60217,14,0,0,0,0,0,20,2,48628,20,0,0,0,59867,70070208904,421394980431
2022-06-01,Z302AKE1,0,37903312,14,0,466417680,60241,14,0,0,0,0,0,20,2,48628,20,0,0,0,59891,70087034584,421571249708
2022-06-02,Z302AKE1,0,217310520,14,0,467736460,60264,14,0,0,0,0,0,20,2,48628,20,0,0,0,59915,70104480248,421911514838
2022-06-03,Z302AKE1,0,34636624,14,0,470968842,60288,14,0,0,0,0,0,20,2,48628,20,0,0,0,59939,70121665704,422278961966
2022-06-04,Z302AKE1,0,142685608,14,0,473628893,60312,14,0,0,0,0,0,20,2,48628,20,0,0,0,59963,70138965616,422606299117
2022-06-05,Z302AKE1,0,183614576,14,0,475625006,60336,14,0,0,0,0,0,20,2,48628,20,0,0,0,59987,70159759984,422781715554
2022-06-06,Z302AKE1,0,45959928,14,0,477521539,60360,14,0,0,0,0,0,21,2,48628,21,0,0,0,60011,70177450488,423005487918
2022-06-07,Z302AKE1,0,152252632,14,0,479445672,60384,14,0,0,0,0,0,20,2,48628,20,0,0,0,60034,70191180336,423303511386
2022-06-08,Z302AKE1,0,20222856,14,0,481501240,60407,14,0,0,0,0,0,20,2,48628,20,0,0,0,60058,70206748648,423582828844
2022-06-09,Z302AKE1,0,161815888,14,0,483416580,60431,14,0,0,0,0,0,20,2,48628,20,0,0,0,60082,70223955728,423865333628
2022-06-10,Z302AKE1,0,26842920,14,0,486105311,60455,14,0,0,0,0,0,20,2,48628,20,0,0,0,60106,70238140840,424190261188
2022-06-11,Z302AKE1,0,7007208,14,0,487551357,60478,14,0,0,0,0,0,20,2,48628,20,0,0,0,60129,70260880464,424480949170
2022-06-12,Z302AKE1,0,225938832,14,0,489572790,60502,14,0,0,0,0,0,20,2,48628,20,0,0,0,60153,70278056160,424661881293
2022-06-13,Z302AKE1,0,186745168,14,0,490756564,60526,14,0,0,0,0,0,20,2,48628,20,0,0,0,60177,70290907240,424906519228
2022-06-14,Z302AKE1,0,132708992,14,0,491888647,60550,14,0,0,0,0,0,20,2,48628,20,0,0,0,60201,70305032824,425171234898
2022-06-15,Z302AKE1,0,70092760,14,0,492962071,60574,14,0,0,0,0,0,20,2,48628,20,0,0,0,60224,70321821808,425419752959
2022-06-16,Z302AKE1,0,5304368,14,0,494118434,60598,14,0,0,0,0,0,21,2,48628,21,0,0,0,60248,70335762192,425670581543
2022-06-17,Z302AKE1,0,205449840,14,0,496360460,60621,14,0,0,0,0,0,20,2,48628,20,0,0,0,60272,70350664432,425877063479
2022-06-18,Z302AKE1,0,217252984,14,0,497437635,60645,14,0,0,0,0,0,20,2,48628,20,0,0,0,60296,70365520992,426123936368
2022-06-19,Z302AKE1,0,30273480,14,0,499130674,60669,14,0,0,0,0,0,20,2,48628,20,0,0,0,60320,70383945232,426338999040
2022-06-20,Z302AKE1,0,188523168,14,0,500155921,60693,14,0,0,0,0,0,21,2,48628,21,0,0,0,60344,70397980856,426440527336
2022-06-21,Z302AKE1,0,214609856,14,0,501167226,60717,14,0,0,0,0,0,20,2,48628,20,0,0,0,60368,70415229968,426655921084
2022-06-22,Z302AKE1,0,47089072,14,0,502196197,60741,14,0,0,0,0,0,20,2,48628,20,0,0,0,60391,70429390480,426857468402
2022-06-23,Z302AKE1,0,40828824,14,0,503303213,60764,14,0,0,0,0,0,20,2,48628,20,0,0,0,60415,70449014952,427079389548
2022-06-24,Z302AKE1,0,72369120,14,0,505618327,60788,14,0,0,0,0,0,20,2,48628,20,0,0,0,60439,70462566448,427312151180
2022-06-25,Z302AKE1,0,11299144,14,0,508178957,60812,14,0,0,0,0,0,20,2,48628,20,0,0,0,60463,70486348136,427550708045
2022-06-26,Z302AKE1,0,196612904,14,0,509958484,60836,14,0,0,0,0,0,20,2,48628,20,0,0,0,60487,70500611864,427725925835
2022-06-27,Z302AKE1,0,104524312,14,0,511156750,60860,14,0,0,0,0,0,20,2,48628,20,0,0,0,60511,70515054088,427851437162
2022-06-28,Z302AKE1,0,130328928,14,0,512103308,60884,14,0,0,0,0,0,21,2,48628,21,0,0,0,60535,70532247552,428040766749
2022-06-29,Z302AKE1,0,82522976,14,0,513693369,60919,14,0,0,0,0,0,21,2,48628,21,0,0,0,60570,70568280840,428313855606
2022-06-30,Z302AKE1,0,166474216,14,0,514883868,60943,14,0,0,0,0,0,21,2,48628,21,0,0,0,60594,70581392728,428478341129
2022-07-01,Z302AKE1,0,144778336,14,0,516847103,60967,14,0,0,0,0,0,21,2,48628,21,0,0,0,60618,70598109664,428637437542
2022-07-02,Z302AKE1,0,54221888,14,0,517885129,60991,14,0,0,0,0,0,21,2,48628,21,0,0,0,60642,70616690608,428811912249
2022-07-03,Z302AKE1,0,103797248,14,0,519721391,61015,14,0,0,0,0,0,21,2,48628,21,0,0,0,60666,70646249528,428902890213
2022-07-04,Z302AKE1,0,220496856,14,0,520908717,61039,14,0,0,0,0,0,21,2,48628,21,0,0,0,60689,70662846896,429105944588
2022-07-05,Z302AKE1,0,199781216,14,0,521947941,61062,14,0,0,0,0,0,20,2,48628,20,0,0,0,60713,70681546032,429321095685
2022-07-06,Z302AKE1,0,237482016,14,0,523039709,61086,14,0,0,0,0,0,21,2,48628,21,0,0,0,60737,70698523992,429516979743
2022-07-07,Z302AKE1,0,214060080,14,0,524326637,61110,14,0,0,0,0,0,21,2,48628,21,0,0,0,60761,70713620792,429707309231
2022-07-08,Z302AKE1,0,28308784,14,0,526234936,61134,14,0,0,0,0,0,20,2,48628,20,0,0,0,60785,70728396640,429916547996
2022-07-09,Z302AKE1,0,81775472,14,0,527398016,61158,14,0,0,0,0,0,21,2,48628,21,0,0,0,60809,70749566888,430125021581
2022-07-10,Z302AKE1,0,161594784,14,0,529202653,61182,14,0,0,0,0,0,21,2,48628,21,0,0,0,60833,70766351280,430241029656
2022-07-11,Z302AKE1,0,1958440,14,0,530142854,61205,14,0,0,0,0,0,21,2,48628,21,0,0,0,60856,70780774632,430431408948
2022-07-12,Z302AKE1,0,222323928,14,0,531109297,61229,14,0,0,0,0,0,20,2,48628,20,0,0,0,60880,70797177896,430620056449
2022-07-13,Z302AKE1,0,48388808,14,0,531508501,61241,14,0,0,0,0,0,20,2,48628,20,0,0,0,60892,70805556872,430702518281
2022-07-14,Z302AKE1,0,230442528,14,0,532540511,61265,14,0,0,0,0,0,20,2,48628,20,0,0,0,60916,70828515320,430892673919
2022-07-15,Z302AKE1,0,83864912,14,0,533960762,61289,14,0,0,0,0,0,20,2,48628,20,0,0,0,60940,70849238416,431058607347
2022-07-16,Z302AKE1,0,100926064,14,0,535206905,61314,14,0,0,0,0,0,20,2,48628,20,0,0,0,60964,70864096480,431405210145
2022-07-17,Z302AKE1,0,61776800,14,0,537244745,61337,14,0,0,0,0,0,20,2,48628,20,0,0,0,60988,70890081600,431676571146
2022-07-18,Z302AKE1,0,221515936,14,0,539721937,61361,14,0,0,0,0,0,20,2,48628,20,0,0,0,61012,70907611464,431929567465
2022-07-19,Z302AKE1,0,197103208,14,0,541860523,61385,14,0,0,0,0,0,20,2,48628,20,0,0,0,61036,70922914600,432224698952
2022-07-20,Z302AKE1,0,135490992,14,0,545673430,61420,14,0,0,0,0,0,20,2,48628,20,0,0,0,61071,70949377440,432614925493
2022-07-21,Z302AKE1,0,129556808,14,0,547925692,61444,14,0,0,0,0,0,20,2,48628,20,0,0,0,61095,70964192632,432929401086
2022-07-22,Z302AKE1,0,121101136,14,0,550898841,61468,14,0,0,0,0,0,20,2,48628,20,0,0,0,61119,70981446208,433223081290
2022-07-23,Z302AKE1,0,110806952,14,0,552931001,61492,14,0,0,0,0,0,20,2,48628,20,0,0,0,61143,70997726144,433535113728
2022-07-24,Z302AKE1,0,49362560,14,0,554648924,61516,14,0,0,0,0,0,20,2,48628,20,0,0,0,61166,71010817464,433666759341
2022-07-25,Z302AKE1,0,106896336,14,0,555908934,61539,14,0,0,0,0,0,20,2,48628,20,0,0,0,61190,71022356096,433935762581
2022-07-26,Z302AKE1,0,157997928,14,0,557079484,61563,14,0,0,0,0,0,20,2,48628,20,0,0,0,61214,71035729304,434204354714
2022-07-27,Z302AKE1,0,218965960,14,0,558007273,61587,14,0,0,0,0,0,20,2,48628,20,0,0,0,61238,71052311736,434370616061
2022-07-28,Z302AKE1,0,127972504,14,0,559182545,61611,14,0,0,0,0,0,20,2,48628,20,0,0,0,61261,71064435216,434638845286
2022-07-29,Z302AKE1,0,241779576,14,0,561409553,61634,14,0,0,0,0,0,19,2,48628,19,0,0,0,61285,71085197856,434895153161
2022-07-30,Z302AKE1,0,102775176,14,0,562622920,61658,14,0,0,0,0,0,19,2,48628,19,0,0,0,61309,71100815576,435167053873
2022-07-31,Z302AKE1,0,176765912,14,0,564222797,61682,14,0,0,0,0,0,19,2,48628,19,0,0,0,61332,71113262640,435261009984
2022-08-01,Z302AKE1,0,188668480,14,0,565323459,61705,14,0,0,0,0,0,22,2,48628,22,0,0,0,61356,71125301704,435516685343
2022-08-02,Z302AKE1,0,240129936,14,0,566290145,61729,14,0,0,0,0,0,19,2,48628,19,0,0,0,61380,71144676064,435727117870
2022-08-03,Z302AKE1,0,230033336,14,0,567253185,61753,14,0,0,0,0,0,20,2,48628,20,0,0,0,61404,71162210200,435902778506
2022-08-04,Z302AKE1,0,140995664,14,0,568314546,61777,14,0,0,0,0,0,20,2,48628,20,0,0,0,61427,71181959480,436077673190
2022-08-05,Z302AKE1,0,28861288,14,0,570720874,61800,14,0,0,0,0,0,20,2,48628,20,0,0,0,61451,71198606232,436333714452
2022-08-06,Z302AKE1,0,182757984,14,0,571598215,61824,14,0,0,0,0,0,20,2,48628,20,0,0,0,61475,71212242224,436504418429
2022-08-07,Z302AKE1,0,221731784,14,0,573505288,61848,14,0,0,0,0,0,20,2,48628,20,0,0,0,61499,71232012776,436648802596
2022-08-08,Z302AKE1,0,109254280,14,0,574605749,61872,14,0,0,0,0,0,20,2,48628,20,0,0,0,61523,71249428296,436869543000
2022-08-09,Z302AKE1,0,192953648,14,0,575567972,61896,14,0,0,0,0,0,20,2,48628,20,0,0,0,61546,71273002024,437059767046
2022-08-10,Z302AKE1,0,78947920,14,0,576629880,61920,14,0,0,0,0,0,20,2,48628,20,0,0,0,61570,71293401280,437253870454
2022-08-11,Z302AKE1,0,71024680,14,0,577545474,61943,14,0,0,0,0,0,20,2,48628,20,0,0,0,61594,71313908112,437430291710
2022-08-12,Z302AKE1,0,232743952,14,0,579734872,61967,14,0,0,0,0,0,20,2,48628,20,0,0,0,61618,71334865080,437598228425
2022-08-13,Z302AKE1,0,96035800,14,0,580737304,61991,14,0,0,0,0,0,20,2,48628,20,0,0,0,61642,71358591384,437763030549
2022-08-14,Z302AKE1,0,92534296,14,0,582417193,62015,14,0,0,0,0,0,20,2,48628,20,0,0,0,61666,71378869080,437882631922
2022-08-15,Z302AKE1,0,26697176,14,0,583604710,62039,14,0,0,0,0,0,20,2,48628,20,0,0,0,61689,71395711288,438048695142
2022-08-16,Z302AKE1,0,193596896,14,0,584694591,62062,14,0,0,0,0,0,20,2,48628,20,0,0,0,61713,71417173416,438266532920
2022-08-17,Z302AKE1,0,119791560,14,0,585749680,62086,14,0,0,0,0,0,20,2,48628,20,0,0,0,61737,71436425088,438459385216
2022-08-18,Z302AKE1,0,83159680,14,0,586811910,62110,14,0,0,0,0,0,20,2,48628,20,0,0,0,61761,71456138096,438629324972
2022-08-19,Z302AKE1,0,55306856,14,0,590414625,62134,14,0,0,0,0,0,20,2,48628,20,0,0,0,61785,71477854744,438859226017
2022-08-20,Z302AKE1,0,120286952,14,0,591864219,62158,14,0,0,0,0,0,21,2,48628,21,0,0,0,61809,71504210408,439052181505
2022-08-21,Z302AKE1,0,197374264,14,0,593494078,62181,14,0,0,0,0,0,20,2,48628,20,0,0,0,61832,71525340760,439216066426
2022-08-22,Z302AKE1,0,114019288,14,0,594822936,62205,14,0,0,0,0,0,20,2,48628,20,0,0,0,61856,71544109144,439394503055
2022-08-23,Z302AKE1,0,43648480,14,0,595861939,62229,14,0,0,0,0,0,20,2,48628,20,0,0,0,61880,71567669776,439589999883
2022-08-24,Z302AKE1,0,81766632,14,0,596963805,62253,14,0,0,0,0,0,20,2,48628,20,0,0,0,61903,71593229096,439791070365
2022-08-25,Z302AKE1,0,4140856,14,0,598099981,62276,14,0,0,0,0,0,20,2,48628,20,0,0,0,61927,71619438344,439968939892
2022-08-26,Z302AKE1,0,151851216,14,0,600343476,62300,14,0,0,0,0,0,20,2,48628,20,0,0,0,61951,71647040256,440194753814
2022-08-27,Z302AKE1,0,37339032,14,0,601794723,62324,14,0,0,0,0,0,20,2,48628,20,0,0,0,61975,71671771328,440391180377
2022-08-28,Z302AKE1,0,164525080,14,0,603356612,62348,14,0,0,0,0,0,20,2,48628,20,0,0,0,61999,71697623472,440515102511
2022-08-29,Z302AKE1,0,76994656,14,0,604755341,62372,14,0,0,0,0,0,20,2,48628,20,0,0,0,62022,71716924968,440661805496
2022-08-30,Z302AKE1,0,22719112,14,0,606072438,62395,14,0,0,0,0,0,20,2,48628,20,0,0,0,62046,71737942032,440973095190
2022-08-31,Z302AKE1,0,180694472,14,0,608037453,62419,14,0,0,0,0,0,21,2,48628,21,0,0,0,62070,71767913408,441303979638
2022-09-01,Z302AKE1,0,86984,14,0,610782013,62443,14,0,0,0,0,0,20,2,48628,20,0,0,0,62094,71796493936,441630031645
2022-09-02,Z302AKE1,0,56755840,14,0,613432047,62467,14,0,0,0,0,0,20,2,48628,20,0,0,0,62117,71823276912,441911439671
2022-09-03,Z302AKE1,0,33099872,14,0,616291188,62490,14,0,0,0,0,0,20,2,48628,20,0,0,0,62141,71853962080,442224207840
2022-09-04,Z302AKE1,0,100784216,14,0,618849198,62514,14,0,0,0,0,0,20,2,48628,20,0,0,0,62165,71888711528,442491114974
2022-09-05,Z302AKE1,0,124510216,14,0,621496869,62538,14,0,0,0,0,0,20,2,48628,20,0,0,0,62189,71912203504,442746856705
2022-09-06,Z302AKE1,0,180600848,14,0,623254693,62562,14,0,0,0,0,0,20,2,48628,20,0,0,0,62213,71935780520,443042928536
2022-09-07,Z302AKE1,0,10131912,14,0,624573225,62586,14,0,0,0,0,0,20,2,48628,20,0,0,0,62237,71956858536,443323286415
2022-09-08,Z302AKE1,0,2018232,14,0,626778458,62621,14,0,0,0,0,0,20,2,48628,20,0,0,0,62272,71995391672,443679064314
2022-09-09,Z302AKE1,0,237466320,14,0,629229724,62645,14,0,0,0,0,0,20,2,48628,20,0,0,0,62296,72027168808,443902063810
2022-09-10,Z302AKE1,0,90958792,14,0,630367727,62669,14,0,0,0,0,0,21,2,48628,21,0,0,0,62320,72049918200,444128109772
2022-09-11,Z302AKE1,0,40020808,14,0,632452386,62693,14,0,0,0,0,0,20,2,48628,20,0,0,0,62344,72076621176,444275005569
2022-09-12,Z302AKE1,0,231422416,14,0,633719961,62717,14,0,0,0,0,0,20,2,48628,20,0,0,0,62368,72104781920,444543594721
2022-09-13,Z302AKE1,0,220136032,14,0,635073102,62741,14,0,0,0,0,0,20,2,48628,20,0,0,0,62391,72131441256,444816684210
2022-09-14,Z302AKE1,0,41703152,14,0,636187978,62764,14,0,0,0,0,0,20,2,48628,20,0,0,0,62415,72158975736,445014861642
2022-09-15,Z302AKE1,0,109180568,14,0,637550239,62788,14,0,0,0,0,0,20,2,48628,20,0,0,0,62439,72190264312,445226026937
2022-09-16,Z302AKE1,0,62302136,14,0,639764463,62812,14,0,0,0,0,0,20,2,48628,20,0,0,0,62463,72215145472,445464730354
2022-09-17,Z302AKE1,0,50890424,14,0,640921614,62836,14,0,0,0,0,0,20,2,48628,20,0,0,0,62487,72244232584,445622742217
2022-09-18,Z302AKE1,0,177135592,14,0,642707112,62860,14,0,0,0,0,0,20,2,48628,20,0,0,0,62511,72272479776,445744407639
2022-09-19,Z302AKE1,0,92041176,14,0,645718918,62884,14,0,0,0,0,0,20,2,48628,20,0,0,0,62535,72305613920,445887604768
2022-09-20,Z302AKE1,0,185045616,14,0,646908891,62908,14,0,0,0,0,0,20,2,48628,20,0,0,0,62559,72336630288,446099137056
2022-09-21,Z302AKE1,0,4581360,14,0,648160538,62932,14,0,0,0,0,0,20,2,48628,20,0,0,0,62582,72368067104,446297287760
2022-09-22,Z302AKE1,0,205833728,14,0,649523558,62956,14,0,0,0,0,0,20,2,48628,20,0,0,0,62606,72394937056,446487763954
2022-09-23,Z302AKE1,0,131281160,14,0,651889495,62979,14,0,0,0,0,0,20,2,48628,20,0,0,0,62630,72421129400,446720314119
2022-09-24,Z302AKE1,0,145019208,14,0,652999967,63003,14,0,0,0,0,0,20,2,48628,20,0,0,0,62654,72441388752,446939828596
2022-09-25,Z302AKE1,0,41141512,14,0,654820977,63027,14,0,0,0,0,0,20,2,48628,20,0,0,0,62678,72455028072,447059813875
2022-09-26,Z302AKE1,0,221872344,14,0,655808007,63051,14,0,0,0,0,0,20,2,48628,20,0,0,0,62702,72474045352,447243335135
2022-09-27,Z302AKE1,0,100841488,14,0,656762050,63075,14,0,0,0,0,0,20,2,48628,20,0,0,0,62726,72485487888,447424759874
2022-09-28,Z302AKE1,0,129761720,14,0,657657935,63099,14,0,0,0,0,0,20,2,48628,20,0,0,0,62749,72500575200,447568981900
2022-09-29,Z302AKE1,0,43516832,14,0,658671075,63122,14,0,0,0,0,0,20,2,48628,20,0,0,0,62773,72509592768,447717909018
2022-09-30,Z302AKE1,0,35503976,14,0,660829943,63146,14,0,0,0,0,0,20,2,48628,20,0,0,0,62797,72518789608,447915573452
2022-10-01,Z302AKE1,0,205251072,14,0,661877109,63170,14,0,0,0,0,0,20,2,48628,20,0,0,0,62821,72531812320,448107261306
2022-10-02,Z302AKE1,0,184789016,14,0,663711911,63194,14,0,0,0,0,0,20,2,48628,20,0,0,0,62845,72545619960,448249321601
2022-10-03,Z302AKE1,0,25109472,14,0,664817736,63218,14,0,0,0,0,0,20,2,48628,20,0,0,0,62869,72562315272,448441042869
2022-10-04,Z302AKE1,0,51521160,14,0,665866676,63242,14,0,0,0,0,0,20,2,48628,20,0,0,0,62893,72577350760,448636682684
2022-10-05,Z302AKE1,0,26239360,14,0,666845388,63266,14,0,0,0,0,0,20,2,48628,20,0,0,0,62917,72598820888,448814854974
2022-10-06,Z302AKE1,0,41061536,14,0,667424866,63278,14,0,0,0,0,0,21,2,48628,21,0,0,0,62929,72614966584,448925035192
2022-10-07,Z302AKE1,0,95465304,14,0,669348380,63301,14,0,0,0,0,0,20,2,48628,20,0,0,0,62952,72625684936,449122022880
2022-10-08,Z302AKE1,0,202997632,14,0,671022646,63337,14,0,0,0,0,0,20,2,48628,20,0,0,0,62988,72638939152,449435520880
2022-10-09,Z302AKE1,0,140913840,14,0,672999577,63361,14,0,0,0,0,0,20,2,48628,20,0,0,0,63012,72651570960,449592473385
2022-10-10,Z302AKE1,0,105043944,14,0,674073129,63385,14,0,0,0,0,0,20,2,48628,20,0,0,0,63036,72666990576,449806736180
2022-10-11,Z302AKE1,0,233359008,14,0,675123230,63409,14,0,0,0,0,0,20,2,48628,20,0,0,0,63060,72677553120,450016373103
2022-10-12,Z302AKE1,0,78813216,14,0,676096403,63433,14,0,0,0,0,0,21,2,48628,21,0,0,0,63084,72688087784,450204333289
2022-10-13,Z302AKE1,0,200123688,14,0,677126826,63457,14,0,0,0,0,0,20,2,48628,20,0,0,0,63108,72699118392,450387653769
2022-10-14,Z302AKE1,0,123540904,14,0,679543345,63481,14,0,0,0,0,0,20,2,48628,20,0,0,0,63132,72710774328,450618108542
2022-10-15,Z302AKE1,0,20968440,14,0,680447190,63505,14,0,0,0,0,0,20,2,48628,20,0,0,0,63156,72720945976,450780852823
2022-10-16,Z302AKE1,0,125153176,14,0,681967259,63529,14,0,0,0,0,0,20,2,48628,20,0,0,0,63179,72730843136,450924127670
2022-10-17,Z302AKE1,0,194961448,14,0,684740481,63553,14,0,0,0,0,0,20,2,48628,20,0,0,0,63203,72740556376,451144221094
2022-10-18,Z302AKE1,0,81552712,14,0,686461749,63576,14,0,0,0,0,0,20,2,48628,20,0,0,0,63227,72750646624,451483705568
2022-10-19,Z302AKE1,0,62062560,14,0,688867761,63600,14,0,0,0,0,0,20,2,48628,20,0,0,0,63251,72768131048,451778420747
2022-10-20,Z302AKE1,0,173634928,14,0,690737114,63624,14,0,0,0,0,0,20,2,48628,20,0,0,0,63275,72779863032,452058770353
2022-10-21,Z302AKE1,0,167969184,14,0,693526787,63648,14,0,0,0,0,0,20,2,48628,20,0,0,0,63299,72792072528,452361736953
2022-10-22,Z302AKE1,0,137882264,14,0,696442987,63672,14,0,0,0,0,0,20,2,48628,20,0,0,0,63323,72803658040,452708262104
2022-10-23,Z302AKE1,0,182989600,14,0,698704259,63696,14,0,0,0,0,0,20,2,48628,20,0,0,0,63347,72816063392,452898153414
2022-10-24,Z302AKE1,0,148383960,14,0,700389737,63720,14,0,0,0,0,0,21,2,48628,21,0,0,0,63371,72828121648,453139729351
2022-10-25,Z302AKE1,0,134749512,14,0,701663971,63744,14,0,0,0,0,0,21,2,48628,21,0,0,0,63394,72841773664,453434685900
2022-10-26,Z302AKE1,0,92501072,14,0,702923263,63767,14,0,0,0,0,0,21,2,48628,21,0,0,0,63418,72852864728,453694985665
2022-10-27,Z302AKE1,0,65490960,14,0,703942921,63791,14,0,0,0,0,0,20,2,48628,20,0,0,0,63442,72868511832,453921899781
2022-10-28,Z302AKE1,0,70037992,14,0,706326829,63815,14,0,0,0,0,0,21,2,48628,21,0,0,0,63466,72881202632,454211591699
2022-10-29,Z302AKE1,0,210808704,14,0,707524419,63839,14,0,0,0,0,0,21,2,48628,21,0,0,0,63490,72893029112,454478329699
2022-10-30,Z302AKE1,0,198923648,14,0,709115912,63863,14,0,0,0,0,0,21,2,48628,21,0,0,0,63514,72908308336,454641070582
2022-10-31,Z302AKE1,0,41513504,14,0,710247687,63887,14,0,0,0,0,0,21,2,48628,21,0,0,0,63538,72919235128,454761920096
2022-11-01,Z302AKE1,0,162878608,14,0,711290871,63911,14,0,0,0,0,0,21,2,48628,21,0,0,0,63562,72930106384,455034918302
2022-11-02,Z302AKE1,0,153823992,14,0,712150886,63935,14,0,0,0,0,0,20,2,48628,20,0,0,0,63586,72944583952,455205981092
2022-11-03,Z302AKE1,0,172931448,14,0,712857289,63959,14,0,0,0,0,0,20,2,48628,20,0,0,0,63610,72957748728,455300963901
2022-11-04,Z302AKE1,0,13582240,14,0,714784005,63983,14,0,0,0,0,0,20,2,48628,20,0,0,0,63633,72971680752,455397386036
2022-11-05,Z302AKE1,0,14595256,14,0,715650125,64006,14,0,0,0,0,0,20,2,48628,20,0,0,0,63657,72986300264,455559882079
2022-11-06,Z302AKE1,0,46080072,14,0,717103506,64030,14,0,0,0,0,0,20,2,48628,20,0,0,0,63681,73009247008,455696895880
2022-11-07,Z302AKE1,0,140686624,14,0,718608908,64054,14,0,0,0,0,0,20,2,48628,20,0,0,0,63705,73037138656,455820443098
2022-11-08,Z302AKE1,0,79149280,14,0,719716277,64078,14,0,0,0,0,0,20,2,48628,20,0,0,0,63729,73055303888,456025713070
2022-11-09,Z302AKE1,0,132916144,14,0,720688004,64102,14,0,0,0,0,0,21,2,48628,21,0,0,0,63752,73075921840,456204221845
2022-11-10,Z302AKE1,0,100866568,14,0,721698930,64125,14,0,0,0,0,0,21,2,48628,21,0,0,0,63776,73097273560,456374938462
2022-11-11,Z302AKE1,0,128279280,14,0,723660728,64149,14,0,0,0,0,0,20,2,48628,20,0,0,0,63800,73108117056,456606859278
2022-11-12,Z302AKE1,0,197766192,14,0,724983330,64173,14,0,0,0,0,0,21,2,48628,21,0,0,0,63824,73122586432,456799579348
2022-11-13,Z302AKE1,0,138436696,14,0,726244442,64197,14,0,0,0,0,0,20,2,48628,20,0,0,0,63848,73139886144,456921845245
2022-11-14,Z302AKE1,0,127075464,14,0,728316835,64221,14,0,0,0,0,0,20,2,48628,20,0,0,0,63872,73153357928,457044793180
2022-11-15,Z302AKE1,0,127739104,14,0,729983230,64245,14,0,0,0,0,0,20,2,48628,20,0,0,0,63895,73167583992,457207320807
2022-11-16,Z302AKE1,0,7443288,14,0,730792428,64268,14,0,0,0,0,0,22,2,48628,22,0,0,0,63919,73186727968,457331188269
2022-11-17,Z302AKE1,0,63732512,14,0,732798297,64292,14,0,0,0,0,0,22,2,48628,22,0,0,0,63943,73202135920,457418413764
2022-11-18,Z302AKE1,0,175427216,14,0,734942215,64316,14,0,0,0,0,0,20,2,48628,20,0,0,0,63967,73204584600,457506342168
2022-11-19,Z302AKE1,0,13255880,14,0,737069778,64340,14,0,0,0,0,0,20,2,48628,20,0,0,0,63990,73206538080,457596699414
2022-11-20,Z302AKE1,0,87948232,14,0,738314695,64363,14,0,0,0,0,0,20,2,48628,20,0,0,0,64014,73208646368,457737265076
2022-11-21,Z302AKE1,0,179399264,14,0,739529322,64387,14,0,0,0,0,0,20,2,48628,20,0,0,0,64038,73210889440,457848621222
2022-11-22,Z302AKE1,0,107412264,14,0,740384387,64411,14,0,0,0,0,0,20,2,48628,20,0,0,0,64062,73213175776,458058719811
2022-11-23,Z302AKE1,0,74162872,14,0,741259617,64435,14,0,0,0,0,0,21,2,48628,21,0,0,0,64086,73216119224,458263534584
2022-11-24,Z302AKE1,0,199990160,14,0,742059390,64459,14,0,0,0,0,0,20,2,48628,20,0,0,0,64110,73218094992,458444187535
2022-11-25,Z302AKE1,0,197464632,14,0,744055295,64483,14,0,0,0,0,0,20,2,48628,20,0,0,0,64134,73220666360,458645367604
2022-11-26,Z302AKE1,0,175997784,14,0,744943685,64507,14,0,0,0,0,0,20,2,48628,20,0,0,0,64157,73223519728,458851381936
2022-11-27,Z302AKE1,0,237174248,14,0,746195521,64530,14,0,0,0,0,0,20,2,48628,20,0,0,0,64181,73225758248,459011481200
2022-11-28,Z302AKE1,0,180200288,14,0,747438508,64554,14,0,0,0,0,0,20,2,48628,20,0,0,0,64205,73228082944,459173437466
2022-11-29,Z302AKE1,0,162147616,14,0,748338867,64578,14,0,0,0,0,0,20,2,48628,20,0,0,0,64229,73230219072,459397100129
2022-11-30,Z302AKE1,0,203700448,14,0,749199627,64602,14,0,0,0,0,0,21,2,48628,21,0,0,0,64253,73232166728,459601879135
2022-12-01,Z302AKE1,0,217960624,14,0,750141287,64626,14,0,0,0,0,0,22,2,48628,22,0,0,0,64277,73248253368,459800993628
2022-12-02,Z302AKE1,0,240341232,14,0,752016212,64650,14,0,0,0,0,0,21,2,48628,21,0,0,0,64301,73263670552,460020559343
2022-12-03,Z302AKE1,0,73757832,14,0,753510144,64673,14,0,0,0,0,0,20,2,48628,20,0,0,0,64324,73283326096,460204820133
2022-12-04,Z302AKE1,0,61740632,14,0,754757081,64697,14,0,0,0,0,0,20,2,48628,20,0,0,0,64348,73307126176,460330004740
2022-12-05,Z302AKE1,0,214006960,14,0,756254781,64721,14,0,0,0,0,0,21,2,48628,21,0,0,0,64372,73323722512,460462521575
2022-12-06,Z302AKE1,0,51541480,14,0,757304547,64745,14,0,0,0,0,0,20,2,48628,20,0,0,0,64396,73336272816,460689310061
2022-12-07,Z302AKE1,0,209558208,14,0,758953823,64769,14,0,0,0,0,0,20,2,48628,20,0,0,0,64420,73361235048,461032787168
2022-12-08,Z302AKE1,0,25044952,14,0,761254353,64793,14,0,0,0,0,0,20,2,48628,20,0,0,0,64444,73364312376,461370779797
2022-12-09,Z302AKE1,0,241126048,14,0,763776741,64817,14,0,0,0,0,0,20,2,48628,20,0,0,0,64468,73364829008,461664967399
2022-12-11,Z302AKE1,0,100430184,14,0,768180404,64865,14,0,0,0,0,0,20,2,48628,20,0,0,0,64516,73366164760,462245205706
2022-12-11,Z302AKE1,0,100430184,14,0,768180404,64865,14,0,0,0,0,0,20,2,48628,20,0,0,0,64516,73366164760,462245205706
2022-12-12,Z302AKE1,0,204225616,14,0,771130218,64889,14,0,0,0,0,0,20,2,48628,20,0,0,0,64540,73366705784,462404672463
2022-12-13,Z302AKE1,0,189991136,14,0,772600199,64913,14,0,0,0,0,0,20,2,48628,20,0,0,0,64564,73367580288,462694499840
2022-12-14,Z302AKE1,0,63500072,14,0,773638749,64938,14,0,0,0,0,0,20,2,48628,20,0,0,0,64588,73368658224,462992191139
2022-12-15,Z302AKE1,0,181109976,14,0,774385332,64962,14,0,0,0,0,0,20,2,48628,20,0,0,0,64612,73369078568,463185884899
2022-12-16,Z302AKE1,0,182029592,14,0,776272318,64986,14,0,0,0,0,0,20,2,48628,20,0,0,0,64636,73369540048,463446469971
2022-12-17,Z302AKE1,0,202218080,14,0,777485503,65009,14,0,0,0,0,0,20,2,48628,20,0,0,0,64660,73369974768,463637159819
2022-12-18,Z302AKE1,0,196473592,14,0,778634424,65033,14,0,0,0,0,0,20,2,48628,20,0,0,0,64684,73370353736,463844818045
2022-12-19,Z302AKE1,0,158084208,14,0,779849136,65057,14,0,0,0,0,0,20,2,48628,20,0,0,0,64708,73370733952,464023655768
2022-12-20,Z302AKE1,0,179508424,14,0,780812522,65081,14,0,0,0,0,0,20,2,48628,20,0,0,0,64732,73371196608,464224578842
2022-12-21,Z302AKE1,0,124628560,14,0,781898234,65117,14,0,0,0,0,0,21,2,48628,21,0,0,0,64767,73371880496,464577471170
2022-12-22,Z302AKE1,0,162703536,14,0,782763782,65141,14,0,0,0,0,0,21,2,48628,21,0,0,0,64792,73372330928,464737283427
2022-12-23,Z302AKE1,0,155116632,14,0,784674906,65165,14,0,0,0,0,0,21,2,48628,21,0,0,0,64816,73372788880,464962091856
2022-12-24,Z302AKE1,0,10065584,14,0,785353182,65189,14,0,0,0,0,0,21,2,48628,21,0,0,0,64840,73373238944,465163451106
2022-12-25,Z302AKE1,0,180574896,14,0,786644609,65213,14,0,0,0,0,0,21,2,48628,21,0,0,0,64864,73373473320,465267009336
2022-12-26,Z302AKE1,0,206815984,14,0,787630270,65237,14,0,0,0,0,0,21,2,48628,21,0,0,0,64888,73373835864,465430282149
2022-12-27,Z302AKE1,0,138618592,14,0,788452262,65261,14,0,0,0,0,0,20,2,48628,20,0,0,0,64912,73374280328,465650495895
2022-12-28,Z302AKE1,0,232162176,14,0,789158286,65286,14,0,0,0,0,0,20,2,48628,20,0,0,0,64937,73374733304,465841709995
2022-12-29,Z302AKE1,0,139621520,14,0,790246921,65310,14,0,0,0,0,0,20,2,48628,20,0,0,0,64960,73375177120,466030053559
2022-12-30,Z302AKE1,0,54116288,14,0,791957808,65333,14,0,0,0,0,0,20,2,48628,20,0,0,0,64984,73375620328,466226122073
2022-12-31,Z302AKE1,0,140117400,14,0,792559672,65357,14,0,0,0,0,0,20,2,48628,20,0,0,0,65008,73376066360,466350238569
