2022-01-01,Z304JSZP,0,173840456,5,0,207282722,53617,5,0,0,0,0,0,22,0,11456,22,0,0,0,53447,63968337168,315234042267
2022-01-02,Z304JSZP,0,163778368,5,0,208999738,53641,5,0,0,0,0,0,22,0,11456,22,0,0,0,53470,63984960200,315533765269
2022-01-03,Z304JSZP,0,78371624,5,0,211182369,53665,5,0,0,0,0,0,23,0,11456,23,0,0,0,53494,64000992088,315788024326
2022-01-04,Z304JSZP,0,61104136,5,0,213962470,53689,5,0,0,0,0,0,22,0,11456,22,0,0,0,53518,64011947416,316144075734
2022-01-05,Z304JSZP,0,105106576,5,0,216386754,53725,5,0,0,0,0,0,22,0,11456,22,0,0,0,53554,64031190120,316395420143
2022-01-06,Z304JSZP,0,186336632,5,0,218011410,53749,5,0,0,0,0,0,22,0,11456,22,0,0,0,53578,64044278560,316530051674
2022-01-07,Z304JSZP,0,87126976,5,0,219379913,53773,5,0,0,0,0,0,21,0,11456,21,0,0,0,53602,64052216512,316782866898
2022-01-08,Z304JSZP,0,184283936,5,0,220987454,53796,5,0,0,0,0,0,22,0,11456,22,0,0,0,53626,64061639416,317090995929
2022-01-09,Z304JSZP,0,48753200,5,0,223147379,53820,5,0,0,0,0,0,22,0,11456,22,0,0,0,53650,64072206664,317379976591
2022-01-10,Z304JSZP,0,114494360,5,0,226181274,53844,5,0,0,0,0,0,22,0,11456,22,0,0,0,53674,64084234136,317647429244
2022-01-11,Z304JSZP,0,59015688,5,0,228759888,53868,5,0,0,0,0,0,22,0,11456,22,0,0,0,53697,64094759792,317936665799
2022-01-12,Z304JSZP,0,243353952,5,0,230005264,53892,5,0,0,0,0,0,22,0,11458,22,0,0,0,53721,64106738464,318043849573
2022-01-13,Z304JSZP,0,183645888,5,0,231562377,53916,5,0,0,0,0,0,22,0,11458,22,0,0,0,53745,64117818984,318276748851
2022-01-14,Z304JSZP,0,54958576,5,0,232703115,53939,5,0,0,0,0,0,22,0,11458,22,0,0,0,53769,64135700840,318463310303
2022-01-15,Z304JSZP,0,190345944,5,0,234029247,53963,5,0,0,0,0,0,22,0,11458,22,0,0,0,53792,64145192904,318690696091
2022-01-16,Z304JSZP,0,70305408,5,0,235425777,53987,5,0,0,0,0,0,21,0,11458,21,0,0,0,53816,64158842328,318913853307
2022-01-17,Z304JSZP,0,75127816,5,0,238188868,54011,5,0,0,0,0,0,22,0,11458,22,0,0,0,53840,64166052240,319194902407
2022-01-18,Z304JSZP,0,78311392,5,0,240252066,54035,5,0,0,0,0,0,22,0,11458,22,0,0,0,53864,64209552152,319460006018
2022-01-19,Z304JSZP,0,239570048,5,0,241744883,54058,5,0,0,0,0,0,21,0,11458,21,0,0,0,53888,64220081856,319594717538
2022-01-20,Z304JSZP,0,152198024,5,0,243304532,54082,5,0,0,0,0,0,22,0,11458,22,0,0,0,53912,64232299992,319666347742
2022-01-21,Z304JSZP,0,138955688,5,0,245085584,54106,5,0,0,0,0,0,22,0,11459,22,0,0,0,53936,64248493056,319917332293
2022-01-22,Z304JSZP,0,230257512,5,0,246937392,54130,5,0,0,0,0,0,22,0,11459,22,0,0,0,53959,64265857640,320147788838
2022-01-23,Z304JSZP,0,53976592,5,0,248275901,54154,5,0,0,0,0,0,22,0,11459,22,0,0,0,53983,64277644648,320435731118
2022-01-24,Z304JSZP,0,129868208,5,0,250611544,54178,5,0,0,0,0,0,22,0,11459,22,0,0,0,54007,64294398296,320759900931
2022-01-25,Z304JSZP,0,101414512,5,0,253113099,54202,5,0,0,0,0,0,22,0,11459,22,0,0,0,54031,64306498048,321091548951
2022-01-26,Z304JSZP,0,216359784,5,0,254993192,54226,5,0,0,0,0,0,22,0,11460,22,0,0,0,54055,64321960896,321304458929
2022-01-27,Z304JSZP,0,208968000,5,0,256867795,54249,5,0,0,0,0,0,22,0,11460,22,0,0,0,54079,64339931376,321586942839
2022-01-28,Z304JSZP,0,144913360,5,0,257873171,54273,5,0,0,0,0,0,22,0,11460,22,0,0,0,54103,64354312448,321708398333
2022-01-29,Z304JSZP,0,169190280,5,0,259422910,54297,5,0,0,0,0,0,22,0,11460,22,0,0,0,54126,64371664264,321914241600
2022-01-30,Z304JSZP,0,11534408,5,0,261079862,54321,5,0,0,0,0,0,22,0,11460,22,0,0,0,54150,64387604624,322132843873
2022-01-31,Z304JSZP,0,216549576,5,0,263417545,54345,5,0,0,0,0,0,22,0,11460,22,0,0,0,54174,64404543640,322284398545
2022-02-01,Z304JSZP,0,41410248,5,0,265314125,54368,5,0,0,0,0,0,20,0,11460,20,0,0,0,54198,64417838496,322455750527
2022-02-02,Z304JSZP,0,110346736,5,0,266685114,54392,5,0,0,0,0,0,20,0,11461,20,0,0,0,54222,64434993552,322577217162
2022-02-03,Z304JSZP,0,176503512,5,0,268280991,54416,5,0,0,0,0,0,20,0,11461,20,0,0,0,54245,64452592752,322806271233
2022-02-04,Z304JSZP,0,118511472,5,0,269555378,54440,5,0,0,0,0,0,20,0,11461,20,0,0,0,54269,64472502160,322939593392
2022-02-05,Z304JSZP,0,114002216,5,0,271061763,54464,5,0,0,0,0,0,20,0,11461,20,0,0,0,54293,64489179960,323103247991
2022-02-06,Z304JSZP,0,222005440,5,0,272462822,54488,5,0,0,0,0,0,20,0,11461,20,0,0,0,54317,64503804936,323253033090
2022-02-07,Z304JSZP,0,62047968,5,0,274760061,54512,5,0,0,0,0,0,20,0,11461,20,0,0,0,54341,64518331872,323414189369
2022-02-08,Z304JSZP,0,71241088,5,0,276505497,54535,5,0,0,0,0,0,20,0,11461,20,0,0,0,54365,64533351112,323610903238
2022-02-09,Z304JSZP,0,222533840,5,0,278013443,54559,5,0,0,0,0,0,20,0,11461,20,0,0,0,54389,64551239000,323768922718
2022-02-10,Z304JSZP,0,210530360,5,0,279702288,54583,5,0,0,0,0,0,20,0,11462,20,0,0,0,54412,64576916120,324017175976
2022-02-11,Z304JSZP,0,76331656,5,0,281407011,54607,5,0,0,0,0,0,20,0,11462,20,0,0,0,54436,64599096400,324231524299
2022-02-12,Z304JSZP,0,173442816,5,0,282945406,54631,5,0,0,0,0,0,20,0,11462,20,0,0,0,54460,64619259592,324440481104
2022-02-13,Z304JSZP,0,174947464,5,0,284549237,54655,5,0,0,0,0,0,20,0,11462,20,0,0,0,54484,64640749040,324703081729
2022-02-14,Z304JSZP,0,178279016,5,0,287588788,54678,5,0,0,0,0,0,20,0,11462,20,0,0,0,54508,64654858664,324990018225
2022-02-15,Z304JSZP,0,172687440,5,0,291244398,54702,5,0,0,0,0,0,20,0,11462,20,0,0,0,54532,64673851304,325270060521
2022-02-16,Z304JSZP,0,233246152,5,0,292917116,54726,5,0,0,0,0,0,20,0,11462,20,0,0,0,54555,64692214752,325385405484
2022-02-17,Z304JSZP,0,77652608,5,0,294416907,54750,5,0,0,0,0,0,20,0,11462,20,0,0,0,54579,64710286976,325442218507
2022-02-18,Z304JSZP,0,144377592,5,0,295645239,54774,5,0,0,0,0,0,20,0,11463,20,0,0,0,54603,64718287712,325663324275
2022-02-19,Z304JSZP,0,94452696,5,0,297084749,54797,5,0,0,0,0,0,20,0,11463,20,0,0,0,54627,64722645632,325993159660
2022-02-20,Z304JSZP,0,192703416,5,0,298628273,54821,5,0,0,0,0,0,20,0,11463,20,0,0,0,54651,64725773504,326269826976
2022-02-21,Z304JSZP,0,196792104,5,0,301212955,54845,5,0,0,0,0,0,20,0,11463,20,0,0,0,54674,64728446200,326567129164
2022-02-22,Z304JSZP,0,126744504,5,0,303143198,54869,5,0,0,0,0,0,20,0,11464,20,0,0,0,54698,64731996400,326885158430
2022-02-23,Z304JSZP,0,197247920,5,0,304478356,54893,5,0,0,0,0,0,20,0,11465,20,0,0,0,54722,64736226144,327050772729
2022-02-24,Z304JSZP,0,56941640,5,0,306048020,54917,5,0,0,0,0,0,20,0,11465,20,0,0,0,54746,64740209568,327126234155
2022-02-25,Z304JSZP,0,40778864,5,0,307676303,54940,5,0,0,0,0,0,20,0,11465,20,0,0,0,54770,64744938496,327438716887
2022-02-26,Z304JSZP,0,111892832,5,0,309118568,54964,5,0,0,0,0,0,20,0,11466,20,0,0,0,54794,64752232040,327732636440
2022-02-27,Z304JSZP,0,81230592,5,0,310364912,54988,5,0,0,0,0,0,20,0,11466,20,0,0,0,54818,64756315160,327989126461
2022-02-28,Z304JSZP,0,19488712,5,0,312775468,55012,5,0,0,0,0,0,20,0,11466,20,0,0,0,54841,64763498728,328291372108
2022-03-01,Z304JSZP,0,236295120,5,0,314566718,55036,5,0,0,0,0,0,20,0,11466,20,0,0,0,54865,64767897720,328519834087
2022-03-02,Z304JSZP,0,185237680,5,0,316075317,55060,5,0,0,0,0,0,20,0,11466,20,0,0,0,54889,64772863144,328725213807
2022-03-03,Z304JSZP,0,114164072,5,0,317713808,55084,5,0,0,0,0,0,20,0,11466,20,0,0,0,54913,64779316592,328798574365
2022-03-04,Z304JSZP,0,172112296,5,0,319823594,55119,5,0,0,0,0,0,20,0,11467,20,0,0,0,54948,64788060000,329160921411
2022-03-05,Z304JSZP,0,8056104,5,0,321183359,55143,5,0,0,0,0,0,20,0,11467,20,0,0,0,54972,64796376800,329391466172
2022-03-06,Z304JSZP,0,123102048,5,0,323162168,55167,5,0,0,0,0,0,20,0,11467,20,0,0,0,54996,64804640288,329649390636
2022-03-07,Z304JSZP,0,57448328,5,0,326019670,55191,5,0,0,0,0,0,20,0,11467,20,0,0,0,55020,64813530616,329921454855
2022-03-08,Z304JSZP,0,125224,5,0,327648712,55215,5,0,0,0,0,0,20,0,11467,20,0,0,0,55044,64820658960,330154078673
2022-03-09,Z304JSZP,0,108514448,5,0,328990829,55238,5,0,0,0,0,0,20,0,11467,20,0,0,0,55068,64827101016,330255217471
2022-03-10,Z304JSZP,0,126607256,5,0,330451833,55262,5,0,0,0,0,0,20,0,11467,20,0,0,0,55092,64835936368,330374064801
2022-03-11,Z304JSZP,0,101530080,5,0,331524368,55286,5,0,0,0,0,0,20,0,11467,20,0,0,0,55115,64842699384,330691145546
2022-03-12,Z304JSZP,0,109414880,5,0,333225946,55310,5,0,0,0,0,0,20,0,11467,20,0,0,0,55139,64854333720,331016475594
2022-03-13,Z304JSZP,0,219949544,5,0,335762381,55334,5,0,0,0,0,0,20,0,11467,20,0,0,0,55163,64864234864,331358976554
2022-03-14,Z304JSZP,0,201229864,5,0,338285564,55358,5,0,0,0,0,0,20,0,11467,20,0,0,0,55187,64875985792,331536225177
2022-03-15,Z304JSZP,0,34046752,5,0,340111435,55381,5,0,0,0,0,0,20,0,11467,20,0,0,0,55211,64885336312,331744655996
2022-03-16,Z304JSZP,0,191282544,5,0,341666296,55405,5,0,0,0,0,0,20,0,11467,20,0,0,0,55235,64896511928,331837699923
2022-03-17,Z304JSZP,0,122132728,5,0,343020513,55429,5,0,0,0,0,0,20,0,11469,20,0,0,0,55258,64907168176,331920328803
2022-03-18,Z304JSZP,0,237632440,5,0,344652247,55453,5,0,0,0,0,0,20,0,11469,20,0,0,0,55282,64918472680,332127717134
2022-03-19,Z304JSZP,0,72891896,5,0,345766336,55477,5,0,0,0,0,0,20,0,11469,20,0,0,0,55306,64929132712,332252961235
2022-03-20,Z304JSZP,0,227270632,5,0,347413030,55501,5,0,0,0,0,0,20,0,11469,20,0,0,0,55330,64939617960,332452980560
2022-03-21,Z304JSZP,0,16458064,5,0,350523296,55525,5,0,0,0,0,0,20,0,11469,20,0,0,0,55354,64950755160,332666924338
2022-03-22,Z304JSZP,0,149747384,5,0,353930381,55549,5,0,0,0,0,0,20,0,11469,20,0,0,0,55378,64959705480,332828131675
2022-03-23,Z304JSZP,0,54551536,5,0,355160924,55573,5,0,0,0,0,0,20,0,11470,20,0,0,0,55402,64970867512,332962363499
2022-03-24,Z304JSZP,0,183849800,5,0,356638100,55596,5,0,0,0,0,0,20,0,11470,20,0,0,0,55426,64980859536,333080620125
2022-03-25,Z304JSZP,0,130628376,5,0,357762605,55620,5,0,0,0,0,0,20,0,11470,20,0,0,0,55450,64990617680,333233921352
2022-03-26,Z304JSZP,0,47758992,5,0,358854516,55644,5,0,0,0,0,0,20,0,11470,20,0,0,0,55474,65004687944,333380499119
2022-03-27,Z304JSZP,0,93090392,5,0,360407000,55668,5,0,0,0,0,0,20,0,11470,20,0,0,0,55498,65014675792,333602256259
2022-03-28,Z304JSZP,0,128376512,5,0,363004000,55692,5,0,0,0,0,0,20,0,11470,20,0,0,0,55521,65025119272,333834851332
2022-03-29,Z304JSZP,0,104084256,5,0,365061205,55716,5,0,0,0,0,0,20,0,11470,20,0,0,0,55545,65037887624,334046501322
2022-03-30,Z304JSZP,0,142096432,5,0,366128552,55740,5,0,0,0,0,0,20,0,11471,20,0,0,0,55569,65048081272,334172623871
2022-03-31,Z304JSZP,0,48109480,5,0,367651832,55764,5,0,0,0,0,0,20,0,11471,20,0,0,0,55593,65059229480,334405867778
2022-04-01,Z304JSZP,0,117763360,5,0,369312351,55788,5,0,0,0,0,0,20,0,11471,20,0,0,0,55617,65067524968,334703571568
2022-04-02,Z304JSZP,0,22681008,5,0,370927082,55811,5,0,0,0,0,0,20,0,11471,20,0,0,0,55640,65076324048,334951648671
2022-04-03,Z304JSZP,0,70904472,5,0,372157427,55835,5,0,0,0,0,0,21,0,11471,21,0,0,0,55664,65084240456,335199904468
2022-04-04,Z304JSZP,0,104014376,5,0,374887906,55859,5,0,0,0,0,0,20,0,11471,20,0,0,0,55688,65091496448,335547603171
2022-04-05,Z304JSZP,0,12231472,5,0,377186541,55883,5,0,0,0,0,0,20,0,11471,20,0,0,0,55712,65098867376,335824960642
2022-04-06,Z304JSZP,0,32903024,5,0,378459051,55906,5,0,0,0,0,0,20,0,11473,20,0,0,0,55736,65106843560,335981216571
2022-04-07,Z304JSZP,0,233196776,5,0,380410075,55930,5,0,0,0,0,0,20,0,11473,20,0,0,0,55760,65134368752,336323391947
2022-04-08,Z304JSZP,0,79388232,5,0,381767266,55954,5,0,0,0,0,0,20,0,11473,20,0,0,0,55783,65143168560,336533418447
2022-04-09,Z304JSZP,0,13149112,5,0,383436303,55978,5,0,0,0,0,0,20,0,11473,20,0,0,0,55807,65152825704,336841211394
2022-04-10,Z304JSZP,0,4252248,5,0,384939293,56002,5,0,0,0,0,0,20,0,11473,20,0,0,0,55831,65160447384,337132278281
2022-04-11,Z304JSZP,0,194022176,5,0,387530733,56026,5,0,0,0,0,0,22,0,11473,22,0,0,0,55855,65170648704,337410731996
2022-04-12,Z304JSZP,0,145370192,5,0,389342608,56050,5,0,0,0,0,0,22,0,11473,22,0,0,0,55879,65178288888,337685774750
2022-04-13,Z304JSZP,0,184754472,5,0,390577402,56073,5,0,0,0,0,0,22,0,11475,22,0,0,0,55903,65185320688,337835378678
2022-04-14,Z304JSZP,0,135309736,5,0,391949046,56097,5,0,0,0,0,0,22,0,11475,22,0,0,0,55927,65195714616,338072761082
2022-04-15,Z304JSZP,0,166986752,5,0,393360388,56121,5,0,0,0,0,0,22,0,11475,22,0,0,0,55951,65202892184,338315309216
2022-04-16,Z304JSZP,0,201352040,5,0,394781685,56145,5,0,0,0,0,0,22,0,11475,22,0,0,0,55974,65213613152,338557179891
2022-04-17,Z304JSZP,0,71853336,5,0,396521559,56169,5,0,0,0,0,0,22,0,11475,22,0,0,0,55998,65221879160,338801678269
2022-04-18,Z304JSZP,0,70705832,5,0,399236739,56193,5,0,0,0,0,0,22,0,11475,22,0,0,0,56022,65231791728,339054736904
2022-04-19,Z304JSZP,0,231848536,5,0,401170236,56217,5,0,0,0,0,0,22,0,11475,22,0,0,0,56046,65241802616,339297966631
2022-04-20,Z304JSZP,0,243318496,5,0,402469612,56241,5,0,0,0,0,0,24,0,11476,24,0,0,0,56070,65249085320,339447959067
2022-04-21,Z304JSZP,0,24614632,5,0,403538253,56264,5,0,0,0,0,0,24,0,11476,24,0,0,0,56094,65255890264,339685629546
2022-04-22,Z304JSZP,0,8899960,5,0,404532238,56288,5,0,0,0,0,0,24,0,11476,24,0,0,0,56117,65264716336,339987506238
2022-04-23,Z304JSZP,0,88006336,5,0,406688557,56312,5,0,0,0,0,0,24,0,11476,24,0,0,0,56141,65273144680,340321516603
2022-04-24,Z304JSZP,0,160972560,5,0,408609927,56336,5,0,0,0,0,0,23,0,11476,23,0,0,0,56165,65280973568,340613831961
2022-04-25,Z304JSZP,0,188975008,5,0,410662659,56360,5,0,0,0,0,0,20,0,11476,20,0,0,0,56189,65293614088,340752988064
2022-04-26,Z304JSZP,0,214303928,5,0,412908187,56384,5,0,0,0,0,0,20,0,11476,20,0,0,0,56213,65302960728,340977114024
2022-04-27,Z304JSZP,0,160569576,5,0,414365449,56408,5,0,0,0,0,0,21,0,11477,21,0,0,0,56237,65311631760,341135474235
2022-04-28,Z304JSZP,0,229113176,5,0,417597779,56431,5,0,0,0,0,0,21,0,11477,21,0,0,0,56261,65319217352,341317550065
2022-04-29,Z304JSZP,0,241984424,5,0,418735657,56455,5,0,0,0,0,0,20,0,11477,20,0,0,0,56284,65328917376,341452751977
2022-04-30,Z304JSZP,0,188353384,5,0,420053770,56479,5,0,0,0,0,0,21,0,11477,21,0,0,0,56308,65338507000,341612466039
2022-05-01,Z304JSZP,0,169301912,5,0,421574800,56503,5,0,0,0,0,0,20,0,11477,20,0,0,0,56332,65347243576,341794496819
2022-05-02,Z304JSZP,0,166261392,5,0,423807358,56527,5,0,0,0,0,0,21,0,11477,21,0,0,0,56356,65357449640,341940320921
2022-05-03,Z304JSZP,0,60568736,5,0,425810483,56551,5,0,0,0,0,0,20,0,11477,20,0,0,0,56380,65365896248,342076780705
2022-05-04,Z304JSZP,0,101891696,5,0,426963670,56575,5,0,0,0,0,0,20,0,11477,20,0,0,0,56404,65374813328,342189374389
2022-05-05,Z304JSZP,0,63900160,5,0,427882714,56599,5,0,0,0,0,0,20,0,11478,20,0,0,0,56428,65385956600,342316644678
2022-05-06,Z304JSZP,0,239690072,5,0,429050060,56623,5,0,0,0,0,0,20,0,11478,20,0,0,0,56452,65395478080,342497387854
2022-05-07,Z304JSZP,0,213033480,5,0,430455773,56647,5,0,0,0,0,0,20,0,11478,20,0,0,0,56476,65405886688,342709408092
2022-05-08,Z304JSZP,0,120276672,5,0,431994930,56671,5,0,0,0,0,0,20,0,11478,20,0,0,0,56500,65416931104,342918939235
2022-05-09,Z304JSZP,0,47335896,5,0,434358928,56695,5,0,0,0,0,0,20,0,11478,20,0,0,0,56524,65425344384,343137216949
2022-05-10,Z304JSZP,0,52271904,5,0,436815926,56718,5,0,0,0,0,0,21,0,11478,21,0,0,0,56548,65435011208,343460767180
2022-05-11,Z304JSZP,0,193701712,5,0,438387286,56742,5,0,0,0,0,0,20,0,11478,20,0,0,0,56571,65446301552,343621028021
2022-05-12,Z304JSZP,0,38970736,5,0,439911196,56766,5,0,0,0,0,0,20,0,11478,20,0,0,0,56595,65459682344,343675520176
2022-05-13,Z304JSZP,0,185139016,5,0,441482568,56790,5,0,0,0,0,0,20,0,11478,20,0,0,0,56619,65472951152,343896027143
2022-05-14,Z304JSZP,0,181168096,5,0,442708825,56814,5,0,0,0,0,0,21,0,11478,21,0,0,0,56643,65486285856,344142566936
2022-05-15,Z304JSZP,0,1537400,5,0,444445078,56838,5,0,0,0,0,0,20,0,11478,20,0,0,0,56667,65498656536,344478379757
2022-05-16,Z304JSZP,0,220151136,5,0,446711012,56862,5,0,0,0,0,0,21,0,11478,21,0,0,0,56691,65509851064,344730503795
2022-05-17,Z304JSZP,0,93865176,5,0,449359129,56886,5,0,0,0,0,0,21,0,11478,21,0,0,0,56715,65517665024,345050141452
2022-05-18,Z304JSZP,0,27431040,5,0,450935372,56910,5,0,0,0,0,0,20,0,11478,20,0,0,0,56739,65526557096,345247701961
2022-05-19,Z304JSZP,0,130120528,5,0,452175248,56933,5,0,0,0,0,0,21,0,11479,21,0,0,0,56763,65536112008,345456114438
2022-05-20,Z304JSZP,0,3205064,5,0,453621776,56957,5,0,0,0,0,0,20,0,11479,20,0,0,0,56786,65546616496,345705258588
2022-05-21,Z304JSZP,0,68431408,5,0,455097919,56981,5,0,0,0,0,0,21,0,11479,21,0,0,0,56810,65556852576,345982354770
2022-05-22,Z304JSZP,0,16013144,5,0,456483740,57005,5,0,0,0,0,0,21,0,11479,21,0,0,0,56834,65572544936,346243207951
2022-05-23,Z304JSZP,0,10255488,5,0,458678900,57029,5,0,0,0,0,0,20,0,11479,20,0,0,0,56858,65587639792,346525187267
2022-05-24,Z304JSZP,0,68890376,5,0,460829019,57053,5,0,0,0,0,0,20,0,11479,20,0,0,0,56882,65597940824,346748664617
2022-05-25,Z304JSZP,0,9407808,5,0,462320898,57077,5,0,0,0,0,0,20,0,11479,20,0,0,0,56906,65612226320,346937886171
2022-05-26,Z304JSZP,0,116115456,5,0,463671855,57100,5,0,0,0,0,0,21,0,11480,21,0,0,0,56929,65623694632,347156934614
2022-05-27,Z304JSZP,0,110282960,5,0,465224837,57124,5,0,0,0,0,0,21,0,11480,21,0,0,0,56953,65633629984,347428627742
2022-05-28,Z304JSZP,0,15644448,5,0,466975546,57148,5,0,0,0,0,0,21,0,11480,21,0,0,0,56977,65644760384,347664414665
2022-05-29,Z304JSZP,0,137721984,5,0,470011858,57172,5,0,0,0,0,0,20,0,11480,20,0,0,0,57001,65657422552,347904089994
2022-05-30,Z304JSZP,0,168381024,5,0,472237662,57196,5,0,0,0,0,0,20,0,11480,20,0,0,0,57025,65666575904,348134827495
2022-05-31,Z304JSZP,0,109298416,5,0,474290235,57220,5,0,0,0,0,0,20,0,11480,20,0,0,0,57049,65681410864,348363242136
2022-06-01,Z304JSZP,0,10610496,5,0,475540830,57244,5,0,0,0,0,0,20,0,11480,20,0,0,0,57073,65693750856,348549258655
2022-06-02,Z304JSZP,0,206798000,5,0,477048576,57268,5,0,0,0,0,0,20,0,11492,20,0,0,0,57096,65706817712,348601112533
2022-06-03,Z304JSZP,0,25141832,5,0,478266313,57291,5,0,0,0,0,0,20,0,11493,20,0,0,0,57120,65717474584,348892460542
2022-06-04,Z304JSZP,0,129982984,5,0,479906721,57315,5,0,0,0,0,0,20,0,11493,20,0,0,0,57144,65726013872,349217105876
2022-06-05,Z304JSZP,0,110409440,5,0,482204876,57339,5,0,0,0,0,0,20,0,11493,20,0,0,0,57168,65738089024,349541494897
2022-06-07,Z304JSZP,0,186432504,5,0,486663807,57387,5,0,0,0,0,0,20,0,11493,20,0,0,0,57215,65775587536,349917183203
2022-06-08,Z304JSZP,0,172975080,5,0,487905772,57411,5,0,0,0,0,0,20,0,11493,20,0,0,0,57239,65787126904,350072756176
2022-06-09,Z304JSZP,0,203797560,5,0,489336144,57435,5,0,0,0,0,0,20,0,11494,20,0,0,0,57263,65798564496,350258719683
2022-06-10,Z304JSZP,0,45472568,5,0,490418089,57459,5,0,0,0,0,0,20,0,11494,20,0,0,0,57287,65806783552,350386576011
2022-06-11,Z304JSZP,0,22512624,5,0,491765449,57482,5,0,0,0,0,0,20,0,11494,20,0,0,0,57311,65823445688,350546465773
2022-06-12,Z304JSZP,0,60022152,5,0,493367441,57506,5,0,0,0,0,0,21,0,11494,21,0,0,0,57335,65831615672,350746389374
2022-06-13,Z304JSZP,0,170892200,5,0,495411984,57530,5,0,0,0,0,0,21,0,11494,21,0,0,0,57359,65844094704,350904832047
2022-06-14,Z304JSZP,0,72480312,5,0,497959524,57554,5,0,0,0,0,0,20,0,11494,20,0,0,0,57383,65854870096,351050585262
2022-06-15,Z304JSZP,0,217917424,5,0,499099403,57578,5,0,0,0,0,0,20,0,11494,20,0,0,0,57406,65865000632,351196998348
2022-06-16,Z304JSZP,0,114756616,5,0,501438347,57614,5,0,0,0,0,0,20,0,11497,20,0,0,0,57442,65876393104,351334318577
2022-06-17,Z304JSZP,0,197514344,5,0,502451488,57637,5,0,0,0,0,0,20,0,11497,20,0,0,0,57466,65886256192,351481673976
2022-06-18,Z304JSZP,0,24334176,5,0,503890933,57661,5,0,0,0,0,0,20,0,11497,20,0,0,0,57490,65895973736,351696319410
2022-06-19,Z304JSZP,0,144150392,5,0,505488780,57685,5,0,0,0,0,0,20,0,11497,20,0,0,0,57514,65906094944,351910925928
2022-06-20,Z304JSZP,0,52020224,5,0,508060249,57709,5,0,0,0,0,0,20,0,11497,20,0,0,0,57538,65915443624,352117773170
2022-06-21,Z304JSZP,0,69510696,5,0,510082250,57733,5,0,0,0,0,0,20,0,11497,20,0,0,0,57562,65925584608,352393586161
2022-06-22,Z304JSZP,0,45973416,5,0,511649986,57757,5,0,0,0,0,0,22,0,11498,22,0,0,0,57586,65945910880,352602574240
2022-06-23,Z304JSZP,0,527744,5,0,513293321,57781,5,0,0,0,0,0,23,0,11498,23,0,0,0,57609,65957026400,352845805858
2022-06-24,Z304JSZP,0,21368832,5,0,514436405,57805,5,0,0,0,0,0,22,0,11498,22,0,0,0,57633,65971135120,353016516074
2022-06-25,Z304JSZP,0,160008072,5,0,515907523,57829,5,0,0,0,0,0,22,0,11498,22,0,0,0,57657,65981432344,353341110663
2022-06-26,Z304JSZP,0,30549896,5,0,517591899,57853,5,0,0,0,0,0,22,0,11498,22,0,0,0,57681,65989329424,353624088820
2022-06-27,Z304JSZP,0,236889880,5,0,520046914,57876,5,0,0,0,0,0,22,0,11498,22,0,0,0,57705,65997899600,353894489036
2022-06-28,Z304JSZP,0,82642648,5,0,523449520,57900,5,0,0,0,0,0,23,0,11498,23,0,0,0,57729,66010571208,354202695288
2022-06-29,Z304JSZP,0,64093936,5,0,525106878,57924,5,0,0,0,0,0,22,0,11499,22,0,0,0,57753,66020314352,354370747716
2022-06-30,Z304JSZP,0,70037024,5,0,526383520,57948,5,0,0,0,0,0,23,0,11499,23,0,0,0,57776,66029402312,354608078242
2022-07-01,Z304JSZP,0,139492672,5,0,527794256,57972,5,0,0,0,0,0,23,0,11499,23,0,0,0,57800,66037065176,354897376839
2022-07-02,Z304JSZP,0,69907568,5,0,529024268,57995,5,0,0,0,0,0,23,0,11499,23,0,0,0,57824,66043883848,355132832981
2022-07-03,Z304JSZP,0,142043912,5,0,530537869,58019,5,0,0,0,0,0,23,0,11499,23,0,0,0,57848,66056945616,355445078769
2022-07-04,Z304JSZP,0,218243216,5,0,532543529,58043,5,0,0,0,0,0,23,0,11499,23,0,0,0,57872,66069113520,355641050067
2022-07-05,Z304JSZP,0,195529032,5,0,534728049,58067,5,0,0,0,0,0,23,0,11499,23,0,0,0,57896,66080307896,355902788307
2022-07-06,Z304JSZP,0,170228456,5,0,536196023,58091,5,0,0,0,0,0,23,0,11499,23,0,0,0,57919,66090978288,356032330995
2022-07-07,Z304JSZP,0,35968640,5,0,537892585,58115,5,0,0,0,0,0,23,0,11500,23,0,0,0,57943,66102672936,356162015063
2022-07-08,Z304JSZP,0,189726072,5,0,539427936,58139,5,0,0,0,0,0,23,0,11500,23,0,0,0,57967,66110703240,356434802585
2022-07-09,Z304JSZP,0,199850792,5,0,541231338,58163,5,0,0,0,0,0,23,0,11500,23,0,0,0,57991,66117866928,356691527588
2022-07-10,Z304JSZP,0,102523648,5,0,542513019,58187,5,0,0,0,0,0,23,0,11500,23,0,0,0,58015,66125193112,356898404183
2022-07-11,Z304JSZP,0,2982344,5,0,544859100,58211,5,0,0,0,0,0,23,0,11500,23,0,0,0,58039,66132506512,357142996741
2022-07-12,Z304JSZP,0,203229408,5,0,546522087,58234,5,0,0,0,0,0,23,0,11500,23,0,0,0,58063,66139233776,357402543467
2022-07-13,Z304JSZP,0,193576568,5,0,547883124,58258,5,0,0,0,0,0,23,0,11502,23,0,0,0,58087,66149333592,357560219086
2022-07-14,Z304JSZP,0,79912456,5,0,549375176,58282,5,0,0,0,0,0,23,0,11502,23,0,0,0,58111,66159559984,357828000565
2022-07-15,Z304JSZP,0,47368568,5,0,550404866,58306,5,0,0,0,0,0,23,0,11502,23,0,0,0,58135,66169779520,358137416672
2022-07-16,Z304JSZP,0,5537968,5,0,552695591,58330,5,0,0,0,0,0,23,0,11502,23,0,0,0,58159,66184316400,358482952387
2022-07-17,Z304JSZP,0,124788880,5,0,554448759,58354,5,0,0,0,0,0,23,0,11502,23,0,0,0,58182,66196896632,358752682654
2022-07-18,Z304JSZP,0,113869408,5,0,555582854,58378,5,0,0,0,0,0,23,0,11504,23,0,0,0,58206,66220277544,358876428167
2022-07-19,Z304JSZP,0,21197504,5,0,557054016,58402,5,0,0,0,0,0,22,0,11504,22,0,0,0,58230,66231224552,359078507653
2022-07-20,Z304JSZP,0,46554216,5,0,558515200,58426,5,0,0,0,0,0,23,0,11506,23,0,0,0,58254,66241291368,359246338329
2022-07-21,Z304JSZP,0,22250016,5,0,560113689,58449,5,0,0,0,0,0,23,0,11506,23,0,0,0,58278,66249069440,359407955198
2022-07-22,Z304JSZP,0,198954752,5,0,561236807,58473,5,0,0,0,0,0,23,0,11506,23,0,0,0,58302,66256947056,359544045183
2022-07-23,Z304JSZP,0,198598880,5,0,562558684,58497,5,0,0,0,0,0,23,0,11506,23,0,0,0,58325,66264793024,359718967151
2022-07-24,Z304JSZP,0,140689152,5,0,563790644,58521,5,0,0,0,0,0,23,0,11506,23,0,0,0,58349,66271099504,359859338762
2022-07-25,Z304JSZP,0,30637576,5,0,566454674,58545,5,0,0,0,0,0,23,0,11506,23,0,0,0,58373,66278130464,360037686057
2022-07-26,Z304JSZP,0,186107064,5,0,568151987,58569,5,0,0,0,0,0,22,0,11506,22,0,0,0,58397,66285631336,360193200395
2022-07-27,Z304JSZP,0,2594672,5,0,569112349,58592,5,0,0,0,0,0,23,0,11507,23,0,0,0,58421,66297466664,360313858536
2022-07-28,Z304JSZP,0,171827872,5,0,570124085,58616,5,0,0,0,0,0,23,0,11507,23,0,0,0,58445,66304103008,360478087269
2022-07-29,Z304JSZP,0,50705320,5,0,571498247,58640,5,0,0,0,0,0,23,0,11507,23,0,0,0,58469,66314806376,360687058451
2022-07-30,Z304JSZP,0,109049416,5,0,572925083,58664,5,0,0,0,0,0,23,0,11507,23,0,0,0,58493,66323438944,360906047263
2022-07-31,Z304JSZP,0,168204616,5,0,574307636,58688,5,0,0,0,0,0,23,0,11507,23,0,0,0,58517,66332595896,361113472661
2022-08-01,Z304JSZP,0,231694472,5,0,576959184,58712,5,0,0,0,0,0,23,0,11507,23,0,0,0,58541,66343049800,361381189601
2022-08-02,Z304JSZP,0,106674144,5,0,579626076,58737,5,0,0,0,0,0,23,0,11521,23,0,0,0,58565,66351519936,361639033687
2022-08-03,Z304JSZP,0,17149328,5,0,581270713,58761,5,0,0,0,0,0,23,0,11521,23,0,0,0,58589,66359426232,361798591265
2022-08-04,Z304JSZP,0,56251680,5,0,582467944,58784,5,0,0,0,0,0,23,0,11522,23,0,0,0,58613,66369787344,361971223416
2022-08-05,Z304JSZP,0,198713384,5,0,583839313,58808,5,0,0,0,0,0,23,0,11522,23,0,0,0,58636,66380249528,362275370868
2022-08-06,Z304JSZP,0,7261896,5,0,585432440,58832,5,0,0,0,0,0,23,0,11522,23,0,0,0,58660,66387027896,362556019424
2022-08-07,Z304JSZP,0,220031016,5,0,586842943,58856,5,0,0,0,0,0,23,0,11522,23,0,0,0,58684,66396872032,362825585762
2022-08-08,Z304JSZP,0,148916872,5,0,589444877,58880,5,0,0,0,0,0,23,0,11522,23,0,0,0,58708,66408851104,363126760153
2022-08-09,Z304JSZP,0,124846440,5,0,591649662,58904,5,0,0,0,0,0,23,0,11522,23,0,0,0,58732,66419783744,363349989882
2022-08-10,Z304JSZP,0,186612624,5,0,593043746,58928,5,0,0,0,0,0,23,0,11522,23,0,0,0,58756,66427908296,363525381458
2022-08-11,Z304JSZP,0,232193760,5,0,594379433,58952,5,0,0,0,0,0,22,0,11522,22,0,0,0,58780,66436898464,363575140852
2022-08-12,Z304JSZP,0,40182616,5,0,595850081,58976,5,0,0,0,0,0,23,0,11522,23,0,0,0,58804,66446610440,363807143551
2022-08-13,Z304JSZP,0,187374080,5,0,597133027,59000,5,0,0,0,0,0,23,0,11522,23,0,0,0,58828,66453797976,364069312458
2022-08-14,Z304JSZP,0,211957512,5,0,598366866,59024,5,0,0,0,0,0,22,0,11522,22,0,0,0,58852,66468354064,364311722485
2022-08-15,Z304JSZP,0,162379648,5,0,600634805,59048,5,0,0,0,0,0,23,0,11522,23,0,0,0,58876,66475804312,364557685429
2022-08-16,Z304JSZP,0,6732912,5,0,602776351,59071,5,0,0,0,0,0,23,0,11522,23,0,0,0,58899,66482966312,364800916250
2022-08-17,Z304JSZP,0,141095912,5,0,604167374,59095,5,0,0,0,0,0,22,0,11523,22,0,0,0,58923,66491222888,364983944768
2022-08-18,Z304JSZP,0,58999544,5,0,606635318,59119,5,0,0,0,0,0,23,0,11523,23,0,0,0,58947,66502550992,365253580422
2022-08-19,Z304JSZP,0,53587000,5,0,608431442,59143,5,0,0,0,0,0,23,0,11523,23,0,0,0,58971,66511302344,365507735437
2022-08-20,Z304JSZP,0,19481672,5,0,609601139,59167,5,0,0,0,0,0,23,0,11523,23,0,0,0,58995,66523850824,365720770902
2022-08-21,Z304JSZP,0,57311064,5,0,610734966,59191,5,0,0,0,0,0,23,0,11523,23,0,0,0,59019,66539835944,365938702227
2022-08-22,Z304JSZP,0,52850040,5,0,612788103,59215,5,0,0,0,0,0,23,0,11523,23,0,0,0,59043,66548759376,366206185589
2022-08-23,Z304JSZP,0,121126648,5,0,614946992,59239,5,0,0,0,0,0,23,0,11523,23,0,0,0,59067,66556657152,366460265725
2022-08-24,Z304JSZP,0,180116968,5,0,616187326,59263,5,0,0,0,0,0,23,0,11523,23,0,0,0,59091,66569257152,366638838234
2022-08-25,Z304JSZP,0,237978800,5,0,617288459,59286,5,0,0,0,0,0,22,0,11524,22,0,0,0,59114,66580392608,366938449501
2022-08-26,Z304JSZP,0,227406624,5,0,619205704,59310,5,0,0,0,0,0,23,0,11524,23,0,0,0,59138,66587717744,367270651385
2022-08-27,Z304JSZP,0,9705872,5,0,621138045,59334,5,0,0,0,0,0,23,0,11524,23,0,0,0,59162,66599196992,367561693296
2022-08-28,Z304JSZP,0,27531104,5,0,622200516,59358,5,0,0,0,0,0,23,0,11524,23,0,0,0,59186,66612973104,367692054670
2022-08-29,Z304JSZP,0,143490376,5,0,624332776,59382,5,0,0,0,0,0,23,0,11524,23,0,0,0,59210,66629480320,367901526571
2022-08-30,Z304JSZP,0,94225880,5,0,627027140,59406,5,0,0,0,0,0,23,0,11524,23,0,0,0,59234,66640539248,368120661369
2022-08-31,Z304JSZP,0,49378016,5,0,628282208,59430,5,0,0,0,0,0,22,0,11524,22,0,0,0,59258,66651639128,368228532543
2022-09-01,Z304JSZP,0,53874032,5,0,629783883,59454,5,0,0,0,0,0,23,0,11525,23,0,0,0,59282,66664811664,368402075045
2022-09-02,Z304JSZP,0,201102584,5,0,631339085,59478,5,0,0,0,0,0,23,0,11525,23,0,0,0,59306,66676256720,368578190475
2022-09-03,Z304JSZP,0,61774984,5,0,632768385,59501,5,0,0,0,0,0,23,0,11525,23,0,0,0,59329,66686719888,368748607306
2022-09-04,Z304JSZP,0,192475248,7,0,634117953,59526,7,0,0,0,0,0,23,0,11537,23,0,0,0,59354,66698840792,368912733788
2022-09-05,Z304JSZP,0,19937432,7,0,636552154,59550,7,0,0,0,0,0,23,0,11537,23,0,0,0,59377,66713655824,369063739627
2022-09-06,Z304JSZP,0,28689392,7,0,639447545,59574,7,0,0,0,0,0,23,0,11537,23,0,0,0,59401,66726050328,369241872397
2022-09-07,Z304JSZP,0,52526904,7,0,640910851,59598,7,0,0,0,0,0,23,0,11537,23,0,0,0,59425,66737806288,369378384007
2022-09-08,Z304JSZP,0,125396280,7,0,642585661,59621,7,0,0,0,0,0,23,0,11539,23,0,0,0,59449,66748821400,369455184710
2022-09-09,Z304JSZP,0,116846768,7,0,644220061,59645,7,0,0,0,0,0,22,0,11539,22,0,0,0,59473,66762527296,369715584390
2022-09-10,Z304JSZP,0,233456736,7,0,645745417,59669,7,0,0,0,0,0,22,0,11539,22,0,0,0,59497,66781500832,369916959669
2022-09-11,Z304JSZP,0,106307872,7,0,647296452,59693,7,0,0,0,0,0,23,0,11539,23,0,0,0,59520,66792555152,370134305490
2022-09-12,Z304JSZP,0,181685552,7,0,650120521,59717,7,0,0,0,0,0,23,0,11539,23,0,0,0,59544,66804258800,370446363477
2022-09-13,Z304JSZP,0,198968872,7,0,652547948,59741,7,0,0,0,0,0,23,0,11539,23,0,0,0,59568,66820336344,370719570081
2022-09-14,Z304JSZP,0,207318680,7,0,653658316,59765,7,0,0,0,0,0,23,0,11539,23,0,0,0,59592,66835115008,370829664618
2022-09-15,Z304JSZP,0,97435664,7,0,655407283,59789,7,0,0,0,0,0,23,0,11539,23,0,0,0,59616,66844839288,370900015209
2022-09-16,Z304JSZP,0,17332216,7,0,656987819,59813,7,0,0,0,0,0,23,0,11542,23,0,0,0,59640,66859449656,371223514022
2022-09-17,Z304JSZP,0,78743600,7,0,658527820,59837,7,0,0,0,0,0,23,0,11542,23,0,0,0,59664,66861727816,371507086115
2022-09-18,Z304JSZP,0,198319536,7,0,660118714,59861,7,0,0,0,0,0,23,0,11542,23,0,0,0,59688,66864820832,371785106752
2022-09-19,Z304JSZP,0,221693112,7,0,663389214,59884,7,0,0,0,0,0,23,0,11542,23,0,0,0,59712,66866518008,372066735952
2022-09-20,Z304JSZP,0,112065968,7,0,664560785,59908,7,0,0,0,0,0,23,0,11542,23,0,0,0,59736,66867720272,372297224688
2022-09-21,Z304JSZP,0,13771880,7,0,666078146,59932,7,0,0,0,0,0,23,0,11543,23,0,0,0,59760,66868898136,372509563830
2022-09-22,Z304JSZP,0,3438848,7,0,667463747,59956,7,0,0,0,0,0,23,0,11544,23,0,0,0,59783,66870857280,372743483188
2022-09-23,Z304JSZP,0,168070704,7,0,668756105,59980,7,0,0,0,0,0,23,0,11544,23,0,0,0,59807,66872309648,373042425861
2022-09-24,Z304JSZP,0,211651056,7,0,669785970,60004,7,0,0,0,0,0,23,0,11544,23,0,0,0,59831,66873883256,373227344765
2022-09-25,Z304JSZP,0,141007032,7,0,671167181,60028,7,0,0,0,0,0,23,0,11544,23,0,0,0,59855,66875552832,373468209562
2022-09-26,Z304JSZP,0,88890880,7,0,673851573,60052,7,0,0,0,0,0,23,0,11544,23,0,0,0,59879,66878110128,373757292872
2022-09-27,Z304JSZP,0,107062232,7,0,676523765,60076,7,0,0,0,0,0,23,0,11544,23,0,0,0,59903,66879756640,374034678045
2022-09-28,Z304JSZP,0,68023824,7,0,678593389,60112,7,0,0,0,0,0,23,0,11545,23,0,0,0,59939,66882029440,374306073069
2022-09-29,Z304JSZP,0,103408288,7,0,679721012,60136,7,0,0,0,0,0,23,0,11545,23,0,0,0,59963,66883449192,374533730291
2022-09-30,Z304JSZP,0,169332720,7,0,680832280,60160,7,0,0,0,0,0,22,0,11545,22,0,0,0,59987,66884816904,374788111290
2022-10-01,Z304JSZP,0,140414600,7,0,681971137,60184,7,0,0,0,0,0,23,0,11545,23,0,0,0,60011,66886923704,375035054367
2022-10-02,Z304JSZP,0,190112960,7,0,683632974,60207,7,0,0,0,0,0,23,0,11546,23,0,0,0,60035,66888564624,375309085434
2022-10-03,Z304JSZP,0,33139432,7,0,686023337,60231,7,0,0,0,0,0,23,0,11546,23,0,0,0,60059,66890412536,375653035603
2022-10-04,Z304JSZP,0,34136552,7,0,688232539,60255,7,0,0,0,0,0,23,0,11546,23,0,0,0,60082,66892693224,376007529594
2022-10-05,Z304JSZP,0,31331736,7,0,690279298,60279,7,0,0,0,0,0,22,0,11546,22,0,0,0,60106,66893898736,376127701035
2022-10-06,Z304JSZP,0,129341432,7,0,691227173,60291,7,0,0,0,0,0,23,0,11546,23,0,0,0,60118,66894890440,376231829643
2022-10-07,Z304JSZP,0,61735688,7,0,692256134,60315,7,0,0,0,0,0,23,0,11547,23,0,0,0,60142,66896526856,376379206145
2022-10-08,Z304JSZP,0,23349856,7,0,694397797,60339,7,0,0,0,0,0,23,0,11547,23,0,0,0,60166,66897909136,376595441402
2022-10-09,Z304JSZP,0,213827152,7,0,695738742,60363,7,0,0,0,0,0,23,0,11547,23,0,0,0,60190,66899701448,376790638635
2022-10-10,Z304JSZP,0,87822624,7,0,698000003,60386,7,0,0,0,0,0,23,0,11547,23,0,0,0,60214,66901664088,376927772141
2022-10-11,Z304JSZP,0,85755688,7,0,699885719,60410,7,0,0,0,0,0,23,0,11547,23,0,0,0,60238,66903419328,377125886427
2022-10-12,Z304JSZP,0,182825312,7,0,701196202,60434,7,0,0,0,0,0,23,0,11548,23,0,0,0,60262,66904776008,377276155115
2022-10-13,Z304JSZP,0,128572200,7,0,702395079,60458,7,0,0,0,0,0,23,0,11550,23,0,0,0,60286,66906188680,377393937838
2022-10-14,Z304JSZP,0,30713528,7,0,703751680,60482,7,0,0,0,0,0,23,0,11550,23,0,0,0,60310,66908001752,377537668849
2022-10-15,Z304JSZP,0,204323192,7,0,704630531,60506,7,0,0,0,0,0,23,0,11550,23,0,0,0,60333,66909663616,377674827193
2022-10-16,Z304JSZP,0,207115040,7,0,705580654,60530,7,0,0,0,0,0,23,0,11550,23,0,0,0,60357,66911038064,377836560621
2022-10-17,Z304JSZP,0,134245448,7,0,708121450,60554,7,0,0,0,0,0,23,0,11550,23,0,0,0,60381,66912780320,378098528005
2022-10-18,Z304JSZP,0,133166040,7,0,710293882,60578,7,0,0,0,0,0,23,0,11550,23,0,0,0,60405,66914776440,378312691888
2022-10-19,Z304JSZP,0,111083632,7,0,711753183,60602,7,0,0,0,0,0,23,0,11550,23,0,0,0,60429,66916504432,378499752295
2022-10-20,Z304JSZP,0,58184760,7,0,713751775,60626,7,0,0,0,0,0,23,0,11553,23,0,0,0,60453,66917679136,378774281437
2022-10-21,Z304JSZP,0,74320592,7,0,715289984,60650,7,0,0,0,0,0,23,0,11553,23,0,0,0,60477,66919255328,379025913896
2022-10-22,Z304JSZP,0,38939024,7,0,716385766,60674,7,0,0,0,0,0,23,0,11553,23,0,0,0,60501,66921382088,379232374323
2022-10-23,Z304JSZP,0,55386984,7,0,718042608,60698,7,0,0,0,0,0,23,0,11553,23,0,0,0,60525,66923166600,379583425004
2022-10-24,Z304JSZP,0,103149632,7,0,720421830,60722,7,0,0,0,0,0,23,0,11553,23,0,0,0,60549,66924585872,379836695554
2022-10-25,Z304JSZP,0,239423336,7,0,722936106,60746,7,0,0,0,0,0,23,0,11553,23,0,0,0,60573,66926107856,380181562667
2022-10-26,Z304JSZP,0,226472072,7,0,724214863,60769,7,0,0,0,0,0,23,0,11553,23,0,0,0,60597,66927445088,380366464117
2022-10-27,Z304JSZP,0,9937624,7,0,726093960,60793,7,0,0,0,0,0,23,0,11553,23,0,0,0,60621,66928795944,380442335555
2022-10-28,Z304JSZP,0,161183712,7,0,727592234,60817,7,0,0,0,0,0,23,0,11553,23,0,0,0,60645,66930087032,380752920462
2022-10-29,Z304JSZP,0,4679328,7,0,728812937,60841,7,0,0,0,0,0,23,0,11553,23,0,0,0,60668,66931115040,381004795454
2022-10-30,Z304JSZP,0,230480608,7,0,730178364,60865,7,0,0,0,0,0,23,0,11553,23,0,0,0,60692,66932079040,381314163899
2022-10-31,Z304JSZP,0,152837648,7,0,732285660,60889,7,0,0,0,0,0,23,0,11553,23,0,0,0,60716,66933814680,381519754939
2022-11-01,Z304JSZP,0,47499944,7,0,734303581,60913,7,0,0,0,0,0,23,0,11553,23,0,0,0,60740,66936330064,381768906488
2022-11-02,Z304JSZP,0,13753448,7,0,735653279,60937,7,0,0,0,0,0,23,0,11553,23,0,0,0,60764,66937363336,381990503453
2022-11-03,Z304JSZP,0,126985288,7,0,737357792,60961,7,0,0,0,0,0,23,0,11554,23,0,0,0,60788,66939143328,382220107922
2022-11-04,Z304JSZP,0,222413872,7,0,739417945,60984,7,0,0,0,0,0,23,0,11554,23,0,0,0,60812,66940200744,382483086415
2022-11-05,Z304JSZP,0,218447160,7,0,740459627,61008,7,0,0,0,0,0,23,0,11554,23,0,0,0,60836,66941371296,382721169582
2022-11-06,Z304JSZP,0,109064360,7,0,742294663,61044,7,0,0,0,0,0,23,0,11554,23,0,0,0,60871,66942912664,383095202047
2022-11-07,Z304JSZP,0,117520512,7,0,745201541,61068,7,0,0,0,0,0,23,0,11554,23,0,0,0,60895,66952579416,383402341121
2022-11-08,Z304JSZP,0,57495208,7,0,746186199,61092,7,0,0,0,0,0,23,0,11554,23,0,0,0,60919,66953714432,383719142541
2022-11-09,Z304JSZP,0,8975096,7,0,747472682,61116,7,0,0,0,0,0,23,0,11557,23,0,0,0,60943,66955190632,383933560226
2022-11-10,Z304JSZP,0,45204000,7,0,749705908,61140,7,0,0,0,0,0,23,0,11557,23,0,0,0,60967,66956167984,384271238306
2022-11-11,Z304JSZP,0,174712000,7,0,750999274,61164,7,0,0,0,0,0,23,0,11557,23,0,0,0,60991,66957090384,384435232552
2022-11-12,Z304JSZP,0,88129464,7,0,752179443,61187,7,0,0,0,0,0,23,0,11557,23,0,0,0,61015,66958087392,384614401137
2022-11-13,Z304JSZP,0,214705552,7,0,753487866,61211,7,0,0,0,0,0,23,0,11557,23,0,0,0,61038,66958985416,384800069366
2022-11-14,Z304JSZP,0,97985416,7,0,756270275,61235,7,0,0,0,0,0,23,0,11557,23,0,0,0,61062,66960333656,384974088585
2022-11-15,Z304JSZP,0,131500696,7,0,757693778,61259,7,0,0,0,0,0,23,0,11558,23,0,0,0,61086,66961533808,385161323325
2022-11-16,Z304JSZP,0,150875720,7,0,758871707,61283,7,0,0,0,0,0,23,0,11560,23,0,0,0,61110,66962602192,385240727018
2022-11-17,Z304JSZP,0,159077808,7,0,760027868,61307,7,0,0,0,0,0,22,0,11561,22,0,0,0,61134,66963449936,385294036221
2022-11-18,Z304JSZP,0,138807552,7,0,761111256,61331,7,0,0,0,0,0,22,0,11564,22,0,0,0,61158,66964317280,385343983354
2022-11-19,Z304JSZP,0,154348696,7,0,762964371,61354,7,0,0,0,0,0,23,0,11568,23,0,0,0,61182,66967209304,385431678922
2022-11-20,Z304JSZP,0,24506792,7,0,764289258,61378,7,0,0,0,0,0,23,0,11568,23,0,0,0,61205,66968595288,385585364265
2022-11-21,Z304JSZP,0,88640824,7,0,767628870,61402,7,0,0,0,0,0,22,0,11568,22,0,0,0,61229,66969677392,385756582504
2022-11-22,Z304JSZP,0,22140336,7,0,768718468,61426,7,0,0,0,0,0,23,0,11568,23,0,0,0,61253,66970719128,385897400997
2022-11-23,Z304JSZP,0,119883568,7,0,769727763,61450,7,0,0,0,0,0,22,0,11570,22,0,0,0,61277,66971505656,385987086736
2022-11-24,Z304JSZP,0,67726184,7,0,771401386,61474,7,0,0,0,0,0,23,0,11570,23,0,0,0,61301,66972498536,386081635882
2022-11-25,Z304JSZP,0,229808648,7,0,772732726,61497,7,0,0,0,0,0,23,0,11570,23,0,0,0,61324,66973770064,386305527854
2022-11-26,Z304JSZP,0,45323960,7,0,774062707,61521,7,0,0,0,0,0,23,0,11570,23,0,0,0,61348,66974878144,386519488676
2022-11-27,Z304JSZP,0,151237888,7,0,775323591,61545,7,0,0,0,0,0,23,0,11570,23,0,0,0,61372,66975951480,386724180970
2022-11-28,Z304JSZP,0,47144144,7,0,777817421,61569,7,0,0,0,0,0,23,0,11570,23,0,0,0,61396,66976996576,387015584891
2022-11-29,Z304JSZP,0,161415376,7,0,779997799,61592,7,0,0,0,0,0,23,0,11570,23,0,0,0,61419,66977984640,387269541127
2022-11-30,Z304JSZP,0,107248056,7,0,780935063,61616,7,0,0,0,0,0,23,0,11571,23,0,0,0,61443,66978735128,387362138857
2022-12-01,Z304JSZP,0,136610952,7,0,782088297,61640,7,0,0,0,0,0,23,0,11571,23,0,0,0,61467,66979558664,387650263571
2022-12-02,Z304JSZP,0,118132880,7,0,783622460,61664,7,0,0,0,0,0,23,0,11571,23,0,0,0,61491,66981158040,387937627995
2022-12-03,Z304JSZP,0,24948952,7,0,784996523,61687,7,0,0,0,0,0,23,0,11571,23,0,0,0,61514,66982074768,388226578932
2022-12-04,Z304JSZP,0,161109520,7,0,786573108,61711,7,0,0,0,0,0,23,0,11571,23,0,0,0,61538,66983663000,388510287670
2022-12-05,Z304JSZP,0,47596056,7,0,789881631,61735,7,0,0,0,0,0,23,0,11571,23,0,0,0,61562,66984975120,388771680371
2022-12-06,Z304JSZP,0,97425032,7,0,791825452,61759,7,0,0,0,0,0,23,0,11571,23,0,0,0,61586,66985889376,389065462072
2022-12-07,Z304JSZP,0,102730072,7,0,793296913,61783,7,0,0,0,0,0,22,0,11572,22,0,0,0,61610,66986898032,389222291256
2022-12-08,Z304JSZP,0,158174592,7,0,794521302,61806,7,0,0,0,0,0,23,0,11572,23,0,0,0,61634,66987859992,389489172437
2022-12-09,Z304JSZP,0,152966520,7,0,795585321,61830,7,0,0,0,0,0,23,0,11572,23,0,0,0,61657,66988790768,389705761979
2022-12-11,Z304JSZP,0,130577032,7,0,797594807,61866,7,0,0,0,0,0,23,0,11572,23,0,0,0,61693,66990541528,390081972942
2022-12-11,Z304JSZP,0,130577032,7,0,797594807,61866,7,0,0,0,0,0,23,0,11572,23,0,0,0,61693,66990541528,390081972942
2022-12-12,Z304JSZP,0,218333056,7,0,801721781,61902,7,0,0,0,0,0,23,0,11572,23,0,0,0,61729,66992360088,390502294017
2022-12-13,Z304JSZP,0,189784208,7,0,803089168,61925,7,0,0,0,0,0,23,0,11572,23,0,0,0,61752,66993522640,390755049726
2022-12-14,Z304JSZP,0,137801144,7,0,804586211,61949,7,0,0,0,0,0,23,0,11572,23,0,0,0,61776,66994763416,390927243401
2022-12-15,Z304JSZP,0,5314392,8,0,805862319,61973,8,0,0,0,0,0,23,0,11582,23,0,0,0,61800,66996219024,391149079950
2022-12-16,Z304JSZP,0,31087192,9,0,806991768,61997,9,0,0,0,0,0,22,0,11585,22,0,0,0,61824,66997198200,391416303021
2022-12-17,Z304JSZP,0,163660784,9,0,807905399,62021,9,0,0,0,0,0,22,0,11585,22,0,0,0,61848,66998153192,391726942695
2022-12-18,Z304JSZP,0,198306888,9,0,809807004,62045,9,0,0,0,0,0,22,0,11585,22,0,0,0,61872,66999230224,392057471848
2022-12-19,Z304JSZP,0,99233144,9,0,812893414,62069,9,0,0,0,0,0,22,0,11585,22,0,0,0,61896,67001774216,392356583987
2022-12-20,Z304JSZP,0,47978664,9,0,814204794,62093,9,0,0,0,0,0,22,0,11585,22,0,0,0,61920,67004684512,392477584443
2022-12-21,Z304JSZP,0,150096712,9,0,815699413,62117,9,0,0,0,0,0,22,0,11586,22,0,0,0,61943,67006727096,392614273505
2022-12-22,Z304JSZP,0,10089744,9,0,817152817,62141,9,0,0,0,0,0,23,0,11586,23,0,0,0,61967,67007795168,392820982963
2022-12-23,Z304JSZP,0,205372656,9,0,818023022,62165,9,0,0,0,0,0,23,0,11586,23,0,0,0,61991,67008893752,392937232683
2022-12-24,Z304JSZP,0,215941800,9,0,819175149,62189,9,0,0,0,0,0,23,0,11586,23,0,0,0,62015,67011685400,393091021608
2022-12-25,Z304JSZP,0,227426808,9,0,820550398,62213,9,0,0,0,0,0,22,0,11586,22,0,0,0,62039,67012975136,393269083149
2022-12-26,Z304JSZP,0,20894792,9,0,823184287,62237,9,0,0,0,0,0,22,0,11586,22,0,0,0,62063,67014529112,393426036094
2022-12-27,Z304JSZP,0,170811872,9,0,825415772,62261,9,0,0,0,0,0,23,0,11586,23,0,0,0,62087,67015785536,393574948399
2022-12-28,Z304JSZP,0,106461728,9,0,826547133,62284,9,0,0,0,0,0,22,0,11586,22,0,0,0,62111,67017185360,393684731521
2022-12-29,Z304JSZP,0,165783968,9,0,828171732,62308,9,0,0,0,0,0,22,0,11586,22,0,0,0,62135,67018151880,393767168017
2022-12-30,Z304JSZP,0,92031520,9,0,829373861,62332,9,0,0,0,0,0,23,0,11586,23,0,0,0,62159,67019728064,393961838182
2022-12-31,Z304JSZP,0,140001384,9,0,830764104,62356,9,0,0,0,0,0,23,0,11586,23,0,0,0,62183,67020719144,394181980361
