2022-01-01,Z304GB4W,0,39112632,8,0,857174118,37001,8,0,0,0,0,0,22,0,1965,22,0,0,0,36991,32269276048,310332729074
2022-01-02,Z304GB4W,0,178731992,8,0,857994140,37037,8,0,0,0,0,0,21,0,1965,21,0,0,0,37026,32297694648,310599955678
2022-01-03,Z304GB4W,0,167601136,8,0,858697308,37049,8,0,0,0,0,0,21,0,1965,21,0,0,0,37038,32309930128,310659981993
2022-01-04,Z304GB4W,0,15758272,8,0,859723405,37084,8,0,0,0,0,0,22,0,1965,22,0,0,0,37074,32330400168,310893584133
2022-01-05,Z304GB4W,0,30641536,8,0,860322735,37108,8,0,0,0,0,0,22,0,1965,22,0,0,0,37097,32345385664,311110307312
2022-01-06,Z304GB4W,0,106855320,8,0,860888057,37132,8,0,0,0,0,0,22,0,1965,22,0,0,0,37121,32359998232,311287364941
2022-01-07,Z304GB4W,0,198147328,8,0,862921285,37155,8,0,0,0,0,0,21,0,1965,21,0,0,0,37145,32378180488,311454579176
2022-01-08,Z304GB4W,0,19265024,8,0,864025039,37179,8,0,0,0,0,0,21,0,1965,21,0,0,0,37169,32393696240,311611931663
2022-01-09,Z304GB4W,0,2425928,8,0,864703298,37203,8,0,0,0,0,0,21,0,1965,21,0,0,0,37192,32406577424,311771773918
2022-01-10,Z304GB4W,0,44220096,8,0,865817154,37227,8,0,0,0,0,0,21,0,1965,21,0,0,0,37216,32425477424,311879015633
2022-01-11,Z304GB4W,0,152739848,8,0,866591924,37250,8,0,0,0,0,0,21,0,1965,21,0,0,0,37240,32444402072,312017557572
2022-01-12,Z304GB4W,0,214905584,8,0,867179426,37274,8,0,0,0,0,0,21,0,1966,21,0,0,0,37263,32457487400,312162509318
2022-01-13,Z304GB4W,0,168569936,8,0,867747215,37298,8,0,0,0,0,0,21,0,1966,21,0,0,0,37287,32472780664,312320887777
2022-01-14,Z304GB4W,0,219701736,8,0,868331215,37321,8,0,0,0,0,0,21,0,1966,21,0,0,0,37311,32488568032,312470564980
2022-01-15,Z304GB4W,0,22498536,8,0,869907912,37345,8,0,0,0,0,0,21,0,1966,21,0,0,0,37335,32513153464,312670461847
2022-01-16,Z304GB4W,0,164052520,8,0,870649716,37369,8,0,0,0,0,0,21,0,1966,21,0,0,0,37358,32527586920,312878436663
2022-01-17,Z304GB4W,0,149828896,8,0,871955271,37393,8,0,0,0,0,0,21,0,1966,21,0,0,0,37382,32540838008,313015909392
2022-01-18,Z304GB4W,0,108101888,8,0,872614341,37417,8,0,0,0,0,0,21,0,1966,21,0,0,0,37406,32555289784,313204232084
2022-01-19,Z304GB4W,0,7956192,8,0,873288276,37440,8,0,0,0,0,0,21,0,1966,21,0,0,0,37430,32575321648,313378403994
2022-01-20,Z304GB4W,0,160427960,8,0,874044112,37464,8,0,0,0,0,0,21,0,1966,21,0,0,0,37454,32595631304,313726687057
2022-01-21,Z304GB4W,0,107412928,8,0,874695431,37488,8,0,0,0,0,0,21,0,1966,21,0,0,0,37477,32610613368,314013388507
2022-01-22,Z304GB4W,0,95112888,8,0,876314017,37511,8,0,0,0,0,0,21,0,1966,21,0,0,0,37501,32626551704,314317176392
2022-01-23,Z304GB4W,0,9983536,8,0,876953377,37535,8,0,0,0,0,0,21,0,1966,21,0,0,0,37525,32640201920,314498485243
2022-01-24,Z304GB4W,0,26731256,8,0,879397316,37559,8,0,0,0,0,0,21,0,1966,21,0,0,0,37548,32656054736,314667092479
2022-01-25,Z304GB4W,0,5048136,8,0,880193567,37583,8,0,0,0,0,0,21,0,1966,21,0,0,0,37572,32674816096,314922378365
2022-01-26,Z304GB4W,0,139528592,8,0,880938718,37606,8,0,0,0,0,0,21,0,1966,21,0,0,0,37596,32691247232,315169068418
2022-01-27,Z304GB4W,0,115368760,8,0,881671300,37630,8,0,0,0,0,0,21,0,1967,21,0,0,0,37619,32708814824,315327903783
2022-01-28,Z304GB4W,0,154751168,8,0,882502182,37654,8,0,0,0,0,0,21,0,1967,21,0,0,0,37643,32726274048,315669781325
2022-01-29,Z304GB4W,0,70149488,8,0,884174611,37678,8,0,0,0,0,0,21,0,1967,21,0,0,0,37667,32742291592,315982065404
2022-01-30,Z304GB4W,0,167873816,8,0,884941508,37701,8,0,0,0,0,0,21,0,1967,21,0,0,0,37691,32758166080,316231578375
2022-01-31,Z304GB4W,0,128147584,8,0,885762442,37725,8,0,0,0,0,0,21,0,1967,21,0,0,0,37715,32775085104,316359912147
2022-02-01,Z304GB4W,0,73431696,8,0,886973225,37749,8,0,0,0,0,0,19,0,1967,19,0,0,0,37738,32788812576,316536185260
2022-02-02,Z304GB4W,0,181332064,8,0,888204625,37785,8,0,0,0,0,0,19,0,1970,19,0,0,0,37774,32812162888,316862345243
2022-02-03,Z304GB4W,0,47675824,8,0,888953071,37809,8,0,0,0,0,0,19,0,1970,19,0,0,0,37798,32837067368,317118488856
2022-02-04,Z304GB4W,0,98422320,8,0,890287016,37832,8,0,0,0,0,0,20,0,1970,20,0,0,0,37822,32851466600,317387995949
2022-02-05,Z304GB4W,0,155681016,8,0,891340818,37856,8,0,0,0,0,0,19,0,1970,19,0,0,0,37845,32876041384,317640109582
2022-02-06,Z304GB4W,0,13541240,8,0,892804785,37880,8,0,0,0,0,0,19,0,1970,19,0,0,0,37869,32919467944,317856630759
2022-02-07,Z304GB4W,0,134769768,8,0,894203279,37904,8,0,0,0,0,0,19,0,1970,19,0,0,0,37893,32944790920,317980380408
2022-02-08,Z304GB4W,0,158280296,8,0,894971097,37927,8,0,0,0,0,0,19,0,1970,19,0,0,0,37917,32958300416,318197175337
2022-02-09,Z304GB4W,0,239805592,8,0,895715820,37951,8,0,0,0,0,0,19,0,1971,19,0,0,0,37940,32973997184,318386149980
2022-02-10,Z304GB4W,0,152503504,8,0,896455985,37974,8,0,0,0,0,0,20,0,1971,20,0,0,0,37964,32985204280,318622226609
2022-02-11,Z304GB4W,0,165454400,8,0,897312557,37998,8,0,0,0,0,0,20,0,1971,20,0,0,0,37987,32996560240,318815289896
2022-02-12,Z304GB4W,0,151966272,8,0,898517903,38022,8,0,0,0,0,0,20,0,1971,20,0,0,0,38011,33005332968,319029300701
2022-02-13,Z304GB4W,0,27589944,8,0,899148246,38045,8,0,0,0,0,0,20,0,1971,20,0,0,0,38035,33014133432,319257236280
2022-02-14,Z304GB4W,0,127603736,8,0,900383628,38069,8,0,0,0,0,0,19,0,1971,19,0,0,0,38058,33021735056,319361027822
2022-02-15,Z304GB4W,0,35371808,8,0,900843937,38093,8,0,0,0,0,0,19,0,1971,19,0,0,0,38082,33030524688,319457080301
2022-02-16,Z304GB4W,0,139176776,8,0,902558735,38116,8,0,0,0,0,0,19,0,1971,19,0,0,0,38106,33051221896,319526773557
2022-02-17,Z304GB4W,0,155869968,8,0,903296792,38140,8,0,0,0,0,0,19,0,1971,19,0,0,0,38129,33069906320,319753270766
2022-02-18,Z304GB4W,0,96216272,8,0,903922929,38164,8,0,0,0,0,0,19,0,1972,19,0,0,0,38153,33078578728,319920098837
2022-02-19,Z304GB4W,0,44605880,8,0,904542179,38187,8,0,0,0,0,0,20,0,1972,20,0,0,0,38177,33089890928,320113624537
2022-02-20,Z304GB4W,0,175390648,8,0,905141794,38211,8,0,0,0,0,0,19,0,1972,19,0,0,0,38200,33103192864,320317700391
2022-02-21,Z304GB4W,0,110960184,8,0,905627589,38235,8,0,0,0,0,0,19,0,1972,19,0,0,0,38224,33113676344,320377337572
2022-02-22,Z304GB4W,0,4501376,8,0,906926403,38258,8,0,0,0,0,0,20,0,1972,20,0,0,0,38248,33122489560,320537709063
2022-02-23,Z304GB4W,0,38620152,8,0,907639776,38282,8,0,0,0,0,0,20,0,1972,20,0,0,0,38271,33132580120,320767487142
2022-02-24,Z304GB4W,0,12045224,8,0,908398516,38306,8,0,0,0,0,0,19,0,1972,19,0,0,0,38295,33144524776,320961526884
2022-02-25,Z304GB4W,0,120119448,8,0,909246183,38330,8,0,0,0,0,0,20,0,1972,20,0,0,0,38319,33164503040,321119264508
2022-02-26,Z304GB4W,0,81241408,8,0,910720659,38354,8,0,0,0,0,0,20,0,1972,20,0,0,0,38343,33189328512,321291502702
2022-02-27,Z304GB4W,0,164156920,8,0,911477281,38377,8,0,0,0,0,0,19,0,1972,19,0,0,0,38367,33206114496,321469960989
2022-02-28,Z304GB4W,0,185830752,8,0,912774571,38401,8,0,0,0,0,0,20,0,1972,20,0,0,0,38390,33220135360,321568065006
2022-03-01,Z304GB4W,0,42875712,8,0,913353183,38425,8,0,0,0,0,0,20,0,1972,20,0,0,0,38414,33231480880,321717794917
2022-03-02,Z304GB4W,0,209947392,8,0,914098185,38449,8,0,0,0,0,0,19,0,1972,19,0,0,0,38438,33249415840,321882836099
2022-03-03,Z304GB4W,0,110998936,8,0,914820898,38473,8,0,0,0,0,0,19,0,1973,19,0,0,0,38462,33258250216,322075758752
2022-03-04,Z304GB4W,0,157829552,8,0,916749502,38497,8,0,0,0,0,0,19,0,1973,19,0,0,0,38486,33264259248,322288765595
2022-03-05,Z304GB4W,0,3677744,8,0,918376111,38520,8,0,0,0,0,0,20,0,1973,20,0,0,0,38510,33270581192,322527860482
2022-03-06,Z304GB4W,0,181073208,8,0,919082260,38544,8,0,0,0,0,0,19,0,1973,19,0,0,0,38534,33276790744,322737188011
2022-03-07,Z304GB4W,0,88448000,8,0,920479051,38568,8,0,0,0,0,0,19,0,1973,19,0,0,0,38557,33283219016,322885204289
2022-03-08,Z304GB4W,0,66170064,8,0,921207874,38592,8,0,0,0,0,0,20,0,1973,20,0,0,0,38581,33290374240,323099707256
2022-03-09,Z304GB4W,0,208894256,8,0,921875567,38616,8,0,0,0,0,0,20,0,1973,20,0,0,0,38605,33299231240,323348746335
2022-03-10,Z304GB4W,0,54771872,8,0,922621052,38639,8,0,0,0,0,0,20,0,1973,20,0,0,0,38629,33306896568,323707960437
2022-03-11,Z304GB4W,0,20132856,8,0,923274124,38663,8,0,0,0,0,0,20,0,1973,20,0,0,0,38652,33316193592,323987456028
2022-03-12,Z304GB4W,0,21545000,8,0,924747612,38687,8,0,0,0,0,0,20,0,1973,20,0,0,0,38676,33326949056,324182444923
2022-03-13,Z304GB4W,0,130195984,8,0,925410207,38711,8,0,0,0,0,0,20,0,1973,20,0,0,0,38700,33334259296,324440125338
2022-03-14,Z304GB4W,0,185644832,8,0,926795621,38734,8,0,0,0,0,0,20,0,1973,20,0,0,0,38724,33344946424,324630491553
2022-03-15,Z304GB4W,0,68774432,8,0,927523514,38758,8,0,0,0,0,0,20,0,1973,20,0,0,0,38747,33356320272,324880692590
2022-03-16,Z304GB4W,0,134762096,8,0,928135052,38782,8,0,0,0,0,0,20,0,1973,20,0,0,0,38771,33364197160,325092645496
2022-03-17,Z304GB4W,0,78668248,8,0,928933247,38805,8,0,0,0,0,0,19,0,1973,19,0,0,0,38795,33377003256,325434008481
2022-03-18,Z304GB4W,0,234611040,8,0,929655650,38829,8,0,0,0,0,0,20,0,1974,20,0,0,0,38818,33384196688,325692328277
2022-03-19,Z304GB4W,0,122514848,8,0,932381029,38853,8,0,0,0,0,0,20,0,1974,20,0,0,0,38842,33391912864,325937507349
2022-03-20,Z304GB4W,0,126851968,8,0,933165208,38877,8,0,0,0,0,0,20,0,1974,20,0,0,0,38866,33404108888,326175463042
2022-03-21,Z304GB4W,0,41499336,8,0,934121861,38900,8,0,0,0,0,0,20,0,1974,20,0,0,0,38889,33414180280,326337843553
2022-03-22,Z304GB4W,0,155112856,8,0,935494003,38936,8,0,0,0,0,0,19,0,1974,19,0,0,0,38925,33426548592,326703111287
2022-03-23,Z304GB4W,0,109002512,8,0,936133612,38959,8,0,0,0,0,0,20,0,1975,20,0,0,0,38948,33435931720,326893757138
2022-03-24,Z304GB4W,0,126005704,8,0,936770319,38983,8,0,0,0,0,0,20,0,1975,20,0,0,0,38972,33444058928,327149501760
2022-03-25,Z304GB4W,0,233488392,8,0,938007735,39007,8,0,0,0,0,0,19,0,1975,19,0,0,0,38996,33520770416,327432748280
2022-03-26,Z304GB4W,0,237007536,8,0,939816762,39031,8,0,0,0,0,0,19,0,1975,19,0,0,0,39020,33565691264,327683845666
2022-03-27,Z304GB4W,0,149690800,8,0,940435780,39055,8,0,0,0,0,0,20,0,1975,20,0,0,0,39044,33577441344,327856569901
2022-03-28,Z304GB4W,0,147174152,8,0,941746384,39078,8,0,0,0,0,0,20,0,1975,20,0,0,0,39068,33587943944,328020905045
2022-03-29,Z304GB4W,0,129438976,8,0,942319137,39102,8,0,0,0,0,0,20,0,1975,20,0,0,0,39092,33596695072,328187898647
2022-03-30,Z304GB4W,0,1675472,8,0,942931316,39126,8,0,0,0,0,0,20,0,1976,20,0,0,0,39115,33608782456,328386571693
2022-03-31,Z304GB4W,0,46915936,8,0,943555032,39150,8,0,0,0,0,0,20,0,1976,20,0,0,0,39139,33640134320,328595237354
2022-04-01,Z304GB4W,0,225201856,8,0,944263922,39174,8,0,0,0,0,0,20,0,1976,20,0,0,0,39163,33652053408,328742591286
2022-04-02,Z304GB4W,0,80870232,8,0,945771415,39198,8,0,0,0,0,0,20,0,1976,20,0,0,0,39187,33662778464,328871194165
2022-04-03,Z304GB4W,0,40788816,8,0,947081036,39221,8,0,0,0,0,0,20,0,1976,20,0,0,0,39211,33675067104,328981215174
2022-04-04,Z304GB4W,0,73747168,8,0,948543990,39245,8,0,0,0,0,0,20,0,1976,20,0,0,0,39235,33689217184,329147323512
2022-04-05,Z304GB4W,0,10369688,8,0,949225154,39269,8,0,0,0,0,0,20,0,1976,20,0,0,0,39258,33704887176,329326597826
2022-04-06,Z304GB4W,0,151759240,8,0,949954480,39293,8,0,0,0,0,0,20,0,1977,20,0,0,0,39282,33718105552,329532029269
2022-04-07,Z304GB4W,0,70463584,8,0,950691608,39317,8,0,0,0,0,0,20,0,1977,20,0,0,0,39306,33730843744,329738990750
2022-04-08,Z304GB4W,0,98846568,8,0,951601839,39341,8,0,0,0,0,0,20,0,1977,20,0,0,0,39330,33747477712,329938812218
2022-04-09,Z304GB4W,0,124987976,8,0,953110789,39364,8,0,0,0,0,0,19,0,1977,19,0,0,0,39353,33763280304,330162344440
2022-04-10,Z304GB4W,0,222145840,8,0,953860118,39388,8,0,0,0,0,0,20,0,1977,20,0,0,0,39377,33782044384,330359018816
2022-04-11,Z304GB4W,0,144725968,8,0,955283315,39412,8,0,0,0,0,0,22,0,1977,22,0,0,0,39401,33794027064,330477198591
2022-04-12,Z304GB4W,0,38480664,8,0,956005947,39436,8,0,0,0,0,0,21,0,1977,21,0,0,0,39425,33809863200,330633743394
2022-04-13,Z304GB4W,0,222756544,8,0,956693010,39459,8,0,0,0,0,0,21,0,1978,21,0,0,0,39448,33825368392,330790187569
2022-04-14,Z304GB4W,0,180372040,8,0,957390174,39483,8,0,0,0,0,0,22,0,1978,22,0,0,0,39472,33838877208,330960278567
2022-04-15,Z304GB4W,0,60057672,8,0,958132466,39507,8,0,0,0,0,0,22,0,1978,22,0,0,0,39496,33851674560,331121744084
2022-04-16,Z304GB4W,0,1188904,8,0,960547488,39530,8,0,0,0,0,0,22,0,1978,22,0,0,0,39520,33867690504,331294703617
2022-04-17,Z304GB4W,0,183635616,8,0,961244800,39554,8,0,0,0,0,0,22,0,1978,22,0,0,0,39543,33882002128,331477570628
2022-04-18,Z304GB4W,0,215902008,8,0,962617085,39578,8,0,0,0,0,0,22,0,1978,22,0,0,0,39567,33899378704,331624581474
2022-04-19,Z304GB4W,0,92019728,8,0,963303755,39602,8,0,0,0,0,0,22,0,1978,22,0,0,0,39591,33915726096,331816855951
2022-04-20,Z304GB4W,0,68044808,8,0,964069992,39625,8,0,0,0,0,0,23,0,1979,23,0,0,0,39614,33931693088,332019965958
2022-04-21,Z304GB4W,0,104801984,8,0,964864673,39649,8,0,0,0,0,0,23,0,1979,23,0,0,0,39638,33941186272,332225500992
2022-04-22,Z304GB4W,0,110372304,8,0,965643326,39673,8,0,0,0,0,0,23,0,1979,23,0,0,0,39662,33951161320,332428898579
2022-04-23,Z304GB4W,0,23793240,8,0,967217725,39697,8,0,0,0,0,0,23,0,1979,23,0,0,0,39686,33960558872,332641371422
2022-04-24,Z304GB4W,0,103630320,8,0,967984253,39721,8,0,0,0,0,0,22,0,1979,22,0,0,0,39710,33972211464,332923941651
2022-04-25,Z304GB4W,0,54481936,8,0,969419494,39745,8,0,0,0,0,0,20,0,1979,20,0,0,0,39734,33983866064,333115577627
2022-04-26,Z304GB4W,0,175198488,8,0,970079803,39769,8,0,0,0,0,0,20,0,1979,20,0,0,0,39758,33993402456,333413420537
2022-04-27,Z304GB4W,0,168913016,8,0,970636204,39793,8,0,0,0,0,0,20,0,1981,20,0,0,0,39782,34007574912,333613175416
2022-04-28,Z304GB4W,0,91900488,8,0,971475399,39816,8,0,0,0,0,0,20,0,1981,20,0,0,0,39806,34019572280,333863091999
2022-04-29,Z304GB4W,0,49259560,8,0,972239204,39840,8,0,0,0,0,0,20,0,1981,20,0,0,0,39829,34036399408,334128490021
2022-04-30,Z304GB4W,0,33522304,8,0,975261565,39864,8,0,0,0,0,0,20,0,1981,20,0,0,0,39853,34050977368,334419408022
2022-05-01,Z304GB4W,0,150898264,8,0,976048031,39888,8,0,0,0,0,0,20,0,1981,20,0,0,0,39877,34064185376,334645404552
2022-05-02,Z304GB4W,0,75331584,8,0,977522981,39912,8,0,0,0,0,0,20,0,1981,20,0,0,0,39901,34075520216,334889872008
2022-05-03,Z304GB4W,0,111368184,8,0,978210578,39936,8,0,0,0,0,0,20,0,1981,20,0,0,0,39925,34086484416,335163216341
2022-05-04,Z304GB4W,0,74068008,8,0,978912641,39959,8,0,0,0,0,0,20,0,1981,20,0,0,0,39948,34098352312,335377234164
2022-05-05,Z304GB4W,0,176060616,8,0,979634700,39983,8,0,0,0,0,0,20,0,1982,20,0,0,0,39972,34113326248,335562383547
2022-05-06,Z304GB4W,0,216861640,8,0,980464266,40007,8,0,0,0,0,0,20,0,1982,20,0,0,0,39996,34123335440,335805123746
2022-05-07,Z304GB4W,0,172806112,8,0,982061817,40030,8,0,0,0,0,0,20,0,1982,20,0,0,0,40019,34135083032,336097648492
2022-05-08,Z304GB4W,0,163958952,8,0,982656398,40054,8,0,0,0,0,0,20,0,1982,20,0,0,0,40043,34153397584,336300096321
2022-05-09,Z304GB4W,0,132008824,8,0,984054479,40078,8,0,0,0,0,0,20,0,1982,20,0,0,0,40067,34168235848,336492793027
2022-05-10,Z304GB4W,0,4260936,8,0,984558542,40102,8,0,0,0,0,0,20,0,1982,20,0,0,0,40091,34180970288,336663299217
2022-05-11,Z304GB4W,0,23995800,8,0,985122594,40125,8,0,0,0,0,0,20,0,1982,20,0,0,0,40114,34194399208,336857392119
2022-05-12,Z304GB4W,0,241623544,8,0,986180862,40161,8,0,0,0,0,0,20,0,1982,20,0,0,0,40150,34217906288,337131202951
2022-05-13,Z304GB4W,0,98441984,8,0,987256011,40185,8,0,0,0,0,0,20,0,1982,20,0,0,0,40174,34228679040,337362995251
2022-05-14,Z304GB4W,0,17184608,8,0,988325600,40208,8,0,0,0,0,0,20,0,1982,20,0,0,0,40197,34244208768,337548820875
2022-05-15,Z304GB4W,0,164554896,8,0,989010579,40232,8,0,0,0,0,0,20,0,1982,20,0,0,0,40221,34262094728,337765248944
2022-05-16,Z304GB4W,0,183225560,8,0,990323144,40256,8,0,0,0,0,0,20,0,1982,20,0,0,0,40245,34276749720,337849188654
2022-05-17,Z304GB4W,0,17676800,8,0,990767313,40280,8,0,0,0,0,0,20,0,1982,20,0,0,0,40269,34292663424,337930770136
2022-05-18,Z304GB4W,0,8534240,8,0,991322907,40303,8,0,0,0,0,0,20,0,1983,20,0,0,0,40292,34325554968,338011997911
2022-05-19,Z304GB4W,0,230527960,8,0,992074709,40327,8,0,0,0,0,0,20,0,1983,20,0,0,0,40316,34339149832,338176047372
2022-05-20,Z304GB4W,0,94574072,8,0,993152191,40351,8,0,0,0,0,0,20,0,1983,20,0,0,0,40340,34352445928,338391437634
2022-05-21,Z304GB4W,0,100599136,8,0,995475619,40375,8,0,0,0,0,0,20,0,1983,20,0,0,0,40364,34368690400,338563491576
2022-05-22,Z304GB4W,0,243163904,8,0,996181174,40398,8,0,0,0,0,0,20,0,1983,20,0,0,0,40387,34383022792,338778411007
2022-05-23,Z304GB4W,0,165844192,8,0,997743128,40422,8,0,0,0,0,0,20,0,1983,20,0,0,0,40411,34408119592,338908137379
2022-05-24,Z304GB4W,0,203205448,8,0,998402508,40446,8,0,0,0,0,0,20,0,1983,20,0,0,0,40435,34424955608,339125312745
2022-05-25,Z304GB4W,0,146537944,8,0,999109169,40469,8,0,0,0,0,0,20,0,1984,20,0,0,0,40458,34439959736,339295038486
2022-05-26,Z304GB4W,0,46128264,8,0,999820186,40493,8,0,0,0,0,0,20,0,1984,20,0,0,0,40482,34453611304,339459795863
2022-05-27,Z304GB4W,0,42151128,8,0,918126,40517,8,0,0,0,0,0,20,0,1984,20,0,0,0,40506,34469663960,339625328530
2022-05-28,Z304GB4W,0,129124032,8,0,2437913,40540,8,0,0,0,0,0,20,0,1984,20,0,0,0,40529,34483931360,339795043996
2022-05-29,Z304GB4W,0,39923000,8,0,3217189,40564,8,0,0,0,0,0,20,0,1984,20,0,0,0,40553,34509680680,339950041505
2022-05-30,Z304GB4W,0,27830120,8,0,4650096,40588,8,0,0,0,0,0,20,0,1984,20,0,0,0,40577,34529304272,340060089694
2022-05-31,Z304GB4W,0,68271440,8,0,5318831,40611,8,0,0,0,0,0,20,0,1984,20,0,0,0,40600,34550523736,340215762532
2022-06-01,Z304GB4W,0,181193776,8,0,5975394,40635,8,0,0,0,0,0,20,0,1984,20,0,0,0,40624,34565823264,340385937894
2022-06-02,Z304GB4W,0,216576568,8,0,6761131,40659,8,0,0,0,0,0,20,0,1985,20,0,0,0,40648,34581416744,340564424063
2022-06-03,Z304GB4W,0,16621672,8,0,7613903,40682,8,0,0,0,0,0,20,0,1985,20,0,0,0,40672,34600532008,340787567035
2022-06-04,Z304GB4W,0,225658688,8,0,9259093,40706,8,0,0,0,0,0,20,0,1985,20,0,0,0,40695,34614730008,341000475877
2022-06-05,Z304GB4W,0,30043768,8,0,9947132,40730,8,0,0,0,0,0,20,0,1985,20,0,0,0,40719,34627095944,341187005305
2022-06-06,Z304GB4W,0,217884600,8,0,11441387,40754,8,0,0,0,0,0,20,0,1985,20,0,0,0,40743,34639555584,341329358298
2022-06-07,Z304GB4W,0,85716560,8,0,12179165,40777,8,0,0,0,0,0,20,0,1985,20,0,0,0,40766,34654014024,341522747322
2022-06-08,Z304GB4W,0,45243896,8,0,12907058,40801,8,0,0,0,0,0,20,0,1986,20,0,0,0,40790,34672635440,341685799321
2022-06-09,Z304GB4W,0,43920856,8,0,13704317,40825,8,0,0,0,0,0,20,0,1986,20,0,0,0,40814,34689686432,341861760160
2022-06-10,Z304GB4W,0,65063688,8,0,15697207,40849,8,0,0,0,0,0,20,0,1986,20,0,0,0,40838,34701503200,342080748274
2022-06-11,Z304GB4W,0,163243024,8,0,17569080,40872,8,0,0,0,0,0,20,0,1986,20,0,0,0,40861,34723200768,342458977265
2022-06-12,Z304GB4W,0,221121752,8,0,18306280,40896,8,0,0,0,0,0,20,0,1986,20,0,0,0,40885,34737658776,342738893123
2022-06-13,Z304GB4W,0,78776080,8,0,19617869,40920,8,0,0,0,0,0,20,0,1986,20,0,0,0,40909,34758977208,342875093491
2022-06-14,Z304GB4W,0,165246448,8,0,20384583,40943,8,0,0,0,0,0,20,0,1986,20,0,0,0,40932,34775370544,343045882125
2022-06-15,Z304GB4W,0,27696184,8,0,21091968,40967,8,0,0,0,0,0,20,0,1986,20,0,0,0,40956,34791610192,343288784724
2022-06-16,Z304GB4W,0,85487880,8,0,21906277,40990,8,0,0,0,0,0,20,0,1986,20,0,0,0,40980,34805382040,343560701702
2022-06-17,Z304GB4W,0,175670360,8,0,22613272,41014,8,0,0,0,0,0,20,0,1988,20,0,0,0,41003,34821406224,343714298304
2022-06-18,Z304GB4W,0,17378920,8,0,24862737,41050,8,0,0,0,0,0,20,0,1988,20,0,0,0,41039,34843906512,344218482993
2022-06-19,Z304GB4W,0,119299240,8,0,25648387,41074,8,0,0,0,0,0,20,0,1988,20,0,0,0,41063,34858590376,344497193207
2022-06-20,Z304GB4W,0,76627808,8,0,27138544,41097,8,0,0,0,0,0,20,0,1988,20,0,0,0,41086,34873717528,344623988433
2022-06-21,Z304GB4W,0,54852136,8,0,27977759,41121,8,0,0,0,0,0,20,0,1988,20,0,0,0,41110,34891276856,344855588768
2022-06-22,Z304GB4W,0,225474112,8,0,28397273,41133,8,0,0,0,0,0,20,0,1988,20,0,0,0,41122,34899358688,344974556797
2022-06-23,Z304GB4W,0,129457944,8,0,29920262,41169,8,0,0,0,0,0,20,0,1988,20,0,0,0,41158,34918784992,345664437413
2022-06-24,Z304GB4W,0,6496608,8,0,30490414,41181,8,0,0,0,0,0,20,0,1988,20,0,0,0,41170,34919334728,346041380579
2022-06-25,Z304GB4W,0,1145864,8,0,34093530,41205,8,0,0,0,0,0,20,0,1988,20,0,0,0,41194,34920347048,347375135166
2022-06-26,Z304GB4W,0,47908728,8,0,37659917,41229,8,0,0,0,0,0,20,0,1988,20,0,0,0,41218,34921498192,348566072061
2022-06-27,Z304GB4W,0,239026344,8,0,40169740,41253,8,0,0,0,0,0,20,0,1988,20,0,0,0,41242,34923386688,349550472525
2022-06-28,Z304GB4W,0,26425472,8,0,43505140,41277,8,0,0,0,0,0,20,0,1988,20,0,0,0,41266,34925324056,350630825728
2022-06-29,Z304GB4W,0,32839376,8,0,46295681,41300,8,0,0,0,0,0,20,0,1988,20,0,0,0,41289,34926214400,351593212428
2022-06-30,Z304GB4W,0,35594992,8,0,49444990,41324,8,0,0,0,0,0,20,0,1989,20,0,0,0,41313,34937811456,352545377620
2022-07-01,Z304GB4W,0,179077600,8,0,50138062,41348,8,0,0,0,0,0,20,0,1989,20,0,0,0,41337,34953050616,352778096516
2022-07-02,Z304GB4W,0,239323184,8,0,51953230,41372,8,0,0,0,0,0,20,0,1989,20,0,0,0,41361,34974191872,353052576583
2022-07-03,Z304GB4W,0,178602632,8,0,52682798,41396,8,0,0,0,0,0,20,0,1989,20,0,0,0,41385,34995437656,353258350238
2022-07-04,Z304GB4W,0,160822048,8,0,54067243,41419,8,0,0,0,0,0,20,0,1989,20,0,0,0,41408,35011279712,353407568298
2022-07-05,Z304GB4W,0,134403264,8,0,54949824,41443,8,0,0,0,0,0,20,0,1989,20,0,0,0,41432,35025804248,353570376928
2022-07-06,Z304GB4W,0,114859424,8,0,56577785,41467,8,0,0,0,0,0,20,0,1989,20,0,0,0,41456,35041702256,353758171074
2022-07-07,Z304GB4W,0,119568560,8,0,57648561,41503,8,0,0,0,0,0,20,0,1990,20,0,0,0,41492,35067959568,354083640069
2022-07-08,Z304GB4W,0,242047512,8,0,58694798,41527,8,0,0,0,0,0,20,0,1990,20,0,0,0,41515,35082641512,354271377829
2022-07-09,Z304GB4W,0,208315720,8,0,59920133,41550,8,0,0,0,0,0,20,0,1990,20,0,0,0,41539,35099644048,354445354269
2022-07-10,Z304GB4W,0,207376928,8,0,60464437,41574,8,0,0,0,0,0,20,0,1990,20,0,0,0,41563,35128262232,354540612053
2022-07-11,Z304GB4W,0,165373056,8,0,61825832,41598,8,0,0,0,0,0,20,0,1990,20,0,0,0,41587,35141447504,354619772679
2022-07-12,Z304GB4W,0,78329112,8,0,62389524,41622,8,0,0,0,0,0,20,0,1990,20,0,0,0,41611,35169475896,354726201924
2022-07-13,Z304GB4W,0,97009376,8,0,62964370,41645,8,0,0,0,0,0,20,0,1990,20,0,0,0,41634,35182530952,354891586662
2022-07-14,Z304GB4W,0,3946528,8,0,63629144,41669,8,0,0,0,0,0,20,0,1991,20,0,0,0,41658,35198739560,355052270910
2022-07-15,Z304GB4W,0,230972248,8,0,64824215,41693,8,0,0,0,0,0,20,0,1991,20,0,0,0,41682,35219095104,355263250574
2022-07-16,Z304GB4W,0,229040008,8,0,66002419,41717,8,0,0,0,0,0,20,0,1991,20,0,0,0,41705,35238071760,355413625041
2022-07-17,Z304GB4W,0,173798552,8,0,66765201,41740,8,0,0,0,0,0,20,0,1991,20,0,0,0,41729,35262989600,355640946384
2022-07-18,Z304GB4W,0,203999800,8,0,68255368,41764,8,0,0,0,0,0,20,0,1991,20,0,0,0,41753,35280149824,355777492875
2022-07-19,Z304GB4W,0,200652744,8,0,70022785,41788,8,0,0,0,0,0,20,0,1991,20,0,0,0,41777,35297069440,355952175724
2022-07-20,Z304GB4W,0,38060592,8,0,70711256,41812,8,0,0,0,0,0,20,0,1992,20,0,0,0,41801,35314141464,356104952986
2022-07-21,Z304GB4W,0,231728248,8,0,71384912,41836,8,0,0,0,0,0,20,0,1992,20,0,0,0,41824,35331890392,356249061352
2022-07-22,Z304GB4W,0,160522304,8,0,72341546,41859,8,0,0,0,0,0,20,0,1992,20,0,0,0,41848,35350473784,356421107578
2022-07-23,Z304GB4W,0,193479872,8,0,73773071,41883,8,0,0,0,0,0,20,0,1992,20,0,0,0,41872,35370092400,356572249605
2022-07-24,Z304GB4W,0,127798464,8,0,74392632,41907,8,0,0,0,0,0,20,0,1992,20,0,0,0,41896,35383893216,356723007740
2022-07-25,Z304GB4W,0,63645608,8,0,75919351,41931,8,0,0,0,0,0,20,0,1992,20,0,0,0,41919,35399600672,356865600188
2022-07-26,Z304GB4W,0,140775432,8,0,76619100,41954,8,0,0,0,0,0,20,0,1992,20,0,0,0,41943,35417025072,357043987475
2022-07-27,Z304GB4W,0,122362792,8,0,77398261,41978,8,0,0,0,0,0,20,0,1993,20,0,0,0,41967,35436367576,357224025318
2022-07-28,Z304GB4W,0,89643032,8,0,78122999,42002,8,0,0,0,0,0,20,0,1993,20,0,0,0,41991,35455243496,357409796348
2022-07-29,Z304GB4W,0,150335312,8,0,78990917,42026,8,0,0,0,0,0,20,0,1993,20,0,0,0,42014,35478544808,357597904459
2022-07-30,Z304GB4W,0,93253992,8,0,80772176,42050,8,0,0,0,0,0,20,0,1993,20,0,0,0,42038,35501892104,357812386494
2022-07-31,Z304GB4W,0,160532952,8,0,81470626,42073,8,0,0,0,0,0,20,0,1993,20,0,0,0,42062,35521900464,357997463501
2022-08-01,Z304GB4W,0,112759288,8,0,82956155,42097,8,0,0,0,0,0,20,0,1993,20,0,0,0,42086,35534804664,358119875160
2022-08-02,Z304GB4W,0,184171296,10,0,84597023,42122,10,0,0,0,0,0,22,0,2006,22,0,0,0,42110,35557124248,358305976463
2022-08-03,Z304GB4W,0,128634272,10,0,85327716,42145,10,0,0,0,0,0,22,0,2008,22,0,0,0,42134,35573868104,358487192556
2022-08-04,Z304GB4W,0,18619104,10,0,86122566,42169,10,0,0,0,0,0,22,0,2008,22,0,0,0,42158,35592242752,358653616795
2022-08-05,Z304GB4W,0,103266328,10,0,86922873,42193,10,0,0,0,0,0,22,0,2008,22,0,0,0,42181,35611222784,358817000845
2022-08-06,Z304GB4W,0,98798336,10,0,88662740,42217,10,0,0,0,0,0,22,0,2008,22,0,0,0,42205,35630909224,359187030500
2022-08-07,Z304GB4W,0,208638400,10,0,89348131,42241,10,0,0,0,0,0,22,0,2008,22,0,0,0,42229,35651938712,359481466364
2022-08-08,Z304GB4W,0,98197696,10,0,90923707,42265,10,0,0,0,0,0,21,0,2008,21,0,0,0,42253,35668334320,359627875732
2022-08-09,Z304GB4W,0,108902448,10,0,91593306,42289,10,0,0,0,0,0,22,0,2008,22,0,0,0,42277,35688402832,359796900559
2022-08-10,Z304GB4W,0,128880672,10,0,92443961,42312,10,0,0,0,0,0,22,0,2008,22,0,0,0,42301,35718587888,360062799604
2022-08-11,Z304GB4W,0,139393520,10,0,93157731,42336,10,0,0,0,0,0,21,0,2008,21,0,0,0,42325,35738940056,360293553130
2022-08-12,Z304GB4W,0,66777320,10,0,93959092,42360,10,0,0,0,0,0,22,0,2008,22,0,0,0,42349,35762402080,360560477659
2022-08-13,Z304GB4W,0,9005408,10,0,96652711,42384,10,0,0,0,0,0,22,0,2008,22,0,0,0,42373,35779411024,360906013467
2022-08-14,Z304GB4W,0,30466768,10,0,97512175,42408,10,0,0,0,0,0,22,0,2008,22,0,0,0,42397,35802467520,361149602801
2022-08-15,Z304GB4W,0,204447608,10,0,99117653,42432,10,0,0,0,0,0,21,0,2008,21,0,0,0,42421,35825035072,361302406122
2022-08-16,Z304GB4W,0,51772616,10,0,99947584,42456,10,0,0,0,0,0,22,0,2008,22,0,0,0,42444,35840955888,361536266923
2022-08-17,Z304GB4W,0,110160504,10,0,100710924,42480,10,0,0,0,0,0,22,0,2010,22,0,0,0,42468,35862218320,361792413646
2022-08-18,Z304GB4W,0,59148472,10,0,101497882,42504,10,0,0,0,0,0,22,0,2010,22,0,0,0,42492,35881964384,361962199513
2022-08-19,Z304GB4W,0,59924624,10,0,102233354,42528,10,0,0,0,0,0,22,0,2010,22,0,0,0,42516,35907034832,362150248634
2022-08-20,Z304GB4W,0,114714232,10,0,104216841,42552,10,0,0,0,0,0,22,0,2010,22,0,0,0,42540,35932530688,362419941773
2022-08-21,Z304GB4W,0,120482896,10,0,104992873,42575,10,0,0,0,0,0,21,0,2010,21,0,0,0,42564,35954179112,362619626406
2022-08-22,Z304GB4W,0,230006088,10,0,106537753,42599,10,0,0,0,0,0,22,0,2010,22,0,0,0,42588,35973946176,362746495770
2022-08-23,Z304GB4W,0,217811152,10,0,107236487,42623,10,0,0,0,0,0,22,0,2010,22,0,0,0,42612,35990361256,362935172425
2022-08-24,Z304GB4W,0,55541680,10,0,108612282,42648,10,0,0,0,0,0,21,0,2010,21,0,0,0,42637,36014300184,363121917511
2022-08-25,Z304GB4W,0,94727904,10,0,109487590,42672,10,0,0,0,0,0,22,0,2011,22,0,0,0,42660,36039327288,363315913438
2022-08-26,Z304GB4W,0,238282240,10,0,110208928,42696,10,0,0,0,0,0,22,0,2011,22,0,0,0,42684,36059407280,363514576371
2022-08-27,Z304GB4W,0,238110984,10,0,111989086,42719,10,0,0,0,0,0,22,0,2011,22,0,0,0,42708,36079390032,363745261279
2022-08-28,Z304GB4W,0,71318088,10,0,112705690,42743,10,0,0,0,0,0,22,0,2011,22,0,0,0,42732,36103370168,363882264062
2022-08-29,Z304GB4W,0,157244760,10,0,114116862,42767,10,0,0,0,0,0,22,0,2011,22,0,0,0,42756,36128266656,363943367018
2022-08-30,Z304GB4W,0,105610240,10,0,114789962,42791,10,0,0,0,0,0,21,0,2011,21,0,0,0,42780,36158317720,364009890718
2022-08-31,Z304GB4W,0,125282960,10,0,115584301,42815,10,0,0,0,0,0,22,0,2011,22,0,0,0,42804,36186318952,364197818698
2022-09-01,Z304GB4W,0,146601816,10,0,116463694,42839,10,0,0,0,0,0,22,0,2012,22,0,0,0,42827,36207697280,364377213122
2022-09-02,Z304GB4W,0,49594008,10,0,117782393,42862,10,0,0,0,0,0,22,0,2012,22,0,0,0,42851,36234345912,364536318873
2022-09-03,Z304GB4W,0,37844440,10,0,119691846,42886,10,0,0,0,0,0,22,0,2012,22,0,0,0,42875,36254142312,364772994546
2022-09-04,Z304GB4W,0,198875992,10,0,120441608,42910,10,0,0,0,0,0,22,0,2012,22,0,0,0,42899,36284485696,364936380078
2022-09-05,Z304GB4W,0,2801952,10,0,122117874,42934,10,0,0,0,0,0,22,0,2012,22,0,0,0,42923,36305092176,365103805403
2022-09-06,Z304GB4W,0,226456792,10,0,122952589,42958,10,0,0,0,0,0,22,0,2012,22,0,0,0,42947,36329503872,365292412479
2022-09-07,Z304GB4W,0,48583504,10,0,123735388,42982,10,0,0,0,0,0,22,0,2012,22,0,0,0,42970,36354806968,365435082199
2022-09-08,Z304GB4W,0,63687872,10,0,125024010,43006,10,0,0,0,0,0,21,0,2015,21,0,0,0,42994,36376807712,365591366310
2022-09-09,Z304GB4W,0,96616672,10,0,125858352,43030,10,0,0,0,0,0,21,0,2015,21,0,0,0,43018,36399883304,365752484029
2022-09-10,Z304GB4W,0,194170296,10,0,127700056,43054,10,0,0,0,0,0,21,0,2015,21,0,0,0,43042,36427463448,365923986233
2022-09-11,Z304GB4W,0,135025480,10,0,128488681,43077,10,0,0,0,0,0,22,0,2015,22,0,0,0,43066,36452905512,366072319937
2022-09-12,Z304GB4W,0,183664328,10,0,129952421,43101,10,0,0,0,0,0,22,0,2015,22,0,0,0,43090,36478376816,366195123036
2022-09-13,Z304GB4W,0,44314088,10,0,131122287,43125,10,0,0,0,0,0,22,0,2015,22,0,0,0,43114,36508221040,366370177200
2022-09-14,Z304GB4W,0,49229512,10,0,132130160,43149,10,0,0,0,0,0,22,0,2015,22,0,0,0,43138,36544785360,366550894751
2022-09-15,Z304GB4W,0,29073592,10,0,133089457,43173,10,0,0,1,0,0,22,0,2015,22,0,0,0,43162,36574926864,366753237428
2022-09-16,Z304GB4W,0,227809712,10,0,134611935,43197,10,0,0,1,0,0,21,0,2017,21,0,0,0,43185,36602765800,366923418741
2022-09-17,Z304GB4W,0,92074416,10,0,135597795,43221,10,0,0,1,0,0,22,0,2017,22,0,0,0,43209,36626502224,367123060058
2022-09-18,Z304GB4W,0,166348992,10,0,136471871,43245,10,0,0,1,0,0,22,0,2017,22,0,0,0,43233,36650877424,367318948637
2022-09-19,Z304GB4W,0,15101624,10,0,137930120,43269,10,0,0,1,0,0,22,0,2017,22,0,0,0,43257,36681376496,367463154754
2022-09-20,Z304GB4W,0,112375000,10,0,139074739,43293,10,0,0,1,0,0,21,0,2017,21,0,0,0,43281,36716625000,367627506697
2022-09-21,Z304GB4W,0,160938656,10,0,139960665,43316,10,0,0,1,0,0,22,0,2017,22,0,0,0,43305,36746338904,367825917272
2022-09-22,Z304GB4W,0,205037904,10,0,140858585,43340,10,0,0,1,0,0,22,0,2018,22,0,0,0,43329,36768083584,367998779359
2022-09-23,Z304GB4W,0,238459384,10,0,141753841,43364,10,0,0,1,0,0,22,0,2018,22,0,0,0,43353,36793905336,368194465292
2022-09-24,Z304GB4W,0,129222264,10,0,143712228,43388,10,0,0,1,0,0,22,0,2018,22,0,0,0,43377,36818256640,368417807930
2022-09-25,Z304GB4W,0,211817448,10,0,144558972,43412,10,0,0,1,0,0,22,0,2018,22,0,0,0,43400,36835410952,368609482011
2022-09-26,Z304GB4W,0,183792720,10,0,146586916,43436,10,0,0,1,0,0,22,0,2018,22,0,0,0,43424,36851735264,368760414884
2022-09-27,Z304GB4W,0,137988712,10,0,147648513,43460,10,0,0,1,0,0,22,0,2018,22,0,0,0,43448,36865076432,368911319320
2022-09-28,Z304GB4W,0,55957560,10,0,148775499,43496,10,0,0,1,0,0,22,0,2020,22,0,0,0,43484,36884996720,369295182052
2022-09-29,Z304GB4W,0,52414376,10,0,149482302,43520,10,0,0,1,0,0,22,0,2020,22,0,0,0,43508,36897724528,369590190371
2022-09-30,Z304GB4W,0,169106296,10,0,150694134,43543,10,0,0,1,0,0,22,0,2020,22,0,0,0,43532,36909096856,369795452137
2022-10-01,Z304GB4W,0,243097312,10,0,151935990,43567,10,0,0,1,0,0,22,0,2020,22,0,0,0,43556,36923081512,370039344042
2022-10-02,Z304GB4W,0,126225464,10,0,152707156,43591,10,0,0,1,0,0,22,0,2020,22,0,0,0,43580,36938166560,370334506403
2022-10-03,Z304GB4W,0,133300992,10,0,154313519,43616,10,0,0,1,0,0,22,0,2034,22,0,0,0,43604,36951849128,370500485817
2022-10-04,Z304GB4W,0,105963136,10,0,155527386,43640,10,0,0,1,0,0,22,0,2034,22,0,0,0,43628,36966572472,370717758284
2022-10-05,Z304GB4W,0,194091680,10,0,156374875,43664,10,0,0,1,0,0,22,0,2034,22,0,0,0,43652,36984377032,371051897146
2022-10-06,Z304GB4W,0,175476624,10,0,156812987,43676,10,0,0,1,0,0,22,0,2034,22,0,0,0,43664,36992346496,371203068337
2022-10-07,Z304GB4W,0,194673760,10,0,157486895,43700,10,0,0,1,0,0,22,0,2034,22,0,0,0,43688,37000275888,371412483766
2022-10-08,Z304GB4W,0,195796936,10,0,159331383,43724,10,0,0,1,0,0,22,0,2034,22,0,0,0,43712,37011404232,371647276420
2022-10-09,Z304GB4W,0,61711808,10,0,160118253,43748,10,0,0,1,0,0,21,0,2034,21,0,0,0,43735,37028736656,371922098160
2022-10-10,Z304GB4W,0,67693976,10,0,161223696,43771,10,0,0,1,0,0,22,0,2034,22,0,0,0,43759,37040672096,372084763354
2022-10-11,Z304GB4W,0,154260320,10,0,162703058,43795,10,0,0,1,0,0,22,0,2034,22,0,0,0,43783,37050644536,372289638141
2022-10-12,Z304GB4W,0,129825976,10,0,163668137,43831,10,0,0,1,0,0,22,0,2035,22,0,0,0,43819,37072751352,372573460932
2022-10-13,Z304GB4W,0,162123176,10,0,164358821,43855,10,0,0,1,0,0,22,0,2035,22,0,0,0,43843,37085673976,372755277955
2022-10-14,Z304GB4W,0,83777392,10,0,165857207,43879,10,0,0,1,0,0,22,0,2035,22,0,0,0,43867,37097936944,372937345112
2022-10-15,Z304GB4W,0,204500144,10,0,166735804,43903,10,0,0,1,0,0,22,0,2035,22,0,0,0,43891,37108241336,373131522855
2022-10-16,Z304GB4W,0,63375688,10,0,167369503,43927,10,0,0,1,0,0,22,0,2035,22,0,0,0,43914,37120132832,373335767167
2022-10-17,Z304GB4W,0,197103984,10,0,168881862,43950,10,0,0,1,0,0,22,0,2035,22,0,0,0,43938,37131158896,373475712310
2022-10-18,Z304GB4W,0,83603952,10,0,170186320,43974,10,0,0,1,0,0,22,0,2035,22,0,0,0,43962,37141992560,373643523107
2022-10-19,Z304GB4W,0,235559904,10,0,170736298,43998,10,0,0,1,0,0,21,0,2036,21,0,0,0,43986,37156819464,373762679324
2022-10-20,Z304GB4W,0,189368784,10,0,171165416,44022,10,0,0,1,0,0,21,0,2036,21,0,0,0,44010,37166388608,373830986790
2022-10-21,Z304GB4W,0,37061080,10,0,172436292,44046,10,0,0,1,0,0,21,0,2036,21,0,0,0,44034,37181122456,373962923622
2022-10-22,Z304GB4W,0,231277784,10,0,173477277,44070,10,0,0,1,0,0,21,0,2036,21,0,0,0,44058,37193809504,374160562557
2022-10-23,Z304GB4W,0,117295616,10,0,174104320,44094,10,0,0,1,0,0,22,0,2036,22,0,0,0,44082,37205241928,374330790106
2022-10-24,Z304GB4W,0,231869960,10,0,175627943,44118,10,0,0,1,0,0,21,0,2036,21,0,0,0,44106,37214749200,374451909659
2022-10-25,Z304GB4W,0,71619344,10,0,176245449,44142,10,0,0,1,0,0,21,0,2036,21,0,0,0,44130,37225776264,374611445676
2022-10-26,Z304GB4W,0,228828960,10,0,177023558,44166,10,0,0,1,0,0,22,0,2036,22,0,0,0,44154,37243101192,374823160128
2022-10-27,Z304GB4W,0,189894864,10,0,177693380,44190,10,0,0,1,0,0,22,0,2036,22,0,0,0,44178,37254180856,374964864795
2022-10-28,Z304GB4W,0,155033384,10,0,178997990,44214,10,0,0,1,0,0,22,0,2036,22,0,0,0,44202,37268758808,375134679459
2022-10-29,Z304GB4W,0,79217912,10,0,180894770,44238,10,0,0,1,0,0,22,0,2036,22,0,0,0,44225,37282252984,375307965442
2022-10-30,Z304GB4W,0,34681480,10,0,181471899,44261,10,0,0,1,0,0,22,0,2036,22,0,0,0,44249,37292967144,375440831210
2022-10-31,Z304GB4W,0,152822160,10,0,182958582,44285,10,0,0,1,0,0,22,0,2036,22,0,0,0,44273,37303297648,375538441012
2022-11-01,Z304GB4W,0,238164016,10,0,183625248,44309,10,0,0,1,0,0,22,0,2036,22,0,0,0,44297,37313270952,375710713028
2022-11-02,Z304GB4W,0,146013072,10,0,184302305,44333,10,0,0,1,0,0,21,0,2037,21,0,0,0,44321,37331751144,375853173929
2022-11-03,Z304GB4W,0,64585456,10,0,184850274,44357,10,0,0,1,0,0,21,0,2037,21,0,0,0,44345,37344884920,375936928197
2022-11-04,Z304GB4W,0,221848560,10,0,186010031,44381,10,0,0,1,0,0,21,0,2037,21,0,0,0,44369,37358236304,376063695975
2022-11-05,Z304GB4W,0,228378016,10,0,187273566,44405,10,0,0,1,0,0,21,0,2037,21,0,0,0,44392,37370796624,376253047477
2022-11-06,Z304GB4W,0,157345000,10,0,188040141,44429,10,0,0,1,0,0,21,0,2037,21,0,0,0,44416,37390316080,376436720173
2022-11-07,Z304GB4W,0,124392552,10,0,189760227,44452,10,0,0,1,0,0,22,0,2037,22,0,0,0,44440,37415260792,376552979019
2022-11-08,Z304GB4W,0,25334496,10,0,190479226,44476,10,0,0,1,0,0,22,0,2037,22,0,0,0,44464,37428843936,376734755066
2022-11-09,Z304GB4W,0,215048560,10,0,192003312,44500,10,0,0,1,0,0,22,0,2038,22,0,0,0,44488,37441498488,376916824689
2022-11-10,Z304GB4W,0,59395480,10,0,192705423,44524,10,0,0,1,0,0,22,0,2038,22,0,0,0,44511,37458862880,377103031674
2022-11-11,Z304GB4W,0,144301064,10,0,193797426,44548,10,0,0,1,0,0,22,0,2038,22,0,0,0,44535,37469061088,377311429102
2022-11-12,Z304GB4W,0,108313120,10,0,195296160,44571,10,0,0,1,0,0,21,0,2038,21,0,0,0,44559,37479896368,377538005928
2022-11-13,Z304GB4W,0,209595304,10,0,195974989,44595,10,0,0,1,0,0,22,0,2038,22,0,0,0,44583,37492574280,377720788975
2022-11-14,Z304GB4W,0,113449512,10,0,197611410,44619,10,0,0,1,0,0,22,0,2038,22,0,0,0,44607,37506556672,377858515699
2022-11-15,Z304GB4W,0,75735840,10,0,198286987,44643,10,0,0,1,0,0,22,0,2038,22,0,0,0,44631,37523227160,378014301128
2022-11-16,Z304GB4W,0,171582256,10,0,198983609,44667,10,0,0,1,0,0,21,0,2039,21,0,0,0,44654,37538129448,378155170923
2022-11-17,Z304GB4W,0,168085192,10,0,200840129,44691,10,0,0,1,0,0,22,0,2039,22,0,0,0,44678,37550554608,378236293370
2022-11-18,Z304GB4W,0,171712256,10,0,203040527,44714,10,0,0,1,0,0,22,0,2039,22,0,0,0,44702,37564143184,378311658950
2022-11-19,Z304GB4W,0,222427160,10,0,204661504,44738,10,0,0,1,0,0,21,0,2040,21,0,0,0,44726,37579735056,378385950890
2022-11-20,Z304GB4W,0,112354768,10,0,205355519,44762,10,0,0,1,0,0,22,0,2040,22,0,0,0,44750,37592101456,378537566714
2022-11-21,Z304GB4W,0,224492304,10,0,206964458,44786,10,0,0,1,0,0,21,0,2040,21,0,0,0,44774,37613036808,378652846211
2022-11-22,Z304GB4W,0,164283632,10,0,207638871,44810,10,0,0,1,0,0,21,0,2040,21,0,0,0,44798,37632767816,378911924331
2022-11-23,Z304GB4W,0,221573992,10,0,208278643,44834,10,0,0,1,0,0,21,0,2040,21,0,0,0,44822,37648044720,379226626205
2022-11-24,Z304GB4W,0,115965328,10,0,208860726,44858,10,0,0,1,0,0,21,0,2040,21,0,0,0,44846,37658908856,379457282586
2022-11-25,Z304GB4W,0,202662072,10,0,210286687,44882,10,0,0,1,0,0,22,0,2040,22,0,0,0,44870,37671554928,379656415549
2022-11-26,Z304GB4W,0,189593944,10,0,213339987,44906,10,0,0,4,0,0,21,0,2040,21,8,8,0,44893,37692038800,379975698546
2022-11-27,Z304GB4W,0,10862888,10,0,213980169,44930,10,0,0,4,0,0,21,0,2040,21,8,8,0,44917,37708248256,380195279405
2022-11-28,Z304GB4W,0,209201896,10,0,215639670,44954,10,0,0,4,0,0,21,0,2040,21,8,8,0,44941,37720929392,380354256968
2022-11-29,Z304GB4W,0,111510248,10,0,216412758,44978,10,0,0,4,0,0,21,0,2040,21,8,8,0,44965,37732343200,380682594884
2022-11-30,Z304GB4W,0,110423072,10,0,217107102,45001,10,0,0,4,0,0,21,0,2041,21,8,8,0,44989,37743261880,380937598004
2022-12-01,Z304GB4W,0,18259296,10,0,217800885,45025,10,0,0,4,0,0,23,0,2041,23,8,8,0,45013,37753470272,381128617497
2022-12-02,Z304GB4W,0,134633560,10,0,218767848,45049,10,0,0,4,0,0,22,0,2041,22,8,8,0,45037,37770137448,381361298273
2022-12-03,Z304GB4W,0,39003480,10,0,220478985,45073,10,0,0,4,0,0,22,0,2041,22,8,8,0,45061,37785382240,381632500015
2022-12-04,Z304GB4W,0,218062600,10,0,221145568,45097,10,0,0,4,0,0,21,0,2041,21,8,8,0,45085,37803800264,381854123031
2022-12-05,Z304GB4W,0,212637168,10,0,222723292,45121,10,0,0,4,0,0,22,0,2041,22,8,8,0,45109,37816826680,382017387364
2022-12-06,Z304GB4W,0,54929288,10,0,223305195,45145,10,0,0,4,0,0,22,0,2041,22,8,8,0,45133,37831335184,382206084345
2022-12-07,Z304GB4W,0,31719968,10,0,225093238,45169,10,0,0,4,0,0,22,0,2041,22,8,8,0,45157,37846941120,382394990559
2022-12-08,Z304GB4W,0,16806096,10,0,225773079,45193,10,0,0,4,0,0,22,0,2042,22,8,8,0,45180,37860546384,382553162462
2022-12-09,Z304GB4W,0,66574384,10,0,226378058,45217,10,0,0,4,0,0,22,0,2042,22,8,8,0,45204,37879376192,382714164632
2022-12-11,Z304GB4W,0,30921408,10,0,228770854,45264,10,0,0,4,0,0,22,0,2042,22,8,8,0,45252,37907869552,383147232030
2022-12-11,Z304GB4W,0,30921408,10,0,228770854,45264,10,0,0,4,0,0,22,0,2042,22,8,8,0,45252,37907869552,383147232030
2022-12-12,Z304GB4W,0,81307160,10,0,230278721,45288,10,0,0,4,0,0,22,0,2042,22,8,8,0,45276,37921035032,383248444434
2022-12-13,Z304GB4W,0,140975848,10,0,230752782,45312,10,0,0,4,0,0,21,0,2042,21,8,8,0,45300,37937368792,383348290645
2022-12-14,Z304GB4W,0,144587048,10,0,231170642,45336,10,0,0,4,0,0,22,0,2043,22,8,8,0,45323,37953563536,383403063752
2022-12-15,Z304GB4W,0,12189456,10,0,231819250,45360,10,0,0,4,0,0,21,0,2043,21,8,8,0,45347,37966051056,383553118038
2022-12-16,Z304GB4W,0,118740072,10,0,232476567,45384,10,0,0,4,0,0,22,0,2043,22,8,8,0,45371,37982719120,383733624673
2022-12-17,Z304GB4W,0,7863152,10,0,234309217,45408,10,0,0,4,0,0,21,0,2043,21,8,8,0,45395,38000127360,383939670095
2022-12-18,Z304GB4W,0,101637136,10,0,234897244,45431,10,0,0,4,0,0,22,0,2043,22,8,8,0,45419,38016961248,384088865908
2022-12-19,Z304GB4W,0,229530936,10,0,236535426,45455,10,0,0,4,0,0,22,0,2043,22,8,8,0,45443,38033068296,384231125935
2022-12-20,Z304GB4W,0,167398544,10,0,237204529,45479,10,0,0,4,0,0,21,0,2043,21,8,8,0,45467,38049548048,384412347846
2022-12-21,Z304GB4W,0,78429288,10,0,237862114,45503,10,0,0,4,0,0,22,0,2043,22,8,8,0,45491,38071362824,384543738640
2022-12-22,Z304GB4W,0,67219416,10,0,238556608,45527,10,0,0,4,0,0,28,0,2045,28,8,8,0,45515,38084793200,384705158117
2022-12-23,Z304GB4W,0,144011888,10,0,239607568,45551,10,0,0,4,0,0,28,0,2045,28,8,8,0,45539,38097276120,384860715692
2022-12-24,Z304GB4W,0,187274456,10,0,241912477,45575,10,0,0,4,0,0,28,0,2045,28,8,8,0,45562,38112345968,385021555580
2022-12-25,Z304GB4W,0,108094944,10,0,242661888,45599,10,0,0,4,0,0,28,0,2045,28,8,8,0,45586,38129169096,385164412933
2022-12-26,Z304GB4W,0,140923000,10,0,244167703,45623,10,0,0,4,0,0,28,0,2045,28,8,8,0,45610,38141094552,385276982577
2022-12-27,Z304GB4W,0,234495256,10,0,245022694,45647,10,0,0,4,0,0,28,0,2045,28,8,8,0,45634,38162039016,385444904206
2022-12-28,Z304GB4W,0,237958752,10,0,245668889,45670,10,0,0,4,0,0,28,0,2045,28,8,8,0,45658,38173712904,385596226613
2022-12-29,Z304GB4W,0,106193968,10,0,246883619,45694,10,0,0,4,0,0,28,0,2045,28,8,8,0,45682,38190367840,385800485925
2022-12-30,Z304GB4W,0,81126672,10,0,247620220,45718,10,0,0,4,0,0,28,0,2045,28,8,8,0,45706,38204789824,385989975389
2022-12-31,Z304GB4W,0,122434680,10,0,249535378,45742,10,0,0,4,0,0,28,0,2045,28,8,8,0,45730,38222220784,386198082305
