2022-01-01,Z305DGWK,0,220164920,11,0,63518802,51913,11,0,0,0,0,0,23,0,4998,23,0,0,0,51834,62318421016,315349795774
2022-01-02,Z305DGWK,0,73730072,11,0,64058101,51937,11,0,0,0,0,0,23,0,4998,23,0,0,0,51858,62336963848,315382755648
2022-01-03,Z305DGWK,0,67582312,11,0,64879067,51961,11,0,0,0,0,0,23,0,4998,23,0,0,0,51882,62353470832,315450960247
2022-01-04,Z305DGWK,0,138779984,11,0,68397619,51985,11,0,0,0,0,0,22,0,4998,22,0,0,0,51906,62369491336,315676575940
2022-01-05,Z305DGWK,0,143295232,11,0,69422522,52008,11,0,0,0,0,0,22,0,4998,22,0,0,0,51930,62385263640,315814854661
2022-01-06,Z305DGWK,0,177177288,11,0,71391071,52032,11,0,0,0,0,0,22,0,4998,22,0,0,0,51953,62399230024,315940376239
2022-01-07,Z305DGWK,0,79332296,11,0,73000850,52056,11,0,0,0,0,0,22,0,4998,22,0,0,0,51977,62411865600,316117857302
2022-01-08,Z305DGWK,0,184949312,11,0,74430236,52080,11,0,0,0,0,0,22,0,4998,22,0,0,0,52001,62417648512,316326761595
2022-01-09,Z305DGWK,0,59568448,11,0,75648737,52104,11,0,0,0,0,0,22,0,4998,22,0,0,0,52025,62427104352,316480642012
2022-01-10,Z305DGWK,0,232804304,11,0,77189924,52128,11,0,0,0,0,0,22,0,4998,22,0,0,0,52049,62440672736,316692389405
2022-01-11,Z305DGWK,0,214976720,11,0,81114762,52151,11,0,0,0,0,0,22,0,4998,22,0,0,0,52073,62450229952,316905195503
2022-01-12,Z305DGWK,0,81564312,11,0,82883503,52175,11,0,0,0,0,0,22,0,4998,22,0,0,0,52096,62462924784,317066202770
2022-01-13,Z305DGWK,0,119007600,11,0,84964785,52199,11,0,0,0,0,0,22,0,4998,22,0,0,0,52120,62471347056,317216127787
2022-01-14,Z305DGWK,0,227140616,11,0,86602008,52223,11,0,0,0,0,0,22,0,4998,22,0,0,0,52144,62482012680,317418698142
2022-01-15,Z305DGWK,0,85110912,11,0,88402408,52247,11,0,0,0,0,0,22,0,4998,22,0,0,0,52168,62494584176,317707481518
2022-01-16,Z305DGWK,0,238300824,11,0,89847742,52271,11,0,0,0,0,0,22,0,4998,22,0,0,0,52192,62511525560,317967903566
2022-01-17,Z305DGWK,0,70446960,11,0,91244672,52295,11,0,0,0,0,0,22,0,4998,22,0,0,0,52216,62524894240,318257073889
2022-01-18,Z305DGWK,0,108544720,11,0,94326448,52318,11,0,0,0,0,0,22,0,4998,22,0,0,0,52240,62541504040,318486195662
2022-01-19,Z305DGWK,0,115961016,11,0,95780159,52342,11,0,0,0,0,0,22,0,4998,22,0,0,0,52263,62555333560,318717037271
2022-01-20,Z305DGWK,0,160183600,11,0,97574657,52366,11,0,0,0,0,0,22,0,4998,22,0,0,0,52287,62570757512,318876554781
2022-01-21,Z305DGWK,0,36664464,11,0,99483333,52390,11,0,0,0,0,0,22,0,4998,22,0,0,0,52311,62591901408,319073845146
2022-01-22,Z305DGWK,0,234707304,11,0,100856902,52414,11,0,0,0,0,0,23,0,4998,23,0,0,0,52335,62604492416,319279848575
2022-01-23,Z305DGWK,0,11207896,11,0,102102796,52438,11,0,0,0,0,0,23,0,4998,23,0,0,0,52359,62620833352,319480770556
2022-01-24,Z305DGWK,0,60001752,11,0,103710849,52461,11,0,0,0,0,0,22,0,4998,22,0,0,0,52383,62635857832,319758412109
2022-01-25,Z305DGWK,0,210513512,11,0,107047495,52485,11,0,0,0,0,0,23,0,4998,23,0,0,0,52406,62651841608,320088075409
2022-01-26,Z305DGWK,0,77347888,11,0,108281163,52509,11,0,0,0,0,0,22,0,4998,22,0,0,0,52430,62666846992,320311042420
2022-01-27,Z305DGWK,0,81933560,11,0,109973820,52533,11,0,0,0,0,0,22,0,4998,22,0,0,0,52454,62683954808,320452959257
2022-01-28,Z305DGWK,0,66071296,11,0,111771600,52557,11,0,0,0,0,0,22,0,4998,22,0,0,0,52478,62700233768,320622566110
2022-01-29,Z305DGWK,0,105330600,11,0,113494784,52581,11,0,0,0,0,0,23,0,4998,23,0,0,0,52502,62717341184,320951969320
2022-01-30,Z305DGWK,0,82789840,11,0,115006649,52604,11,0,0,0,0,0,23,0,4998,23,0,0,0,52526,62734625360,321182748347
2022-01-31,Z305DGWK,0,76298672,11,0,116392340,52628,11,0,0,0,0,0,23,0,4998,23,0,0,0,52549,62751081976,321398964525
2022-02-01,Z305DGWK,0,90131384,11,0,119559107,52652,11,0,0,0,0,0,21,0,4998,21,0,0,0,52573,62763924656,321658191378
2022-02-02,Z305DGWK,0,184986392,11,0,123671649,52688,11,0,0,0,0,0,21,0,4998,21,0,0,0,52609,62800416536,322026367332
2022-02-03,Z305DGWK,0,210670944,11,0,125467457,52712,11,0,0,0,0,0,21,0,4998,21,0,0,0,52633,62814515720,322115355378
2022-02-04,Z305DGWK,0,5416416,11,0,127288273,52735,11,0,0,0,0,0,21,0,4998,21,0,0,0,52656,62831706136,322304640721
2022-02-05,Z305DGWK,0,168234152,11,0,129043007,52759,11,0,0,0,0,0,21,0,4998,21,0,0,0,52680,62846604840,322558361387
2022-02-06,Z305DGWK,0,89011544,11,0,130438684,52783,11,0,0,0,0,0,21,0,4998,21,0,0,0,52704,62857296672,322791217090
2022-02-07,Z305DGWK,0,238001512,11,0,131956614,52807,11,0,0,0,0,0,21,0,4998,21,0,0,0,52728,62868631520,323079028982
2022-02-08,Z305DGWK,0,114796312,11,0,134685524,52830,11,0,0,0,0,0,21,0,4998,21,0,0,0,52752,62879259688,323459514363
2022-02-09,Z305DGWK,0,243791816,11,0,136553838,52854,11,0,0,0,0,0,21,0,4998,21,0,0,0,52775,62892484120,323791973320
2022-02-10,Z305DGWK,0,143507168,11,0,139224917,52878,11,0,0,0,0,0,21,0,4998,21,0,0,0,52799,62905575056,323948245963
2022-02-11,Z305DGWK,0,53509824,11,0,141015831,52902,11,0,0,0,0,0,21,0,4998,21,0,0,0,52823,62916781912,324216733984
2022-02-12,Z305DGWK,0,67133336,11,0,142422205,52926,11,0,0,0,0,0,21,0,4998,21,0,0,0,52847,62926687160,324420961750
2022-02-13,Z305DGWK,0,144428776,11,0,143998079,52950,11,0,0,0,0,0,21,0,4998,21,0,0,0,52871,62933601968,324649192960
2022-02-14,Z305DGWK,0,50034040,11,0,146047981,52974,11,0,0,0,0,0,21,0,4998,21,0,0,0,52895,62945895448,324856128846
2022-02-15,Z305DGWK,0,93115688,11,0,148900627,52998,11,0,0,0,0,0,21,0,4998,21,0,0,0,52919,62957547400,325063196395
2022-02-16,Z305DGWK,0,91266224,11,0,149882767,53021,11,0,0,0,0,0,21,0,4998,21,0,0,0,52943,62972078040,325171364711
2022-02-17,Z305DGWK,0,214297384,11,0,150908761,53033,11,0,0,0,0,0,20,0,4998,20,0,0,0,52955,62977573856,325203717042
2022-02-18,Z305DGWK,0,66739440,11,0,152653145,53069,11,0,0,0,0,0,21,0,4998,21,0,0,0,52990,62986349504,325322588596
2022-02-19,Z305DGWK,0,149598584,11,0,153217704,53093,11,0,0,0,0,0,21,0,4998,21,0,0,0,53014,62989309920,325378749855
2022-02-20,Z305DGWK,0,51502224,11,0,154538585,53117,11,0,0,0,0,0,21,0,4998,21,0,0,0,53038,62992481560,325541791855
2022-02-21,Z305DGWK,0,200264848,11,0,156159636,53140,11,0,0,0,0,0,21,0,4998,21,0,0,0,53061,62995227248,325709244348
2022-02-22,Z305DGWK,0,72336832,11,0,158610386,53164,11,0,0,0,0,0,21,0,4998,21,0,0,0,53085,62998468280,325919513448
2022-02-23,Z305DGWK,0,120433216,11,0,159971106,53188,11,0,0,0,0,0,21,0,4998,21,0,0,0,53109,63000250672,326138525426
2022-02-24,Z305DGWK,0,145283488,11,0,162247910,53212,11,0,0,0,0,0,21,0,4998,21,0,0,0,53133,63002624112,326240905731
2022-02-25,Z305DGWK,0,108899696,11,0,163564360,53236,11,0,0,0,0,0,21,0,4998,21,0,0,0,53157,63005578528,326419985255
2022-02-26,Z305DGWK,0,18765264,11,0,166014784,53260,11,0,0,0,0,0,21,0,4998,21,0,0,0,53181,63008292824,326650401601
2022-02-27,Z305DGWK,0,185116088,11,0,167027408,53283,11,0,0,0,0,0,21,0,4998,21,0,0,0,53204,63011657048,326797060230
2022-02-28,Z305DGWK,0,232053928,11,0,168491213,53307,11,0,0,0,0,0,21,0,4998,21,0,0,0,53228,63016347488,326999893118
2022-03-01,Z305DGWK,0,7089000,11,0,171668453,53331,11,0,0,0,0,0,21,0,4998,21,0,0,0,53252,63020824088,327296843225
2022-03-02,Z305DGWK,0,14747368,11,0,172997075,53355,11,0,0,0,0,0,21,0,4998,21,0,0,0,53276,63024442960,327586787953
2022-03-03,Z305DGWK,0,118620232,11,0,174724869,53379,11,0,0,0,0,0,21,0,4998,21,0,0,0,53300,63027984408,327736426327
2022-03-04,Z305DGWK,0,80641936,11,0,175832654,53402,11,0,0,0,0,0,21,0,4998,21,0,0,0,53323,63031923008,327957887833
2022-03-05,Z305DGWK,0,84165488,11,0,177201179,53426,11,0,0,0,0,0,21,0,4998,21,0,0,0,53347,63035657960,328191932075
2022-03-06,Z305DGWK,0,53704488,11,0,178425915,53450,11,0,0,0,0,0,21,0,4998,21,0,0,0,53371,63040368528,328430624462
2022-03-07,Z305DGWK,0,177835240,11,0,179790365,53473,11,0,0,0,0,0,21,0,4998,21,0,0,0,53395,63045313768,328657959139
2022-03-08,Z305DGWK,0,18234624,11,0,182705821,53497,11,0,0,0,0,0,21,0,4998,21,0,0,0,53418,63050704800,328896385080
2022-03-09,Z305DGWK,0,203583032,11,0,184205754,53521,11,0,0,0,0,0,21,0,4998,21,0,0,0,53442,63056761352,329180445891
2022-03-10,Z305DGWK,0,234690552,11,0,185734550,53545,11,0,0,0,0,0,21,0,4998,21,0,0,0,53466,63064022080,329342754758
2022-03-11,Z305DGWK,0,162805512,11,0,187321157,53569,11,0,0,0,0,0,21,0,4998,21,0,0,0,53490,63070843016,329445243307
2022-03-12,Z305DGWK,0,11662088,11,0,188651231,53593,11,0,0,0,0,0,21,0,4998,21,0,0,0,53514,63078716360,329698487509
2022-03-13,Z305DGWK,0,161309016,11,0,189829670,53617,11,0,0,0,0,0,21,0,4998,21,0,0,0,53538,63087474352,329921009027
2022-03-14,Z305DGWK,0,18827896,11,0,191564465,53641,11,0,0,0,0,0,21,0,4998,21,0,0,0,53562,63096958208,330252397330
2022-03-15,Z305DGWK,0,161119680,11,0,194829981,53664,11,0,0,0,0,0,21,0,4998,21,0,0,0,53585,63104763176,330513530108
2022-03-16,Z305DGWK,0,161111240,11,0,196379873,53688,11,0,0,0,0,0,21,0,4998,21,0,0,0,53609,63117807576,330756391871
2022-03-17,Z305DGWK,0,164319832,11,0,198300613,53712,11,0,0,0,0,0,21,0,4998,21,0,0,0,53633,63127113416,330892905311
2022-03-18,Z305DGWK,0,121733320,11,0,201414733,53736,11,0,0,0,0,0,21,0,4998,21,0,0,0,53657,63136191288,331121356030
2022-03-19,Z305DGWK,0,6313560,11,0,203154033,53759,11,0,0,0,0,0,21,0,4998,21,0,0,0,53681,63146706344,331350896967
2022-03-20,Z305DGWK,0,203085664,11,0,204800255,53783,11,0,0,0,0,0,21,0,4998,21,0,0,0,53704,63161234944,331611689232
2022-03-21,Z305DGWK,0,57060904,11,0,206036293,53807,11,0,0,0,0,0,21,0,4998,21,0,0,0,53728,63171992024,331841189734
2022-03-22,Z305DGWK,0,111015256,11,0,208997863,53831,11,0,0,0,0,0,21,0,4998,21,0,0,0,53752,63184795264,332172306765
2022-03-23,Z305DGWK,0,227561408,11,0,210376142,53854,11,0,0,0,0,0,21,0,4998,21,0,0,0,53775,63207303440,332530434425
2022-03-24,Z305DGWK,0,66811400,11,0,212486751,53878,11,0,0,0,0,0,21,0,4998,21,0,0,0,53799,63216880760,332734324243
2022-03-25,Z305DGWK,0,120731712,11,0,214841723,53902,11,0,0,0,0,0,21,0,4998,21,0,0,0,53823,63227870112,332969280162
2022-03-26,Z305DGWK,0,146704360,11,0,216342152,53926,11,0,0,0,0,0,21,0,4998,21,0,0,0,53847,63241214112,333192225173
2022-03-27,Z305DGWK,0,228860672,11,0,218136852,53949,11,0,0,0,0,0,21,0,4998,21,0,0,0,53870,63255264448,333441027242
2022-03-28,Z305DGWK,0,243997944,11,0,219785088,53973,11,0,0,0,0,0,21,0,4998,21,0,0,0,53894,63267721016,333660070690
2022-03-29,Z305DGWK,0,216167928,11,0,223055532,53997,11,0,0,0,0,0,21,0,4998,21,0,0,0,53918,63279264200,333871481598
2022-03-30,Z305DGWK,0,199231144,11,0,224165157,54021,11,0,0,0,0,0,21,0,4998,21,0,0,0,53942,63289291632,334002792123
2022-03-31,Z305DGWK,0,175660688,11,0,226808244,54056,11,0,0,0,0,0,21,0,4998,21,0,0,0,53978,63305671064,334144489811
2022-04-01,Z305DGWK,0,54405064,11,0,227351714,54080,11,0,0,0,0,0,21,0,4998,21,0,0,0,54001,63312291920,334197937393
2022-04-02,Z305DGWK,0,3341944,11,0,227793882,54104,11,0,0,0,0,0,21,0,4998,21,0,0,0,54025,63319406832,334239237456
2022-04-03,Z305DGWK,0,237504936,11,0,229229042,54128,11,0,0,0,0,0,21,0,4998,21,0,0,0,54049,63327461040,334409916736
2022-04-04,Z305DGWK,0,149167088,11,0,231032696,54151,11,0,0,0,0,0,21,0,4998,21,0,0,0,54073,63334717768,334589290552
2022-04-05,Z305DGWK,0,118786568,11,0,233384240,54175,11,0,0,0,0,0,21,0,4998,21,0,0,0,54096,63343914776,334780905018
2022-04-06,Z305DGWK,0,69425192,11,0,234582936,54199,11,0,0,0,0,0,21,0,4998,21,0,0,0,54120,63350240024,334984373426
2022-04-07,Z305DGWK,0,56372280,11,0,236865944,54223,11,0,0,0,0,0,21,0,4998,21,0,0,0,54144,63356335520,335086596521
2022-04-08,Z305DGWK,0,64388448,11,0,238096599,54247,11,0,0,0,0,0,21,0,4998,21,0,0,0,54168,63364350600,335247648865
2022-04-09,Z305DGWK,0,216351000,11,0,239682324,54271,11,0,0,0,0,0,21,0,4998,21,0,0,0,54192,63377391872,335465986059
2022-04-10,Z305DGWK,0,99100224,11,0,240822680,54295,11,0,0,0,0,0,21,0,4998,21,0,0,0,54216,63383518752,335629582764
2022-04-11,Z305DGWK,0,135438064,11,0,243635694,54319,11,0,0,0,0,0,22,0,4998,22,0,0,0,54240,63390829008,335810656578
2022-04-12,Z305DGWK,0,154209648,11,0,246779237,54343,11,0,0,0,0,0,22,0,4998,22,0,0,0,54264,63396893344,336121443283
2022-04-13,Z305DGWK,0,227596480,11,0,248075625,54367,11,0,0,0,0,0,22,0,4998,22,0,0,0,54288,63403251064,336367929798
2022-04-14,Z305DGWK,0,208518208,11,0,250324232,54391,11,0,0,0,0,0,22,0,4998,22,0,0,0,54312,63411650688,336490842301
2022-04-15,Z305DGWK,0,37198640,11,0,251637952,54414,11,0,0,0,0,0,22,0,4998,22,0,0,0,54336,63421100088,336759183760
2022-04-16,Z305DGWK,0,47561136,11,0,253002531,54438,11,0,0,0,0,0,22,0,4998,22,0,0,0,54359,63431055696,336976752787
2022-04-17,Z305DGWK,0,188650528,11,0,254198246,54462,11,0,0,0,0,0,22,0,4998,22,0,0,0,54383,63438649960,337208501622
2022-04-18,Z305DGWK,0,114081144,11,0,256140833,54486,11,0,0,0,0,0,22,0,4998,22,0,0,0,54407,63448130856,337460899850
2022-04-19,Z305DGWK,0,115719312,11,0,258480822,54510,11,0,0,0,0,0,22,0,4998,22,0,0,0,54431,63455341872,337668986136
2022-04-20,Z305DGWK,0,207252936,11,0,259811454,54533,11,0,0,0,0,0,22,0,4998,22,0,0,0,54455,63462611072,337925228947
2022-04-21,Z305DGWK,0,199718136,11,0,262072711,54557,11,0,0,0,0,0,22,0,4998,22,0,0,0,54478,63470084616,338043269875
2022-04-22,Z305DGWK,0,13561536,11,0,263466292,54581,11,0,0,0,0,0,23,0,4998,23,0,0,0,54502,63479796752,338333828671
2022-04-23,Z305DGWK,0,692728,11,0,264406750,54605,11,0,0,0,0,0,22,0,4998,22,0,0,0,54526,63488070184,338504809416
2022-04-24,Z305DGWK,0,37868136,11,0,265841228,54628,11,0,0,0,0,0,22,0,4998,22,0,0,0,54549,63497579328,338794304860
2022-04-25,Z305DGWK,0,14683192,11,0,267698192,54652,11,0,0,0,0,0,22,0,4998,22,0,0,0,54573,63504293880,339065131964
2022-04-26,Z305DGWK,0,155067584,11,0,270811603,54676,11,0,0,0,0,0,21,0,4998,21,0,0,0,54597,63515941160,339336632112
2022-04-27,Z305DGWK,0,230986184,11,0,272153684,54699,11,0,0,0,0,0,21,0,4998,21,0,0,0,54621,63526605440,339563339255
2022-04-28,Z305DGWK,0,242152888,11,0,274503630,54723,11,0,0,0,0,0,22,0,4998,22,0,0,0,54644,63535046072,339675811795
2022-04-29,Z305DGWK,0,131337144,11,0,276085141,54747,11,0,0,0,0,0,22,0,4998,22,0,0,0,54668,63541853328,339885192791
2022-04-30,Z305DGWK,0,218863432,11,0,277454560,54771,11,0,0,0,0,0,22,0,4998,22,0,0,0,54692,63549364448,340123035053
2022-05-01,Z305DGWK,0,154488832,11,0,278488042,54795,11,0,0,0,0,0,22,0,4998,22,0,0,0,54716,63560360184,340343809587
2022-05-02,Z305DGWK,0,94018968,11,0,279472026,54819,11,0,0,0,0,0,22,0,4998,22,0,0,0,54740,63568134304,340540014651
2022-05-03,Z305DGWK,0,25399112,11,0,283264603,54842,11,0,0,0,0,0,22,0,4998,22,0,0,0,54764,63579823368,340935255359
2022-05-04,Z305DGWK,0,173711792,11,0,285050383,54866,11,0,0,0,0,0,22,0,4998,22,0,0,0,54787,63591800832,341285452870
2022-05-05,Z305DGWK,0,27785432,11,0,287308905,54890,11,0,0,0,0,0,22,0,4998,22,0,0,0,54811,63599948744,341444490422
2022-05-06,Z305DGWK,0,142470376,11,0,289099110,54914,11,0,0,0,0,0,21,0,4998,21,0,0,0,54835,63609169904,341655929583
2022-05-07,Z305DGWK,0,242516632,11,0,290670298,54938,11,0,0,0,0,0,22,0,4998,22,0,0,0,54859,63628008688,341887655256
2022-05-08,Z305DGWK,0,66416040,11,0,292187869,54961,11,0,0,0,0,0,22,0,4998,22,0,0,0,54882,63643290568,342098242548
2022-05-09,Z305DGWK,0,158387488,11,0,293805616,54985,11,0,0,0,0,0,22,0,4998,22,0,0,0,54906,63650191728,342315520089
2022-05-10,Z305DGWK,0,198085152,11,0,296954023,55009,11,0,0,0,0,0,22,0,4998,22,0,0,0,54930,63658065360,342518992461
2022-05-11,Z305DGWK,0,5042880,11,0,297777631,55033,11,0,0,0,0,0,21,0,4998,21,0,0,0,54954,63665589032,342615661533
2022-05-12,Z305DGWK,0,134610800,11,0,299490572,55057,11,0,0,0,0,0,22,0,4998,22,0,0,0,54978,63675392440,342692057832
2022-05-13,Z305DGWK,0,179569648,11,0,300347724,55081,11,0,0,0,0,0,22,0,4998,22,0,0,0,55002,63683589808,342721874769
2022-05-14,Z305DGWK,0,103993976,11,0,300967273,55105,11,0,0,0,0,0,22,0,4998,22,0,0,0,55026,63690120656,342782176495
2022-05-15,Z305DGWK,0,101944256,11,0,302644069,55128,11,0,0,0,0,0,22,0,4998,22,0,0,0,55049,63701284320,342967839462
2022-05-16,Z305DGWK,0,89705560,11,0,303522692,55152,11,0,0,0,0,0,22,0,4998,22,0,0,0,55073,63712100792,343108850379
2022-05-17,Z305DGWK,0,51738536,11,0,306588052,55176,11,0,0,0,0,0,22,0,4998,22,0,0,0,55097,63718957712,343341998470
2022-05-18,Z305DGWK,0,61190624,11,0,307965105,55200,11,0,0,0,0,0,22,0,4998,22,0,0,0,55121,63726732960,343537102523
2022-05-19,Z305DGWK,0,224604504,11,0,309597604,55224,11,0,0,0,0,0,22,0,4998,22,0,0,0,55145,63734314768,343657110528
2022-05-20,Z305DGWK,0,14879776,11,0,311195765,55247,11,0,0,0,0,0,22,0,4998,22,0,0,0,55168,63742109952,343789133441
2022-05-21,Z305DGWK,0,48422232,11,0,312683366,55271,11,0,0,0,0,0,22,0,4998,22,0,0,0,55192,63750839392,344000188103
2022-05-22,Z305DGWK,0,184570432,11,0,315522504,55307,11,0,0,0,0,0,22,0,4998,22,0,0,0,55228,63774599528,344229593281
2022-05-23,Z305DGWK,0,39944104,11,0,317956382,55330,11,0,0,0,0,0,22,0,4998,22,0,0,0,55252,63794169120,344498409235
2022-05-24,Z305DGWK,0,237973672,11,0,320375029,55354,11,0,0,0,0,0,22,0,4998,22,0,0,0,55276,63802734760,344761943231
2022-05-25,Z305DGWK,0,123972912,11,0,321022708,55366,11,0,0,0,0,0,22,0,4998,22,0,0,0,55287,63805873312,344916574173
2022-05-26,Z305DGWK,0,4723152,11,0,322756946,55390,11,0,0,0,0,0,21,0,4998,21,0,0,0,55311,63817694952,345081501223
2022-05-27,Z305DGWK,0,211687384,11,0,325013590,55425,11,0,0,0,0,0,22,0,4998,22,0,0,0,55346,63833890000,345359182286
2022-05-28,Z305DGWK,0,129990976,11,0,326365095,55448,11,0,0,0,0,0,22,0,4998,22,0,0,0,55369,63848438864,345585835646
2022-05-29,Z305DGWK,0,72280888,11,0,327747026,55471,11,0,0,0,0,0,22,0,4998,22,0,0,0,55393,63862496280,345840084946
2022-05-30,Z305DGWK,0,226279600,11,0,329404079,55495,11,0,0,0,0,0,22,0,4998,22,0,0,0,55416,63873944824,346027279843
2022-05-31,Z305DGWK,0,207335616,11,0,331812286,55518,11,0,0,0,0,0,22,0,4998,22,0,0,0,55439,63884097096,346251825820
2022-06-01,Z305DGWK,0,160749880,11,0,333304015,55541,11,0,0,0,0,0,21,0,4998,21,0,0,0,55462,63895950384,346537277762
2022-06-02,Z305DGWK,0,113623920,11,0,335016681,55564,11,0,0,0,0,0,21,0,4998,21,0,0,0,55485,63905919720,346686681474
2022-06-03,Z305DGWK,0,177118472,12,0,336186902,55587,12,0,0,0,0,0,22,0,4999,22,0,0,0,55509,63917175072,346913827483
2022-06-04,Z305DGWK,0,223153344,12,0,337295213,55611,12,0,0,0,0,0,22,0,4999,22,0,0,0,55532,63925573488,347120649070
2022-06-05,Z305DGWK,0,23005584,12,0,338879822,55635,12,0,0,0,0,0,22,0,4999,22,0,0,0,55556,63935529320,347421698901
2022-06-07,Z305DGWK,0,147430120,12,0,344797165,55682,12,0,0,0,0,0,21,0,4999,21,0,0,0,55603,63957218592,347954837099
2022-06-08,Z305DGWK,0,187336896,12,0,346459847,55706,12,0,0,0,0,0,21,0,4999,21,0,0,0,55627,63969160120,348187039872
2022-06-09,Z305DGWK,0,112882096,12,0,348157053,55729,12,0,0,0,0,0,21,0,4999,21,0,0,0,55651,63976837728,348295088936
2022-06-10,Z305DGWK,0,97211816,12,0,349902350,55753,12,0,0,0,0,0,21,0,4999,21,0,0,0,55674,63984538280,348458735813
2022-06-11,Z305DGWK,0,41794280,12,0,351095762,55777,12,0,0,0,0,0,21,0,4999,21,0,0,0,55698,63992153224,348679488923
2022-06-12,Z305DGWK,0,229519288,12,0,351970437,55800,12,0,0,0,0,0,21,0,4999,21,0,0,0,55721,64006176632,348888734963
2022-06-13,Z305DGWK,0,183076440,12,0,353078409,55824,12,0,0,0,0,0,22,0,4999,22,0,0,0,55745,64017632960,349128743996
2022-06-14,Z305DGWK,0,149634720,12,0,356067623,55848,12,0,0,0,0,0,22,0,4999,22,0,0,0,55769,64027532464,349486669616
2022-06-15,Z305DGWK,0,193108632,12,0,357399797,55871,12,0,0,0,0,0,22,0,4999,22,0,0,0,55793,64035842344,349841083572
2022-06-16,Z305DGWK,0,23050784,12,0,359532130,55895,12,0,0,0,0,0,21,0,4999,21,0,0,0,55816,64043797360,350043649403
2022-06-17,Z305DGWK,0,79533688,12,0,361087858,55919,12,0,0,0,0,0,22,0,4999,22,0,0,0,55840,64051362592,350289738643
2022-06-18,Z305DGWK,0,122507944,12,0,362557292,55943,12,0,0,0,0,0,22,0,4999,22,0,0,0,55864,64060077664,350503954444
2022-06-19,Z305DGWK,0,147267704,12,0,364408108,55967,12,0,0,0,0,0,22,0,4999,22,0,0,0,55888,64070287720,350722166571
2022-06-20,Z305DGWK,0,121305792,12,0,365768818,55991,12,0,0,0,0,0,22,0,4999,22,0,0,0,55912,64079004744,350906113790
2022-06-21,Z305DGWK,0,136644512,12,0,368832099,56014,12,0,0,0,0,0,21,0,4999,21,0,0,0,55936,64087984784,351095841112
2022-06-22,Z305DGWK,0,86835584,12,0,369620897,56038,12,0,0,0,0,0,21,0,4999,21,0,0,0,55959,64097398592,351183250982
2022-06-23,Z305DGWK,0,238705312,12,0,370733161,56062,12,0,0,0,0,0,21,0,4999,21,0,0,0,55983,64108680760,351260484954
2022-06-24,Z305DGWK,0,88925664,12,0,372331742,56086,12,0,0,0,0,0,21,0,4999,21,0,0,0,56007,64130896360,351300986423
2022-06-25,Z305DGWK,0,211101200,12,0,372969644,56110,12,0,0,0,0,0,22,0,4999,22,0,0,0,56031,64161714264,351346201707
2022-06-26,Z305DGWK,0,164845544,12,0,374346849,56133,12,0,0,0,0,0,21,0,4999,21,0,0,0,56054,64171415224,351510364656
2022-06-27,Z305DGWK,0,243708176,12,0,375479892,56157,12,0,0,0,0,0,22,0,4999,22,0,0,0,56078,64178679576,351663792732
2022-06-28,Z305DGWK,0,214139776,12,0,378414671,56181,12,0,0,0,0,0,21,0,4999,21,0,0,0,56102,64187539528,351880141417
2022-06-29,Z305DGWK,0,234954184,12,0,380747338,56204,12,0,0,0,0,0,21,0,4999,21,0,0,0,56126,64208622392,352096025267
2022-06-30,Z305DGWK,0,121654480,12,0,382220201,56228,12,0,0,0,0,0,22,0,4999,22,0,0,0,56149,64216126880,352250582567
2022-07-01,Z305DGWK,0,67278904,12,0,383949539,56252,12,0,0,0,0,0,22,0,4999,22,0,0,0,56173,64222246384,352360179152
2022-07-02,Z305DGWK,0,63763560,12,0,385410495,56276,12,0,0,0,0,0,22,0,4999,22,0,0,0,56197,64230218488,352571659073
2022-07-03,Z305DGWK,0,1866752,12,0,386554926,56300,12,0,0,0,0,0,22,0,4999,22,0,0,0,56221,64242094648,352732301083
2022-07-04,Z305DGWK,0,224342392,12,0,387548718,56323,12,0,0,0,0,0,21,0,4999,21,0,0,0,56244,64250022056,352883527324
2022-07-05,Z305DGWK,0,221881936,12,0,391031720,56347,12,0,0,0,0,0,22,0,4999,22,0,0,0,56268,64261466880,353195757724
2022-07-06,Z305DGWK,0,154654848,12,0,392416186,56371,12,0,0,0,0,0,21,0,4999,21,0,0,0,56292,64268385008,353473150589
2022-07-07,Z305DGWK,0,136386432,12,0,395020818,56406,12,0,0,0,0,0,22,0,4999,22,0,0,0,56327,64291077752,353772117920
2022-07-08,Z305DGWK,0,26738896,12,0,396200889,56430,12,0,0,0,0,0,21,0,4999,21,0,0,0,56351,64299179840,353975596626
2022-07-09,Z305DGWK,0,210822152,12,0,398009383,56454,12,0,0,0,0,0,21,0,4999,21,0,0,0,56375,64305678648,354203228409
2022-07-10,Z305DGWK,0,146427848,12,0,399440007,56477,12,0,0,0,0,0,21,0,4999,21,0,0,0,56398,64314808688,354472121535
2022-07-11,Z305DGWK,0,128032992,12,0,400981627,56501,12,0,0,0,0,0,21,0,4999,21,0,0,0,56422,64324635072,354637884464
2022-07-12,Z305DGWK,0,39408120,12,0,403707440,56525,12,0,0,0,0,0,21,0,4999,21,0,0,0,56446,64331517672,354937814481
2022-07-13,Z305DGWK,0,176868080,12,0,405015538,56548,12,0,0,0,0,0,21,0,4999,21,0,0,0,56470,64341684176,355212454111
2022-07-14,Z305DGWK,0,189521760,12,0,406922948,56572,12,0,0,0,0,0,21,0,4999,21,0,0,0,56493,64350776680,355328415488
2022-07-15,Z305DGWK,0,31456904,12,0,408080880,56596,12,0,0,0,0,0,21,0,4999,21,0,0,0,56517,64358051872,355475817278
2022-07-16,Z305DGWK,0,17955576,12,0,409487751,56620,12,0,0,0,0,0,21,0,4999,21,0,0,0,56541,64366966520,355763241243
2022-07-17,Z305DGWK,0,100290456,12,0,410885622,56644,12,0,0,0,0,0,21,0,4999,21,0,0,0,56565,64372649520,356016318429
2022-07-18,Z305DGWK,0,235514920,12,0,413070371,56668,12,0,0,0,0,0,21,0,4999,21,0,0,0,56589,64381844728,356272361755
2022-07-19,Z305DGWK,0,112990600,12,0,416287876,56692,12,0,0,0,0,0,21,0,4999,21,0,0,0,56613,64387583472,356555388652
2022-07-20,Z305DGWK,0,214266968,12,0,417848822,56716,12,0,0,0,0,0,21,0,4999,21,0,0,0,56637,64396979776,356795158191
2022-07-21,Z305DGWK,0,234628792,12,0,419470253,56739,12,0,0,0,0,0,21,0,4999,21,0,0,0,56661,64407339536,356899186659
2022-07-22,Z305DGWK,0,88289744,12,0,421065610,56763,12,0,0,0,0,0,21,0,4999,21,0,0,0,56684,64416440592,357059523474
2022-07-23,Z305DGWK,0,3046816,12,0,421972521,56787,12,0,0,0,0,0,21,0,4999,21,0,0,0,56708,64422519968,357269529302
2022-07-24,Z305DGWK,0,77682680,12,0,422906559,56811,12,0,0,0,0,0,21,0,4999,21,0,0,0,56732,64434286728,357513895137
2022-07-25,Z305DGWK,0,46378736,12,0,423973547,56834,12,0,0,0,0,0,21,0,4999,21,0,0,0,56756,64443867400,357756968468
2022-07-26,Z305DGWK,0,136708696,12,0,426650692,56858,12,0,0,0,0,0,21,0,4999,21,0,0,0,56779,64451811344,358110798964
2022-07-27,Z305DGWK,0,29507264,12,0,427984572,56882,12,0,0,0,0,0,21,0,4999,21,0,0,0,56803,64469147408,358447533510
2022-07-28,Z305DGWK,0,230265800,12,0,429773515,56906,12,0,0,0,0,0,21,0,4999,21,0,0,0,56827,64477276880,358608215028
2022-07-29,Z305DGWK,0,236686448,12,0,432079742,56929,12,0,0,0,0,0,21,0,4999,21,0,0,0,56850,64482861632,358771953213
2022-07-30,Z305DGWK,0,154680168,12,0,433407293,56953,12,0,0,0,0,0,21,0,4999,21,0,0,0,56874,64493470880,358983851220
2022-07-31,Z305DGWK,0,232329096,12,0,434905783,56977,12,0,0,0,0,0,21,0,4999,21,0,0,0,56898,64507181128,359203986026
2022-08-01,Z305DGWK,0,56076904,12,0,436541367,57000,12,0,0,0,0,0,21,0,4999,21,0,0,0,56922,64521896232,359426076854
2022-08-02,Z305DGWK,0,56549752,12,0,439604194,57024,12,0,0,0,0,0,21,0,4999,21,0,0,0,56945,64532475280,359627471566
2022-08-03,Z305DGWK,0,128778096,12,0,440457887,57048,12,0,0,0,0,0,21,0,4999,21,0,0,0,56969,64540194304,359732631202
2022-08-04,Z305DGWK,0,156635872,12,0,442230674,57072,12,0,0,0,0,0,21,0,4999,21,0,0,0,56993,64548083824,359867187088
2022-08-05,Z305DGWK,0,175105960,12,0,443567249,57095,12,0,0,0,0,0,21,0,4999,21,0,0,0,57017,64556644304,359936087742
2022-08-06,Z305DGWK,0,59669560,12,0,443987833,57119,12,0,0,0,0,0,21,0,4999,21,0,0,0,57040,64570859432,359970345404
2022-08-07,Z305DGWK,0,168396736,12,0,445095291,57143,12,0,0,0,0,0,21,0,4999,21,0,0,0,57064,64582765648,360107369444
2022-08-08,Z305DGWK,0,232116768,12,0,446459780,57167,12,0,0,0,0,0,21,0,4999,21,0,0,0,57088,64593242136,360278508621
2022-08-09,Z305DGWK,0,8607304,12,0,449279882,57191,12,0,0,0,0,0,21,0,4999,21,0,0,0,57112,64602257264,360461181426
2022-08-10,Z305DGWK,0,52802032,12,0,450534664,57215,12,0,0,0,0,0,21,0,4999,21,0,0,0,57136,64609897560,360664791110
2022-08-11,Z305DGWK,0,160504664,12,0,452085739,57238,12,0,0,0,0,0,21,0,4999,21,0,0,0,57160,64618487688,360784098188
2022-08-12,Z305DGWK,0,126193976,12,0,453845714,57262,12,0,0,0,0,0,21,0,4999,21,0,0,0,57183,64626737944,360904298280
2022-08-13,Z305DGWK,0,194129536,12,0,455325534,57286,12,0,0,0,0,0,21,0,4999,21,0,0,0,57207,64634977472,361119429643
2022-08-14,Z305DGWK,0,4546584,12,0,456500343,57310,12,0,0,0,0,0,21,0,4999,21,0,0,0,57231,64645398328,361288358538
2022-08-15,Z305DGWK,0,72993176,12,0,457670665,57334,12,0,0,0,0,0,21,0,4999,21,0,0,0,57255,64658088752,361472380761
2022-08-16,Z305DGWK,0,211896512,12,0,461097854,57358,12,0,0,0,0,0,21,0,4999,21,0,0,0,57279,64667398432,361780879443
2022-08-17,Z305DGWK,0,17251640,12,0,462891842,57381,12,0,0,0,0,0,21,0,4999,21,0,0,0,57302,64673949464,362070688818
2022-08-18,Z305DGWK,0,156983088,12,0,464393100,57405,12,0,0,0,0,0,21,0,4999,21,0,0,0,57326,64682362088,362262235098
2022-08-19,Z305DGWK,0,2884488,12,0,466142575,57429,12,0,0,0,0,0,21,0,4999,21,0,0,0,57350,64690635344,362416458962
2022-08-20,Z305DGWK,0,116352576,12,0,467437280,57452,12,0,0,0,0,0,21,0,4999,21,0,0,0,57373,64697824568,362632572473
2022-08-21,Z305DGWK,0,64116080,12,0,468605619,57476,12,0,0,0,0,0,21,0,4999,21,0,0,0,57397,64705828816,362867681702
2022-08-22,Z305DGWK,0,114433352,12,0,470981808,57511,12,0,0,0,0,0,21,0,4999,21,0,0,0,57432,64725400104,363159858869
2022-08-23,Z305DGWK,0,158426512,12,0,473581320,57535,12,0,0,0,0,0,21,0,4999,21,0,0,0,57456,64733880688,363460785708
2022-08-24,Z305DGWK,0,161814968,12,0,474866710,57559,12,0,0,0,0,0,21,0,4999,21,0,0,0,57480,64741358608,363738634155
2022-08-25,Z305DGWK,0,91339512,12,0,477029801,57582,12,0,0,0,0,0,21,0,4999,21,0,0,0,57504,64752802984,363844420211
2022-08-26,Z305DGWK,0,230226200,12,0,478271920,57606,12,0,0,0,0,0,21,0,4999,21,0,0,0,57527,64761396792,364028372269
2022-08-27,Z305DGWK,0,199531512,12,0,479649188,57630,12,0,0,0,0,0,21,0,4999,21,0,0,0,57551,64768326768,364317646323
2022-08-28,Z305DGWK,0,136445128,12,0,481165201,57654,12,0,0,0,0,0,21,0,4999,21,0,0,0,57575,64782241400,364566953890
2022-08-29,Z305DGWK,0,104359712,12,0,483089452,57678,12,0,0,0,0,0,21,0,4999,21,0,0,0,57599,64790097624,364828283399
2022-08-30,Z305DGWK,0,175071136,12,0,486103404,57702,12,0,0,0,0,0,21,0,4999,21,0,0,0,57623,64797775648,365110135236
2022-08-31,Z305DGWK,0,205194160,12,0,487698091,57725,12,0,0,0,0,0,21,0,4999,21,0,0,0,57646,64807335336,365364053294
2022-09-01,Z305DGWK,0,230470960,12,0,489869559,57749,12,0,0,0,0,0,21,0,4999,21,0,0,0,57670,64819555016,365479071170
2022-09-02,Z305DGWK,0,207692192,12,0,492123994,57773,12,0,0,0,0,0,21,0,4999,21,0,0,0,57694,64832065032,365683019006
2022-09-03,Z305DGWK,0,112193584,12,0,493008773,57796,12,0,0,0,0,0,21,0,4999,21,0,0,0,57717,64843582984,365898613983
2022-09-04,Z305DGWK,0,203090512,12,0,494124095,57820,12,0,0,0,0,0,21,0,4999,21,0,0,0,57741,64855649744,366180068393
2022-09-05,Z305DGWK,0,164646072,12,0,495580413,57844,12,0,0,0,0,0,21,0,4999,21,0,0,0,57765,64865935744,366447056673
2022-09-06,Z305DGWK,0,123833528,12,0,498146296,57868,12,0,0,0,0,0,21,0,4999,21,0,0,0,57789,64884763032,366780007956
2022-09-07,Z305DGWK,0,233456784,12,0,499361642,57891,12,0,0,0,0,0,21,0,4999,21,0,0,0,57813,64900746464,367129079106
2022-09-08,Z305DGWK,0,140324712,12,0,501344888,57915,12,0,0,0,0,0,21,0,4999,21,0,0,0,57837,64911722024,367337055124
2022-09-09,Z305DGWK,0,112745448,12,0,503030938,57939,12,0,0,0,0,0,21,0,4999,21,0,0,0,57861,64923394256,367611458893
2022-09-10,Z305DGWK,0,225268328,12,0,504402819,57963,12,0,0,0,0,0,21,0,4999,21,0,0,0,57884,64933216032,367811653025
2022-09-11,Z305DGWK,0,123736288,12,0,506072006,57987,12,0,0,0,0,0,21,0,4999,21,0,0,0,57908,64942289248,368018839812
2022-09-12,Z305DGWK,0,11249320,12,0,507618665,58010,12,0,0,0,0,0,21,0,4999,21,0,0,0,57932,64957815200,368209573451
2022-09-13,Z305DGWK,0,21658896,12,0,510555530,58034,12,0,0,0,0,0,20,0,4999,20,0,0,0,57955,64971725224,368392845297
2022-09-14,Z305DGWK,0,30728384,12,0,511348109,58058,12,0,0,0,0,0,21,0,4999,21,0,0,0,57979,64984320296,368480570073
2022-09-15,Z305DGWK,0,180199720,12,0,512844047,58082,12,0,0,0,0,0,21,0,4999,21,0,0,0,58003,64999482920,368566790732
2022-09-16,Z305DGWK,0,124834488,12,0,513360292,58106,12,0,0,0,0,0,21,0,4999,21,0,0,0,58027,65007779104,368630891226
2022-09-17,Z305DGWK,0,16091096,12,0,514050535,58130,12,0,0,0,0,0,21,0,4999,21,0,0,0,58051,65009608304,368715648081
2022-09-18,Z305DGWK,0,38248040,12,0,515423745,58153,12,0,0,0,0,0,21,0,4999,21,0,0,0,58074,65010903728,368889907010
2022-09-19,Z305DGWK,0,62103672,12,0,516313033,58177,12,0,0,0,0,0,22,0,4999,22,0,0,0,58098,65012424184,369036834533
2022-09-20,Z305DGWK,0,62367264,12,0,519111653,58200,12,0,0,0,0,0,22,0,4999,22,0,0,0,58121,65013789136,369253270568
2022-09-21,Z305DGWK,0,20934720,12,0,520284546,58224,12,0,0,0,0,0,21,0,4999,21,0,0,0,58145,65014998352,369424977635
2022-09-22,Z305DGWK,0,39189016,12,0,522188591,58247,12,0,0,0,0,0,21,0,4999,21,0,0,0,58169,65016523888,369554429825
2022-09-23,Z305DGWK,0,140014928,12,0,523943814,58271,12,0,0,0,0,0,21,0,4999,21,0,0,0,58192,65017898000,369708869185
2022-09-24,Z305DGWK,0,191902944,12,0,525086195,58295,12,0,0,0,0,0,21,0,4999,21,0,0,0,58216,65019165640,369884960129
2022-09-25,Z305DGWK,0,80445424,12,0,526585598,58318,12,0,0,0,0,0,21,0,4999,21,0,0,0,58239,65020495696,370150501348
2022-09-26,Z305DGWK,0,49273312,12,0,527947014,58342,12,0,0,0,0,0,21,0,4999,21,0,0,0,58263,65021886592,370403776621
2022-09-27,Z305DGWK,0,93055488,12,0,531020614,58366,12,0,0,0,0,0,21,0,4999,21,0,0,0,58287,65023352760,370742790361
2022-09-28,Z305DGWK,0,29189864,12,0,532763391,58401,12,0,0,0,0,0,21,0,4999,21,0,0,0,58322,65025592480,371049742528
2022-09-29,Z305DGWK,0,181195408,12,0,534874831,58425,12,0,0,0,0,0,21,0,4999,21,0,0,0,58346,65026772592,371162005397
2022-09-30,Z305DGWK,0,62038424,12,0,535679966,58436,12,0,0,0,0,0,21,0,4999,21,0,0,0,58358,65027448880,371324342739
2022-10-01,Z305DGWK,0,49856992,12,0,536698432,58461,12,0,0,0,0,0,22,0,4999,22,0,0,0,58382,65029043080,371500617900
2022-10-02,Z305DGWK,0,93484504,12,0,538072268,58484,12,0,0,0,0,0,22,0,4999,22,0,0,0,58406,65031064040,371730503738
2022-10-03,Z305DGWK,0,171307336,12,0,539322680,58508,12,0,0,0,0,0,21,0,4999,21,0,0,0,58429,65032484048,372005859119
2022-10-04,Z305DGWK,0,197927584,12,0,542264609,58532,12,0,0,0,0,0,21,0,4999,21,0,0,0,58453,65034823672,372272809320
2022-10-05,Z305DGWK,0,8353880,12,0,543264962,58555,12,0,0,0,0,0,21,0,4999,21,0,0,0,58477,65036139616,372484260988
2022-10-06,Z305DGWK,0,215475720,12,0,545090840,58579,12,0,0,0,0,0,21,0,4999,21,0,0,0,58500,65037457800,372712403123
2022-10-07,Z305DGWK,0,167377408,12,0,546921035,58603,12,0,0,0,0,0,21,0,4999,21,0,0,0,58524,65038771056,372916945641
2022-10-08,Z305DGWK,0,180161672,12,0,549121257,58638,12,0,0,0,0,0,21,0,4999,21,0,0,0,58559,65040669880,373286813598
2022-10-09,Z305DGWK,0,74300000,12,0,550737553,58662,12,0,0,0,0,0,22,0,4999,22,0,0,0,58583,65042163736,373544890520
2022-10-10,Z305DGWK,0,1512504,12,0,552348314,58686,12,0,0,0,0,0,21,0,4999,21,0,0,0,58607,65043861360,373797421540
2022-10-11,Z305DGWK,0,231979824,12,0,554500656,58710,12,0,0,0,0,0,21,0,4999,21,0,0,0,58631,65045488720,374044019729
2022-10-12,Z305DGWK,0,79637896,12,0,555445559,58733,12,0,0,0,0,0,21,0,4999,21,0,0,0,58655,65047183904,374298276183
2022-10-13,Z305DGWK,0,182006544,12,0,557482063,58757,12,0,0,0,0,0,21,0,4999,21,0,0,0,58678,65048703696,374405599330
2022-10-14,Z305DGWK,0,985008,12,0,558812339,58781,12,0,0,0,0,0,21,0,4999,21,0,0,0,58702,65050013088,374671199816
2022-10-15,Z305DGWK,0,66685296,12,0,559730534,58805,12,0,0,0,0,0,21,0,4999,21,0,0,0,58726,65051435784,375014717492
2022-10-16,Z305DGWK,0,207980992,12,0,561310357,58829,12,0,0,0,0,0,21,0,4999,21,0,0,0,58750,65052776024,375362709840
2022-10-17,Z305DGWK,0,218926512,12,0,563119629,58852,12,0,0,0,0,0,21,0,4999,21,0,0,0,58773,65054296704,375619944490
2022-10-18,Z305DGWK,0,129990008,12,0,566021391,58876,12,0,0,0,0,0,21,0,4999,21,0,0,0,58797,65055828656,375867377272
2022-10-19,Z305DGWK,0,232952432,12,0,567329340,58900,12,0,0,0,0,0,21,0,4999,21,0,0,0,58821,65057355616,376063259776
2022-10-20,Z305DGWK,0,147727608,12,0,569288239,58923,12,0,0,0,0,0,21,0,4999,21,0,0,0,58844,65058333216,376175943868
2022-10-21,Z305DGWK,0,119311056,12,0,570831932,58947,12,0,0,0,0,0,21,0,4999,21,0,0,0,58868,65059805600,376313880200
2022-10-22,Z305DGWK,0,52660976,12,0,571763834,58970,12,0,0,0,0,0,21,0,4999,21,0,0,0,58891,65061229224,376442086301
2022-10-23,Z305DGWK,0,45916424,12,0,572359251,58994,12,0,0,0,0,0,21,0,4999,21,0,0,0,58915,65062444056,376517493637
2022-10-24,Z305DGWK,0,85335184,12,0,572782349,59018,12,0,0,0,0,0,21,0,4999,21,0,0,0,58939,65063496376,376551776671
2022-10-25,Z305DGWK,0,105812040,12,0,575131929,59042,12,0,0,0,0,0,21,0,4999,21,0,0,0,58963,65065000432,376678220633
2022-10-26,Z305DGWK,0,202467248,12,0,576471283,59066,12,0,0,0,0,0,21,0,4999,21,0,0,0,58987,65066190448,376850353623
2022-10-27,Z305DGWK,0,176870976,12,0,578042669,59090,12,0,0,0,0,0,21,0,4999,21,0,0,0,59011,65067585856,376914217485
2022-10-28,Z305DGWK,0,208407272,12,0,579351432,59113,12,0,0,0,0,0,21,0,4999,21,0,0,0,59035,65068933352,377091663911
2022-10-29,Z305DGWK,0,11119952,12,0,580588660,59137,12,0,0,0,0,0,21,0,4999,21,0,0,0,59058,65069975504,377287382152
2022-10-30,Z305DGWK,0,237660232,12,0,581943177,59161,12,0,0,0,0,0,21,0,4999,21,0,0,0,59082,65072927648,377488883011
2022-10-31,Z305DGWK,0,194745280,12,0,583341257,59185,12,0,0,0,0,0,21,0,4999,21,0,0,0,59106,65074203976,377689281058
2022-11-01,Z305DGWK,0,221428704,12,0,585990059,59208,12,0,0,0,0,0,21,0,4999,21,0,0,0,59130,65075372928,377881658067
2022-11-02,Z305DGWK,0,204057064,12,0,587411031,59232,12,0,0,0,0,0,21,0,4999,21,0,0,0,59153,65076754976,378137218195
2022-11-03,Z305DGWK,0,210621560,12,0,589596288,59256,12,0,0,0,0,0,21,0,4999,21,0,0,0,59177,65077643632,378285442442
2022-11-04,Z305DGWK,0,25995272,12,0,591053938,59280,12,0,0,0,0,0,21,0,4999,21,0,0,0,59201,65079553344,378502028473
2022-11-05,Z305DGWK,0,197719616,12,0,592093231,59304,12,0,0,0,0,0,21,0,4999,21,0,0,0,59225,65081727008,378721732081
2022-11-06,Z305DGWK,0,70290680,12,0,593335054,59328,12,0,0,0,0,0,21,0,4999,21,0,0,0,59249,65082592712,378953764969
2022-11-07,Z305DGWK,0,224908920,12,0,594632256,59352,12,0,0,0,0,0,21,0,4999,21,0,0,0,59273,65083538480,379216136206
2022-11-08,Z305DGWK,0,201154008,12,0,597214461,59376,12,0,0,0,0,0,22,0,4999,22,0,0,0,59297,65085041576,379396286135
2022-11-09,Z305DGWK,0,94394248,12,0,598369263,59400,12,0,0,0,0,0,22,0,4999,22,0,0,0,59321,65086440552,379634201759
2022-11-10,Z305DGWK,0,243173768,12,0,600331199,59424,12,0,0,0,0,0,21,0,4999,21,0,0,0,59345,65087846480,379793133830
2022-11-11,Z305DGWK,0,150087152,12,0,601812326,59448,12,0,0,0,0,0,22,0,4999,22,0,0,0,59369,65089772504,380045072186
2022-11-12,Z305DGWK,0,197577016,12,0,602611371,59472,12,0,0,0,0,0,21,0,4999,21,0,0,0,59393,65090634368,380203043503
2022-11-13,Z305DGWK,0,223892080,12,0,604517511,59496,12,0,0,0,0,0,22,0,4999,22,0,0,0,59417,65091476232,380508612613
2022-11-14,Z305DGWK,0,119705144,12,0,605861806,59520,12,0,0,0,0,0,22,0,4999,22,0,0,0,59441,65093394160,380744924298
2022-11-15,Z305DGWK,0,146859280,12,0,609040624,59544,12,0,0,0,0,0,22,0,4999,22,0,0,0,59465,65094833280,381019646774
2022-11-16,Z305DGWK,0,167044144,12,0,610658955,59568,12,0,0,0,0,0,22,0,4999,22,0,0,0,59489,65095971720,381270173409
2022-11-17,Z305DGWK,0,190228664,12,0,613105834,59592,12,0,0,0,0,0,22,0,4999,22,0,0,0,59513,65096805168,381337777489
2022-11-18,Z305DGWK,0,12891992,12,0,615599821,59616,12,0,0,0,0,0,21,0,4999,21,0,0,0,59537,65097375816,381410930344
2022-11-19,Z305DGWK,0,147754288,12,0,618071759,59640,12,0,0,0,0,0,22,0,4999,22,0,0,0,59561,65100173048,381478004086
2022-11-20,Z305DGWK,0,153412088,12,0,619542484,59664,12,0,0,0,0,0,21,0,4999,21,0,0,0,59585,65101529008,381720854591
2022-11-21,Z305DGWK,0,52591080,12,0,620341434,59688,12,0,0,0,0,0,21,0,4999,21,0,0,0,59609,65102646288,381946145992
2022-11-22,Z305DGWK,0,182077576,12,0,621213944,59712,12,0,0,0,0,0,21,0,4999,21,0,0,0,59633,65103551880,382201671703
2022-11-23,Z305DGWK,0,67031784,12,0,622319219,59736,12,0,0,0,0,0,22,0,4999,22,0,0,0,59657,65104888608,382494880676
2022-11-24,Z305DGWK,0,218226280,12,0,623814445,59760,12,0,0,0,0,0,22,0,4999,22,0,0,0,59681,65106588992,382674909431
2022-11-25,Z305DGWK,0,141276864,12,0,625960935,59784,12,0,0,0,0,0,21,0,4999,21,0,0,0,59705,65107704840,382933740145
2022-11-26,Z305DGWK,0,130592560,12,0,627490718,59807,12,0,0,0,0,0,21,0,4999,21,0,0,0,59729,65109959136,383284396812
2022-11-27,Z305DGWK,0,163043648,12,0,628902223,59831,12,0,0,0,0,0,21,0,4999,21,0,0,0,59753,65111280944,383534803640
2022-11-28,Z305DGWK,0,100531928,12,0,630397893,59855,12,0,0,0,0,0,21,0,4999,21,0,0,0,59777,65112406080,383769252865
2022-11-29,Z305DGWK,0,236923080,12,0,633356418,59879,12,0,0,0,0,0,21,0,4999,21,0,0,0,59801,65113548960,383980059150
2022-11-30,Z305DGWK,0,34974392,12,0,634624567,59903,12,0,0,0,0,0,22,0,4999,22,0,0,0,59825,65114396664,384165377009
2022-12-01,Z305DGWK,0,116699728,12,0,636402312,59927,12,0,0,0,0,0,21,0,4999,21,0,0,0,59849,65115267040,384271948668
2022-12-02,Z305DGWK,0,10702072,12,0,637320336,59952,12,0,0,0,0,0,22,0,4999,22,0,0,0,59873,65116117880,384342100267
2022-12-03,Z305DGWK,0,192862544,12,0,637847039,59976,12,0,0,0,0,0,22,0,4999,22,0,0,0,59897,65117048224,384408150413
2022-12-04,Z305DGWK,0,16503352,12,0,638144942,60000,12,0,0,0,0,0,22,0,4999,22,0,0,0,59921,65118382200,384439850577
2022-12-05,Z305DGWK,0,132702408,12,0,639246170,60024,12,0,0,0,0,0,22,0,4999,22,0,0,0,59945,65119403576,384579203455
2022-12-06,Z305DGWK,0,140020592,12,0,642019740,60048,12,0,0,0,0,0,21,0,4999,21,0,0,0,59969,65120359520,384757036535
2022-12-07,Z305DGWK,0,85653984,12,0,643095320,60072,12,0,0,0,0,0,22,0,4999,22,0,0,0,59993,65121569296,384959580021
2022-12-08,Z305DGWK,0,150926480,12,0,644824083,60096,12,0,0,0,0,0,22,0,4999,22,0,0,0,60017,65122512456,385078980743
2022-12-09,Z305DGWK,0,187090320,12,0,646276504,60120,12,0,0,0,0,0,21,0,4999,21,0,0,0,60041,65123794824,385214429026
2022-12-11,Z305DGWK,0,234972296,12,0,649457248,60168,12,0,0,0,0,0,22,0,4999,22,0,0,0,60089,65126035008,385627720405
2022-12-11,Z305DGWK,0,234972296,12,0,649457248,60168,12,0,0,0,0,0,22,0,4999,22,0,0,0,60089,65126035008,385627720405
2022-12-12,Z305DGWK,0,143847016,12,0,650640329,60192,12,0,0,0,0,0,22,0,4999,22,0,0,0,60113,65127126408,385831789229
2022-12-13,Z305DGWK,0,212183288,12,0,653933311,60216,12,0,0,0,0,0,22,0,4999,22,0,0,0,60138,65128407040,386138773203
2022-12-14,Z305DGWK,0,62386856,12,0,655084385,60241,12,0,0,0,0,0,21,0,4999,21,0,0,0,60162,65130349680,386426455987
2022-12-15,Z305DGWK,0,220006520,12,0,657172330,60264,12,0,0,0,0,0,22,0,4999,22,0,0,0,60186,65131533696,386542959890
2022-12-16,Z305DGWK,0,204181304,12,0,658391182,60288,12,0,0,0,0,0,21,0,4999,21,0,0,0,60209,65132926504,386754219683
2022-12-17,Z305DGWK,0,24800600,12,0,659810657,60312,12,0,0,0,0,0,22,0,4999,22,0,0,0,60233,65133939944,387016603518
2022-12-18,Z305DGWK,0,13191832,12,0,660589827,60336,12,0,0,0,0,0,21,0,4999,21,0,0,0,60257,65135009008,387158172417
2022-12-19,Z305DGWK,0,186117712,12,0,661754184,60360,12,0,0,0,0,0,21,0,4999,21,0,0,0,60281,65136251816,387396207463
2022-12-20,Z305DGWK,0,198495880,12,0,664694277,60384,12,0,0,0,0,0,22,0,4999,22,0,0,0,60305,65137817736,387690204155
2022-12-21,Z305DGWK,0,47573936,12,0,665526706,60408,12,0,0,0,0,0,22,0,4999,22,0,0,0,60329,65139527552,387861948316
2022-12-22,Z305DGWK,0,209094640,12,0,667385452,60432,12,0,0,0,0,0,21,0,4999,21,0,0,0,60353,65140552856,387996171965
2022-12-23,Z305DGWK,0,7543040,12,0,669209971,60456,12,0,0,0,0,0,22,0,4999,22,0,0,0,60377,65141734120,388257131909
2022-12-24,Z305DGWK,0,13250080,12,0,670497279,60479,12,0,0,0,0,0,22,0,4999,22,0,0,0,60400,65142789088,388482263305
2022-12-25,Z305DGWK,0,126735280,12,0,671913230,60503,12,0,0,0,0,0,22,0,4999,22,0,0,0,60424,65144099776,388720427726
2022-12-26,Z305DGWK,0,106612968,12,0,673542672,60526,12,0,0,0,0,0,21,0,4999,21,0,0,0,60448,65145482496,388980199092
2022-12-27,Z305DGWK,0,122849864,12,0,676486493,60550,12,0,0,0,0,0,22,0,4999,22,0,0,0,60471,65147371080,389258079496
2022-12-28,Z305DGWK,0,9016816,12,0,677339015,60574,12,0,0,0,0,0,21,0,4999,21,0,0,0,60495,65148964056,389501951734
2022-12-29,Z305DGWK,0,36338072,12,0,678400521,60597,12,0,0,0,0,0,21,0,4999,21,0,0,0,60519,65150042464,389652512400
2022-12-30,Z305DGWK,0,8516048,12,0,680101164,60621,12,0,0,0,0,0,21,0,4999,21,0,0,0,60542,65151186928,389818455755
2022-12-31,Z305DGWK,0,60410616,12,0,681059881,60645,12,0,0,0,0,0,21,0,4999,21,0,0,0,60566,65152406392,390113681990
