2022-01-01,Z3059YFD,0,116313640,12,0,400158772,53317,11,0,0,0,0,0,18,1,136636,18,0,0,0,52538,47676777664,388181973487
2022-01-02,Z3059YFD,0,151767232,12,0,401213123,53341,11,0,0,0,0,0,18,1,136636,18,0,0,0,52562,47702793736,388418394448
2022-01-03,Z3059YFD,0,8913864,12,0,404452548,53365,11,0,0,0,0,0,18,1,136636,18,0,0,0,52586,47718165296,388592227433
2022-01-04,Z3059YFD,0,197745384,12,0,405254413,53388,11,0,0,0,0,0,18,1,136636,18,0,0,0,52610,47733822040,388853414878
2022-01-05,Z3059YFD,0,64468752,12,0,406107187,53412,11,0,0,0,0,0,18,1,136636,18,0,0,0,52633,47755670016,389096485392
2022-01-06,Z3059YFD,0,199649968,12,0,406881394,53436,11,0,0,0,0,0,19,1,136636,19,0,0,0,52657,47770532008,389295749992
2022-01-07,Z3059YFD,0,221816400,12,0,407617754,53460,11,0,0,0,0,0,18,1,136636,18,0,0,0,52681,47790672016,389477422166
2022-01-08,Z3059YFD,0,235766856,12,0,409762058,53483,11,0,0,0,0,0,18,1,136636,18,0,0,0,52705,47802929584,389754592398
2022-01-09,Z3059YFD,0,130914208,12,0,410582372,53507,11,0,0,0,0,0,18,1,136636,18,0,0,0,52729,47819351312,390022593920
2022-01-10,Z3059YFD,0,93027664,12,0,411750869,53531,11,0,0,0,0,0,18,1,136636,18,0,0,0,52752,47832636744,390133337947
2022-01-11,Z3059YFD,0,54572432,12,0,412956537,53555,11,0,0,0,0,0,18,1,136636,18,0,0,0,52776,47844904072,390359983518
2022-01-12,Z3059YFD,0,158023456,12,0,413675696,53578,11,0,0,0,0,0,18,1,136636,18,0,0,0,52800,47857841152,390537997008
2022-01-13,Z3059YFD,0,190726056,12,0,414271726,53602,11,0,0,0,0,0,18,1,136636,18,0,0,0,52823,47872395000,390675345164
2022-01-14,Z3059YFD,0,173989176,12,0,414985172,53625,11,0,0,0,0,0,18,1,136636,18,0,0,0,52847,47887589352,390885360371
2022-01-15,Z3059YFD,0,179008848,12,0,416959810,53649,11,0,0,0,0,0,18,1,136636,18,0,0,0,52870,47902960696,391095279671
2022-01-16,Z3059YFD,0,48841624,12,0,417726528,53673,11,0,0,0,0,0,18,1,136636,18,0,0,0,52894,47917838448,391260150651
2022-01-17,Z3059YFD,0,16308176,12,0,418865793,53697,11,0,0,0,0,0,18,1,136636,18,0,0,0,52918,47942135056,391407458394
2022-01-18,Z3059YFD,0,109911824,12,0,420128667,53720,11,0,0,0,0,0,18,1,136636,18,0,0,0,52941,47954105232,391546678455
2022-01-19,Z3059YFD,0,38609288,12,0,421957019,53744,11,0,0,0,0,0,19,1,136636,19,0,0,0,52965,47973735752,391815315172
2022-01-20,Z3059YFD,0,16943872,12,0,423331064,53768,11,0,0,0,0,0,19,1,136636,19,0,0,0,52989,47986970912,392034857063
2022-01-21,Z3059YFD,0,197564448,12,0,424214710,53791,11,0,0,0,0,0,19,1,136636,19,0,0,0,53012,48004558240,392246919553
2022-01-22,Z3059YFD,0,233081264,12,0,426288196,53815,11,0,0,0,0,0,19,1,136636,19,0,0,0,53036,48019188624,392522055096
2022-01-23,Z3059YFD,0,200328616,12,0,427018680,53838,11,0,0,0,0,0,19,1,136636,19,0,0,0,53060,48032219656,392663019417
2022-01-24,Z3059YFD,0,64827184,12,0,428130156,53862,11,0,0,0,0,0,19,1,136636,19,0,0,0,53083,48049921216,392826658389
2022-01-25,Z3059YFD,0,85561688,12,0,430220092,53886,11,0,0,0,0,0,19,1,136636,19,0,0,0,53107,48062666696,393012908437
2022-01-26,Z3059YFD,0,159302440,12,0,431092157,53909,11,0,0,0,0,0,19,1,136636,19,0,0,0,53131,48078810176,393185006038
2022-01-27,Z3059YFD,0,34709192,12,0,431976853,53933,11,0,0,0,0,0,19,1,136636,19,0,0,0,53154,48094565672,393393753553
2022-01-28,Z3059YFD,0,236558656,12,0,432884332,53957,11,0,0,0,0,0,19,1,136636,19,0,0,0,53178,48110477328,393594231128
2022-01-29,Z3059YFD,0,72122440,12,0,435047051,53980,11,0,0,0,0,0,19,1,136636,19,0,0,0,53202,48130932776,393837938763
2022-01-30,Z3059YFD,0,97698064,12,0,436020763,54004,11,0,0,0,0,0,19,1,136636,19,0,0,0,53225,48146582384,394046851520
2022-01-31,Z3059YFD,0,23451576,12,0,437094892,54028,11,0,0,0,0,0,19,1,136636,19,0,0,0,53249,48164237632,394185941317
2022-02-01,Z3059YFD,0,112517384,12,0,438626619,54051,11,0,0,0,0,0,18,1,136636,18,0,0,0,53273,48182758792,394287532443
2022-02-02,Z3059YFD,0,167109424,12,0,439444184,54075,11,0,0,0,0,0,18,1,136636,18,0,0,0,53296,48200665672,394433944317
2022-02-03,Z3059YFD,0,209480056,12,0,440295170,54099,11,0,0,0,0,0,18,1,136636,18,0,0,0,53320,48215313936,394593919197
2022-02-04,Z3059YFD,0,191512576,12,0,441043087,54122,11,0,0,0,0,0,18,1,136636,18,0,0,0,53344,48229416720,394716801171
2022-02-05,Z3059YFD,0,6162032,12,0,443060302,54146,11,0,0,0,0,0,18,1,136636,18,0,0,0,53367,48249988144,394904461697
2022-02-06,Z3059YFD,0,212644888,12,0,444027112,54169,11,0,0,0,0,0,18,1,136636,18,0,0,0,53391,48265462656,395072470953
2022-02-07,Z3059YFD,0,165972096,12,0,445146476,54193,11,0,0,0,0,0,18,1,136636,18,0,0,0,53414,48291152448,395274959571
2022-02-08,Z3059YFD,0,216897704,12,0,448218333,54217,11,0,0,0,0,0,18,1,136636,18,0,0,0,53438,48309704488,395448901136
2022-02-09,Z3059YFD,0,225085592,12,0,449621016,54252,11,0,0,0,0,0,18,1,136636,18,0,0,0,53474,48338477160,395740969555
2022-02-10,Z3059YFD,0,243699496,12,0,450465238,54276,11,0,0,0,0,0,18,1,136636,18,0,0,0,53497,48351029168,395945552020
2022-02-11,Z3059YFD,0,214992872,12,0,451231940,54300,11,0,0,0,0,0,18,1,136636,18,0,0,0,53521,48363611960,396107119539
2022-02-12,Z3059YFD,0,143351440,12,0,453223138,54324,11,0,0,0,0,0,18,1,136636,18,0,0,0,53545,48372459768,396320163128
2022-02-13,Z3059YFD,0,140018496,12,0,454312756,54347,11,0,0,0,0,0,18,1,136636,18,0,0,0,53569,48380902848,396615857660
2022-02-14,Z3059YFD,0,111786200,12,0,456278016,54371,11,0,0,0,0,0,18,1,136636,18,0,0,0,53592,48391957536,396867370741
2022-02-15,Z3059YFD,0,31669720,12,0,458875889,54395,11,0,0,0,0,0,18,1,136636,18,0,0,0,53616,48401253888,397234850987
2022-02-16,Z3059YFD,0,145881840,12,0,460684012,54418,11,0,0,0,0,0,18,1,136636,18,0,0,0,53640,48412606528,397504822814
2022-02-17,Z3059YFD,0,148614560,12,0,462082180,54442,11,0,0,0,0,0,17,1,136636,17,0,0,0,53664,48423172200,397818184185
2022-02-18,Z3059YFD,0,147183048,12,0,463096439,54466,11,0,0,0,0,0,18,1,136636,18,0,0,0,53687,48436772224,398043289945
2022-02-19,Z3059YFD,0,2167992,12,0,465204044,54490,11,0,0,0,0,0,18,1,136636,18,0,0,0,53711,48448307544,398349340853
2022-02-20,Z3059YFD,0,217639448,12,0,466118255,54513,11,0,0,0,0,0,17,1,136636,17,0,0,0,53735,48463810288,398634902453
2022-02-21,Z3059YFD,0,51085480,12,0,467015249,54537,11,0,0,0,0,0,17,1,136636,17,0,0,0,53758,48479518560,398813570799
2022-02-22,Z3059YFD,0,194920384,12,0,468491119,54561,11,0,0,0,0,0,17,1,136636,17,0,0,0,53782,48490672424,398903632482
2022-02-23,Z3059YFD,0,32283224,12,0,470984182,54585,11,0,0,0,0,0,18,1,136636,18,0,0,0,53806,48503385712,399184842221
2022-02-24,Z3059YFD,0,220910312,12,0,471904299,54608,11,0,0,0,0,0,18,1,136636,18,0,0,0,53830,48518681664,399408542974
2022-02-25,Z3059YFD,0,129494296,12,0,472733157,54632,11,0,0,0,0,0,18,1,136636,18,0,0,0,53853,48537797664,399670993173
2022-02-26,Z3059YFD,0,1241784,12,0,474637706,54656,11,0,0,0,0,0,18,1,136636,18,0,0,0,53877,48548084240,399911564880
2022-02-27,Z3059YFD,0,186709664,12,0,475477683,54680,11,0,0,0,0,0,18,1,136636,18,0,0,0,53901,48558815352,400159069248
2022-02-28,Z3059YFD,0,59899896,12,0,476370639,54703,11,0,0,0,0,0,18,1,136636,18,0,0,0,53925,48576495048,400322333326
2022-03-01,Z3059YFD,0,132705432,12,0,477852700,54727,11,0,0,0,0,0,18,1,136636,18,0,0,0,53949,48588965384,400450247565
2022-03-02,Z3059YFD,0,37593040,12,0,478802571,54751,11,0,0,0,0,0,17,1,136636,17,0,0,0,53972,48606950640,400650390689
2022-03-03,Z3059YFD,0,81485064,12,0,479595597,54775,11,0,0,0,0,0,17,1,136636,17,0,0,0,53996,48613622960,400831752713
2022-03-04,Z3059YFD,0,191849480,12,0,480500688,54799,11,0,0,0,0,0,18,1,136636,18,0,0,0,54020,48621145304,401065427602
2022-03-05,Z3059YFD,0,207204128,12,0,482570568,54822,11,0,0,0,0,0,18,1,136636,18,0,0,0,54043,48628150752,401336986513
2022-03-06,Z3059YFD,0,188300944,12,0,483441232,54846,11,0,0,0,0,0,17,1,136636,17,0,0,0,54067,48635386968,401592993172
2022-03-07,Z3059YFD,0,170836624,12,0,484588092,54870,11,0,0,0,0,0,18,1,136636,18,0,0,0,54091,48643156736,401807353576
2022-03-08,Z3059YFD,0,87580424,12,0,486543063,54893,11,0,0,0,0,0,18,1,136636,18,0,0,0,54115,48652550240,401928724257
2022-03-09,Z3059YFD,0,240512080,12,0,487856670,54917,11,0,0,0,0,0,17,1,136636,17,0,0,0,54138,48664545952,402099196107
2022-03-10,Z3059YFD,0,101197712,12,0,488718280,54941,11,0,0,0,0,0,18,1,136636,18,0,0,0,54162,48676507856,402308383572
2022-03-11,Z3059YFD,0,44048200,12,0,489652414,54964,11,0,0,0,0,0,17,1,136636,17,0,0,0,54186,48687698512,402542347755
2022-03-12,Z3059YFD,0,73502816,12,0,491640129,54988,11,0,0,0,0,0,18,1,136636,18,0,0,0,54209,48698851616,402765918646
2022-03-13,Z3059YFD,0,99989544,12,0,492566073,55012,11,0,0,0,0,0,18,1,136636,18,0,0,0,54233,48709698240,402990710009
2022-03-14,Z3059YFD,0,11188128,12,0,493655091,55035,11,0,0,0,0,0,17,1,136636,17,0,0,0,54257,48720967360,403187923104
2022-03-15,Z3059YFD,0,142687712,12,0,495375639,55059,11,0,0,0,0,0,18,1,136636,18,0,0,0,54280,48753431760,403327232674
2022-03-16,Z3059YFD,0,243140464,12,0,496087486,55083,11,0,0,0,0,0,18,1,136636,18,0,0,0,54304,48761511832,403438972687
2022-03-17,Z3059YFD,0,198351928,12,0,496861390,55106,11,0,0,0,0,0,18,1,136636,18,0,0,0,54328,48770564120,403597398146
2022-03-18,Z3059YFD,0,49774152,12,0,497535628,55130,11,0,0,0,0,0,18,1,136636,18,0,0,0,54351,48778938280,403744408860
2022-03-19,Z3059YFD,0,118101528,12,0,499352380,55154,11,0,0,0,0,0,17,1,136636,17,0,0,0,54375,48786870032,403904150314
2022-03-20,Z3059YFD,0,43578936,12,0,500078078,55177,11,0,0,0,0,0,18,1,136636,18,0,0,0,54398,48796210224,404062919689
2022-03-21,Z3059YFD,0,200244912,12,0,500925833,55201,11,0,0,0,0,0,17,1,136636,17,0,0,0,54422,48805673376,404228813870
2022-03-22,Z3059YFD,0,26022864,12,0,502627005,55225,11,0,0,0,0,0,18,1,136636,18,0,0,0,54446,48814503080,404372042652
2022-03-23,Z3059YFD,0,178700712,12,0,503564342,55249,11,0,0,0,0,0,18,1,136636,18,0,0,0,54470,48830284104,404590618505
2022-03-24,Z3059YFD,0,6882640,12,0,504285723,55272,11,0,0,0,0,0,18,1,136636,18,0,0,0,54494,48838875296,404762549499
2022-03-25,Z3059YFD,0,142137152,12,0,505070625,55296,11,0,0,0,0,0,18,1,136636,18,0,0,0,54517,48849616360,404932697378
2022-03-26,Z3059YFD,0,161090368,12,0,506195169,55320,11,0,0,0,0,0,18,1,136636,18,0,0,0,54541,48863848624,405141438675
2022-03-27,Z3059YFD,0,33617624,12,0,507764825,55344,11,0,0,0,0,0,18,1,136636,18,0,0,0,54565,48879036336,405310432184
2022-03-28,Z3059YFD,0,132668752,12,0,510536158,55367,11,0,0,0,0,0,18,1,136636,18,0,0,0,54589,48890468088,405639849821
2022-03-29,Z3059YFD,0,26031176,12,0,512598928,55391,11,0,0,0,0,0,18,1,136636,18,0,0,0,54612,48900487152,405880452111
2022-03-30,Z3059YFD,0,71533800,12,0,515189553,55415,11,0,0,0,0,0,18,1,136636,18,0,0,0,54636,48913164136,406253824762
2022-03-31,Z3059YFD,0,40468568,12,0,516793519,55439,11,0,0,0,0,0,18,1,136636,18,0,0,0,54660,48927275512,406513449580
2022-04-01,Z3059YFD,0,74890800,12,0,518157213,55462,11,0,0,0,0,0,18,1,136636,18,0,0,0,54684,48944116480,406825177991
2022-04-02,Z3059YFD,0,20651288,12,0,520938791,55498,11,0,0,0,0,0,18,1,136636,18,0,0,0,54719,48967865168,407240294097
2022-04-03,Z3059YFD,0,12766520,12,0,522033516,55522,11,0,0,0,0,0,18,1,136636,18,0,0,0,54743,48980068240,407560989976
2022-04-04,Z3059YFD,0,207159176,12,0,523329315,55546,11,0,0,0,0,0,18,1,136636,18,0,0,0,54767,48995988488,407762129040
2022-04-05,Z3059YFD,0,89362832,12,0,524681254,55569,11,0,0,0,0,0,17,1,136636,17,0,0,0,54791,49010130456,407903328338
2022-04-06,Z3059YFD,0,71236272,12,0,525642655,55593,11,0,0,0,0,0,18,1,136636,18,0,0,0,54814,49022591344,408138577212
2022-04-07,Z3059YFD,0,122478120,12,0,526565731,55617,11,0,0,0,0,0,18,1,136636,18,0,0,0,54838,49036824720,408349880006
2022-04-08,Z3059YFD,0,60069208,12,0,527457994,55641,11,0,0,0,0,0,17,1,136636,17,0,0,0,54862,49051531896,408623452124
2022-04-09,Z3059YFD,0,156177640,12,0,529656708,55664,11,0,0,0,0,0,18,1,136636,18,0,0,0,54886,49075862112,408879226502
2022-04-10,Z3059YFD,0,223841488,12,0,530539175,55688,11,0,0,0,0,0,18,1,136636,18,0,0,0,54909,49089602832,409134639916
2022-04-11,Z3059YFD,0,62901944,12,0,531643615,55712,11,0,0,0,0,0,18,1,136636,18,0,0,0,54933,49103125864,409284898221
2022-04-12,Z3059YFD,0,227059512,12,0,533035113,55736,11,0,0,0,0,0,18,1,136636,18,0,0,0,54957,49119598400,409432241898
2022-04-13,Z3059YFD,0,41174672,12,0,533753569,55759,11,0,0,0,0,0,18,1,136636,18,0,0,0,54981,49136546632,409599412275
2022-04-14,Z3059YFD,0,165286472,12,0,534546413,55783,11,0,0,0,0,0,18,1,136636,18,0,0,0,55004,49151119288,409767506170
2022-04-15,Z3059YFD,0,83300552,12,0,537085702,55807,11,0,0,0,0,0,18,1,136636,18,0,0,0,55028,49166821512,410027655661
2022-04-16,Z3059YFD,0,235830592,12,0,539223634,55830,11,0,0,0,0,0,18,1,136636,18,0,0,0,55052,49184327448,410295244928
2022-04-17,Z3059YFD,0,29978080,12,0,540119340,55854,11,0,0,0,0,0,18,1,136636,18,0,0,0,55075,49204028184,410556364757
2022-04-18,Z3059YFD,0,201721592,12,0,541095818,55878,11,0,0,0,0,0,18,1,136636,18,0,0,0,55099,49227360304,410715837625
2022-04-19,Z3059YFD,0,109607120,12,0,542511579,55902,11,0,0,0,0,0,18,1,136636,18,0,0,0,55123,49240108496,410831805087
2022-04-20,Z3059YFD,0,225164456,12,0,543308994,55925,11,0,0,0,0,0,18,1,136636,18,0,0,0,55147,49259495320,410996352337
2022-04-21,Z3059YFD,0,115520992,12,0,544210191,55949,11,0,0,0,0,0,18,1,136636,18,0,0,0,55170,49271261256,411223046580
2022-04-22,Z3059YFD,0,241056912,12,0,545041370,55973,11,0,0,0,0,0,18,1,136636,18,0,0,0,55194,49283982856,411414848185
2022-04-23,Z3059YFD,0,78252216,12,0,547098333,55996,11,0,0,0,0,0,18,1,136636,18,0,0,0,55218,49291702384,411659825526
2022-04-24,Z3059YFD,0,63191512,12,0,548103590,56020,11,0,0,0,0,0,18,1,136636,18,0,0,0,55242,49308246520,411876515351
2022-04-25,Z3059YFD,0,21423064,12,0,549624728,56044,11,0,0,0,0,0,18,1,136636,18,0,0,0,55265,49321036088,412086543133
2022-04-26,Z3059YFD,0,220574600,12,0,551942439,56068,11,0,0,0,0,0,18,1,136636,18,0,0,0,55289,49334758432,412233044073
2022-04-27,Z3059YFD,0,149420856,12,0,552738614,56092,11,0,0,0,0,0,18,1,136636,18,0,0,0,55313,49348160920,412348204385
2022-04-28,Z3059YFD,0,82054400,12,0,553511688,56115,11,0,0,0,0,0,18,1,136636,18,0,0,0,55337,49368099176,412471420487
2022-04-29,Z3059YFD,0,76228744,12,0,554409424,56139,11,0,0,0,0,0,18,1,136636,18,0,0,0,55360,49390948128,412641604048
2022-04-30,Z3059YFD,0,222888992,12,0,556345124,56163,11,0,0,0,0,0,18,1,136636,18,0,0,0,55384,49404480608,412803817976
2022-05-01,Z3059YFD,0,57766568,12,0,557121360,56187,11,0,0,0,0,0,18,1,136636,18,0,0,0,55408,49417289488,412957101306
2022-05-02,Z3059YFD,0,156814976,12,0,558100289,56210,11,0,0,0,0,0,18,1,136636,18,0,0,0,55432,49439639232,413116859452
2022-05-03,Z3059YFD,0,203521944,12,0,560184692,56246,11,0,0,0,0,0,18,1,136636,18,0,0,0,55467,49461346144,413347855313
2022-05-04,Z3059YFD,0,184249944,12,0,560561138,56258,11,0,0,0,0,0,18,1,136636,18,0,0,0,55479,49467637568,413430571759
2022-05-05,Z3059YFD,0,115805032,12,0,561480351,56282,11,0,0,0,0,0,18,1,136636,18,0,0,0,55503,49486990120,413617138259
2022-05-06,Z3059YFD,0,173047464,12,0,562416743,56305,11,0,0,0,0,0,18,1,136636,18,0,0,0,55527,49504661024,413792248458
2022-05-07,Z3059YFD,0,65459128,12,0,564319673,56329,11,0,0,0,0,0,18,1,136636,18,0,0,0,55550,49519195064,413991892989
2022-05-08,Z3059YFD,0,22332912,12,0,564974853,56353,11,0,0,0,0,0,18,1,136636,18,0,0,0,55574,49541360080,414139283582
2022-05-09,Z3059YFD,0,218711296,12,0,565686833,56377,11,0,0,0,0,0,18,1,136636,18,0,0,0,55598,49555785584,414303240947
2022-05-10,Z3059YFD,0,229337816,12,0,567292559,56401,11,0,0,0,0,0,18,1,136636,18,0,0,0,55622,49571089104,414433165185
2022-05-11,Z3059YFD,0,75520056,12,0,568232395,56425,11,0,0,0,0,0,18,1,136636,18,0,0,0,55646,49587761920,414663987506
2022-05-12,Z3059YFD,0,219770240,12,0,570011231,56448,11,0,0,0,0,0,18,1,136636,18,0,0,0,55670,49612343032,415050932804
2022-05-13,Z3059YFD,0,88486032,12,0,572648538,56472,11,0,0,0,0,0,18,1,136636,18,0,0,0,55694,49640669952,415379760863
2022-05-14,Z3059YFD,0,115916272,12,0,574836741,56496,11,0,0,0,0,0,18,1,136636,18,0,0,0,55717,49653690128,415700397026
2022-05-15,Z3059YFD,0,183512928,12,0,576580117,56520,11,0,0,0,0,0,18,1,136636,18,0,0,0,55741,49670658992,415978359454
2022-05-16,Z3059YFD,0,129491056,12,0,579265310,56544,11,0,0,0,0,0,18,1,136636,18,0,0,0,55765,49690313760,416258089702
2022-05-17,Z3059YFD,0,692400,12,0,580892823,56567,11,0,0,0,0,0,18,1,136636,18,0,0,0,55789,49707786864,416370350658
2022-05-18,Z3059YFD,0,123849480,12,0,581919740,56591,11,0,0,0,0,0,18,1,136636,18,0,0,0,55813,49729301288,416656870724
2022-05-19,Z3059YFD,0,187314296,12,0,582710243,56615,11,0,0,0,0,0,18,1,136636,18,0,0,0,55836,49743094992,416831879703
2022-05-20,Z3059YFD,0,239642232,12,0,583760676,56639,11,0,0,0,0,0,18,1,136636,18,0,0,0,55860,49756807720,417080098353
2022-05-21,Z3059YFD,0,67738952,12,0,585560149,56662,11,0,0,0,0,0,18,1,136636,18,0,0,0,55884,49771903528,417337781590
2022-05-22,Z3059YFD,0,45626232,12,0,586739014,56686,11,0,0,0,0,0,18,1,136636,18,0,0,0,55908,49786248888,417588626655
2022-05-23,Z3059YFD,0,22452072,12,0,587582768,56710,11,0,0,0,0,0,18,1,136636,18,0,0,0,55931,49799977864,417815620963
2022-05-24,Z3059YFD,0,110314056,12,0,589257202,56734,11,0,0,0,0,0,18,1,136636,18,0,0,0,55955,49812245832,417931032475
2022-05-25,Z3059YFD,0,1530848,12,0,590409262,56770,11,0,0,0,0,0,18,1,136636,18,0,0,0,55991,49834183256,418238654236
2022-05-26,Z3059YFD,0,179738552,12,0,591152089,56793,11,0,0,0,0,0,18,1,136636,18,0,0,0,56015,49849547104,418403900160
2022-05-27,Z3059YFD,0,106955256,12,0,592154952,56817,11,0,0,0,0,0,18,1,136636,18,0,0,0,56039,49866293256,418605033059
2022-05-28,Z3059YFD,0,231364024,12,0,594300657,56841,11,0,0,0,0,0,18,1,136636,18,0,0,0,56062,49881993944,418831084203
2022-05-29,Z3059YFD,0,129096640,12,0,595308688,56865,11,0,0,0,0,0,18,1,136636,18,0,0,0,56086,49897733944,419095972401
2022-05-30,Z3059YFD,0,205902424,12,0,596578131,56889,11,0,0,0,0,0,18,1,136636,18,0,0,0,56110,49922451088,419251188582
2022-05-31,Z3059YFD,0,107878136,12,0,598439315,56913,11,0,0,0,0,0,18,1,136636,18,0,0,0,56134,49939809992,419484612780
2022-06-01,Z3059YFD,0,80784440,12,0,600073199,56936,11,0,0,0,0,0,17,1,136636,17,0,0,0,56158,49954004592,419660159833
2022-06-02,Z3059YFD,0,50852496,12,0,600843548,56960,11,0,0,0,0,0,17,1,136636,17,0,0,0,56182,49969099616,419825047892
2022-06-03,Z3059YFD,0,30407016,12,0,601651963,56984,11,0,0,0,0,0,18,1,136636,18,0,0,0,56205,49988950672,420013220192
2022-06-04,Z3059YFD,0,171346056,12,0,603809176,57008,11,0,0,0,0,0,18,1,136636,18,0,0,0,56229,50002722576,420239214182
2022-06-05,Z3059YFD,0,8475976,12,0,604632229,57031,11,0,0,0,0,0,18,1,136636,18,0,0,0,56253,50016325432,420445964308
2022-06-06,Z3059YFD,0,21689552,12,0,605893877,57055,11,0,0,0,0,0,18,1,136636,18,0,0,0,56276,50029084312,420606167931
2022-06-07,Z3059YFD,0,10424272,12,0,607343508,57079,11,0,0,0,0,0,18,1,136636,18,0,0,0,56300,50044577632,420776537270
2022-06-08,Z3059YFD,0,44905312,12,0,608273189,57102,11,0,0,0,0,0,18,1,136636,18,0,0,0,56324,50058859376,420966520269
2022-06-09,Z3059YFD,0,26215560,12,0,609200574,57126,11,0,0,0,0,0,17,1,136636,17,0,0,0,56347,50074881304,421108558471
2022-06-10,Z3059YFD,0,46032056,12,0,609979472,57150,11,0,0,0,0,0,18,1,136636,18,0,0,0,56371,50088469680,421215999482
2022-06-11,Z3059YFD,0,185621512,12,0,612199091,57174,11,0,0,0,0,0,18,1,136636,18,0,0,0,56395,50108024616,421414588205
2022-06-12,Z3059YFD,0,3524200,12,0,612971343,57197,11,0,0,0,0,0,17,1,136636,17,0,0,0,56419,50122150504,421544985539
2022-06-13,Z3059YFD,0,218738880,12,0,614053867,57221,11,0,0,0,0,0,18,1,136636,18,0,0,0,56442,50140954288,421697191458
2022-06-14,Z3059YFD,0,102779272,12,0,615636567,57245,11,0,0,0,0,0,18,1,136636,18,0,0,0,56466,50158306160,421827546509
2022-06-15,Z3059YFD,0,78592864,12,0,616592024,57269,11,0,0,0,0,0,18,1,136636,18,0,0,0,56490,50177488672,422010174258
2022-06-16,Z3059YFD,0,180611056,12,0,617408852,57292,11,0,0,0,0,0,17,1,136636,17,0,0,0,56514,50194060560,422166894387
2022-06-17,Z3059YFD,0,156467984,12,0,618761285,57328,11,0,0,0,0,0,18,1,136636,18,0,0,0,56549,50221302040,422429782193
2022-06-18,Z3059YFD,0,130784696,12,0,620729364,57352,11,0,0,0,0,0,18,1,136636,18,0,0,0,56573,50236154776,422625714532
2022-06-19,Z3059YFD,0,34487832,12,0,623020943,57376,11,0,0,0,0,0,18,1,136636,18,0,0,0,56597,50253516704,422818234204
2022-06-20,Z3059YFD,0,63904808,12,0,624807994,57400,11,0,0,0,0,0,18,1,136636,18,0,0,0,56621,50264709624,422961382888
2022-06-21,Z3059YFD,0,150591120,12,0,625622101,57423,11,0,0,0,0,0,18,1,136636,18,0,0,0,56645,50280020008,423150004473
2022-06-22,Z3059YFD,0,160233328,12,0,626407831,57447,11,0,0,0,0,0,18,1,136636,18,0,0,0,56668,50296562712,423315283801
2022-06-23,Z3059YFD,0,11777040,12,0,627234701,57471,11,0,0,0,0,0,18,1,136636,18,0,0,0,56692,50315837224,423491522086
2022-06-24,Z3059YFD,0,84337608,12,0,628521290,57494,11,0,0,0,0,0,18,1,136636,18,0,0,0,56715,50365073176,423741785818
2022-06-25,Z3059YFD,0,205702064,12,0,631357639,57518,11,0,0,0,0,0,18,1,136636,18,0,0,0,56739,50386466776,424130696594
2022-06-26,Z3059YFD,0,23807232,13,0,633741746,57542,12,0,0,0,0,0,18,1,136637,18,0,0,0,56763,50403494328,424480538710
2022-06-27,Z3059YFD,0,101709224,14,0,635878182,57566,13,0,0,0,0,0,18,1,136638,18,0,0,0,56787,50430112376,424698993841
2022-06-28,Z3059YFD,0,230388056,14,0,637233190,57590,13,0,0,0,0,0,18,1,136638,18,0,0,0,56811,50443504264,425006018366
2022-06-29,Z3059YFD,0,96184832,14,0,638327539,57613,13,0,0,0,0,0,18,1,136638,18,0,0,0,56835,50458551776,425250170540
2022-06-30,Z3059YFD,0,66100248,14,0,639381901,57637,13,0,0,0,0,0,18,1,136638,18,0,0,0,56859,50471919248,425557215347
2022-07-01,Z3059YFD,0,47213288,14,0,640482109,57661,13,0,0,0,0,0,18,1,136638,18,0,0,0,56883,50488144960,425842298909
2022-07-02,Z3059YFD,0,198361656,14,0,642746453,57685,13,0,0,0,0,0,18,1,136638,18,0,0,0,56906,50504409032,426112010868
2022-07-03,Z3059YFD,0,32456832,14,0,643784100,57709,13,0,0,0,0,0,18,1,136638,18,0,0,0,56930,50517751272,426359747117
2022-07-04,Z3059YFD,0,130421952,14,0,645679398,57733,13,0,0,0,0,0,18,1,136638,18,0,0,0,56954,50535315008,426537156993
2022-07-05,Z3059YFD,0,92045528,14,0,646496207,57757,13,0,0,0,0,0,18,1,136638,18,0,0,0,56978,50548384384,426741255267
2022-07-06,Z3059YFD,0,97681928,14,0,648720583,57781,13,0,0,0,0,0,18,1,136638,18,0,0,0,57002,50562878656,426997438153
2022-07-07,Z3059YFD,0,95727704,14,0,649594998,57804,13,0,0,0,0,0,18,1,136638,18,0,0,0,57026,50577981336,427221187839
2022-07-08,Z3059YFD,0,111082384,14,0,650311644,57828,13,0,0,0,0,0,18,1,136638,18,0,0,0,57049,50590259648,427399009152
2022-07-09,Z3059YFD,0,44033536,14,0,652347506,57852,13,0,0,0,0,0,18,1,136638,18,0,0,0,57073,50605708032,427622573963
2022-07-10,Z3059YFD,0,106562472,14,0,653128182,57876,13,0,0,0,0,0,18,1,136638,18,0,0,0,57097,50621357312,427783479334
2022-07-11,Z3059YFD,0,171926448,14,0,655141255,57899,13,0,0,0,0,0,17,1,136638,17,0,0,0,57121,50634261832,427940257558
2022-07-12,Z3059YFD,0,137652488,14,0,656224668,57923,13,0,0,0,0,0,17,1,136638,17,0,0,0,57144,50654680160,428189391098
2022-07-13,Z3059YFD,0,235289792,14,0,656582899,57935,13,0,0,0,0,0,18,1,136638,18,0,0,0,57156,50661948512,428279888367
2022-07-14,Z3059YFD,0,57879696,14,0,657446752,57959,13,0,0,0,0,0,18,1,136638,18,0,0,0,57180,50679797592,428499176516
2022-07-15,Z3059YFD,0,142212352,14,0,658218276,57982,13,0,0,0,0,0,18,1,136638,18,0,0,0,57204,50693885496,428704806919
2022-07-16,Z3059YFD,0,169366248,14,0,659524166,58006,13,0,0,0,0,0,18,1,136638,18,0,0,0,57228,50709416040,428878282033
2022-07-17,Z3059YFD,0,164931168,14,0,660864017,58030,13,0,0,0,0,0,18,1,136638,18,0,0,0,57251,50724814208,429055967643
2022-07-18,Z3059YFD,0,171339664,14,0,662817954,58065,13,0,0,0,0,0,18,1,136638,18,0,0,0,57287,50746495112,429297203781
2022-07-19,Z3059YFD,0,11931080,14,0,663857742,58089,13,0,0,0,0,0,17,1,136638,17,0,0,0,57311,50763307272,429478765127
2022-07-20,Z3059YFD,0,234753952,14,0,664703991,58113,13,0,0,0,0,0,17,1,136638,17,0,0,0,57335,50778950592,429661390184
2022-07-21,Z3059YFD,0,152200912,14,0,665610711,58137,13,0,0,0,0,0,18,1,136638,18,0,0,0,57358,50797053904,429866493010
2022-07-22,Z3059YFD,0,101670704,14,0,666523720,58161,13,0,0,0,0,0,17,1,136638,17,0,0,0,57382,50813213440,430025662746
2022-07-23,Z3059YFD,0,7046632,14,0,668490450,58184,13,0,0,0,0,0,17,1,136638,17,0,0,0,57406,50829782112,430147875583
2022-07-24,Z3059YFD,0,145759600,14,0,669324756,58208,13,0,0,0,0,0,18,1,136638,18,0,0,0,57430,50844032872,430317118313
2022-07-25,Z3059YFD,0,120506880,14,0,670330559,58232,13,0,0,0,0,0,17,1,136638,17,0,0,0,57453,50857697240,430423109881
2022-07-26,Z3059YFD,0,128602680,14,0,671638390,58256,13,0,0,0,0,0,17,1,136638,17,0,0,0,57477,50873238608,430525383071
2022-07-27,Z3059YFD,0,35633296,14,0,673667609,58279,13,0,0,0,0,0,17,1,136638,17,0,0,0,57501,50892980480,430699110673
2022-07-28,Z3059YFD,0,8586920,14,0,674998645,58303,13,0,0,0,0,0,17,1,136638,17,0,0,0,57525,50914056440,430868559398
2022-07-29,Z3059YFD,0,112426560,14,0,675922075,58327,13,0,0,0,0,0,17,1,136638,17,0,0,0,57548,50938441840,431046082051
2022-07-30,Z3059YFD,0,199574392,14,0,678018333,58351,13,0,0,0,0,0,17,1,136638,17,0,0,0,57572,50956968440,431232364107
2022-07-31,Z3059YFD,0,129028456,14,0,678792841,58375,13,0,0,0,0,0,17,1,136638,17,0,0,0,57596,50972778008,431408058505
2022-08-01,Z3059YFD,0,188629160,14,0,680465444,58399,13,0,0,0,0,0,17,1,136638,17,0,0,0,57620,50993036088,431557961393
2022-08-02,Z3059YFD,0,21577032,14,0,681596439,58422,13,0,0,0,0,0,18,1,136638,18,0,0,0,57644,51007040552,431727234882
2022-08-03,Z3059YFD,0,238686176,14,0,682401918,58446,13,0,0,0,0,0,18,1,136638,18,0,0,0,57667,51025149872,431917828307
2022-08-04,Z3059YFD,0,243806392,14,0,683242288,58470,13,0,0,0,0,0,17,1,136638,17,0,0,0,57691,51044721040,432085341584
2022-08-05,Z3059YFD,0,31337720,14,0,684073464,58494,13,0,0,0,0,0,17,1,136638,17,0,0,0,57715,51069119784,432262484519
2022-08-06,Z3059YFD,0,241953560,14,0,686156411,58517,13,0,0,0,0,0,18,1,136638,18,0,0,0,57739,51087935712,432471180427
2022-08-07,Z3059YFD,0,221769824,14,0,686945142,58541,13,0,0,0,0,0,17,1,136638,17,0,0,0,57763,51108107560,432638481259
2022-08-08,Z3059YFD,0,76762360,14,0,688119975,58565,13,0,0,0,0,0,17,1,136638,17,0,0,0,57786,51128083048,432777506629
2022-08-09,Z3059YFD,0,74228088,14,0,689753916,58589,13,0,0,0,0,0,18,1,136638,18,0,0,0,57810,51150136488,432995315040
2022-08-10,Z3059YFD,0,108561256,14,0,691569686,58612,13,0,0,0,0,0,18,1,136638,18,0,0,0,57834,51169649544,433379806989
2022-08-11,Z3059YFD,0,82328560,14,0,694054678,58636,13,0,0,0,0,0,18,1,136638,18,0,0,0,57858,51187731768,433693760330
2022-08-12,Z3059YFD,0,41369792,14,0,696771688,58660,13,0,0,0,0,0,17,1,136638,17,0,0,0,57881,51211432736,434025902242
2022-08-13,Z3059YFD,0,73372136,14,0,699381489,58684,13,0,0,0,0,0,17,1,136638,17,0,0,0,57905,51229510688,434345571289
2022-08-14,Z3059YFD,0,64446744,14,0,700363594,58708,13,0,0,0,0,0,17,1,136638,17,0,0,0,57929,51255768272,434582034098
2022-08-15,Z3059YFD,0,95274904,14,0,701620451,58732,13,0,0,0,0,0,17,1,136638,17,0,0,0,57953,51282048976,434827591858
2022-08-16,Z3059YFD,0,138229336,14,0,703347009,58756,13,0,0,0,0,0,17,1,136638,17,0,0,0,57977,51297779720,435044181043
2022-08-17,Z3059YFD,0,45535944,14,0,704354488,58779,13,0,0,0,0,0,17,1,136638,17,0,0,0,58001,51316287120,435281102977
2022-08-18,Z3059YFD,0,238910800,14,0,705309149,58803,13,0,0,0,0,0,17,1,136638,17,0,0,0,58024,51335877768,435488110767
2022-08-19,Z3059YFD,0,64464928,14,0,706292084,58827,13,0,0,0,0,0,17,1,136638,17,0,0,0,58048,51358491008,435775132752
2022-08-20,Z3059YFD,0,11643752,14,0,708906760,58851,13,0,0,0,0,0,17,1,136638,17,0,0,0,58072,51382571008,436002615934
2022-08-21,Z3059YFD,0,7677600,14,0,709986457,58875,13,0,0,0,0,0,17,1,136638,17,0,0,0,58096,51400216768,436251562865
2022-08-22,Z3059YFD,0,32963296,14,0,711012330,58898,13,0,0,0,0,0,17,1,136638,17,0,0,0,58120,51416466744,436435570562
2022-08-23,Z3059YFD,0,157985216,14,0,712539741,58922,13,0,0,0,0,0,18,1,136638,18,0,0,0,58144,51433113304,436569885920
2022-08-24,Z3059YFD,0,67327096,14,0,713415868,58946,13,0,0,0,0,0,18,1,136638,18,0,0,0,58167,51459154536,436758006817
2022-08-25,Z3059YFD,0,134255320,14,0,714288955,58970,13,0,0,0,0,0,17,1,136638,17,0,0,0,58191,51481924704,436907256603
2022-08-26,Z3059YFD,0,183599792,14,0,715252047,58994,13,0,0,0,0,0,17,1,136638,17,0,0,0,58215,51499263304,437131632279
2022-08-27,Z3059YFD,0,98835576,14,0,717584130,59017,13,0,0,0,0,0,18,1,136638,18,0,0,0,58239,51518414664,437385865013
2022-08-28,Z3059YFD,0,186040032,14,0,718911279,59041,13,0,0,0,0,0,18,1,136638,18,0,0,0,58262,51543203048,437662845804
2022-08-29,Z3059YFD,0,104087632,14,0,719851906,59065,13,0,0,0,0,0,17,1,136638,17,0,0,0,58286,51563983200,437832529336
2022-08-30,Z3059YFD,0,167500456,14,0,721619875,59089,13,0,0,0,0,0,17,1,136638,17,0,0,0,58310,51588290856,437967398230
2022-08-31,Z3059YFD,0,131747360,14,0,722549315,59113,13,0,0,0,0,0,17,1,136638,17,0,0,0,58334,51613401504,438141428926
2022-09-01,Z3059YFD,0,139567872,14,0,723500277,59136,13,0,0,0,0,0,18,1,136638,18,0,0,0,58358,51634543824,438305063964
2022-09-02,Z3059YFD,0,117534416,14,0,724516679,59160,13,0,0,0,0,0,17,1,136638,17,0,0,0,58382,51657683640,438516994102
2022-09-03,Z3059YFD,0,36253584,14,0,726331906,59184,13,0,0,0,0,0,18,1,136638,18,0,0,0,58405,51677659608,438718391692
2022-09-04,Z3059YFD,0,153660432,14,0,727855233,59208,13,0,0,0,0,0,18,1,136638,18,0,0,0,58429,51705076112,438951552150
2022-09-05,Z3059YFD,0,23632032,14,0,728956614,59232,13,0,0,0,0,0,18,1,136638,18,0,0,0,58453,51732907480,439138230239
2022-09-06,Z3059YFD,0,82461064,14,0,730791089,59255,13,0,0,0,0,0,18,1,136638,18,0,0,0,58477,51758474296,439224178725
2022-09-07,Z3059YFD,0,207306168,14,0,731676391,59279,13,0,0,0,0,0,17,1,136638,17,0,0,0,58501,51784875680,439339577530
2022-09-08,Z3059YFD,0,174891536,14,0,733956376,59315,13,0,0,0,0,0,17,1,136638,17,0,0,0,58536,51817870904,439585278064
2022-09-09,Z3059YFD,0,175151888,14,0,734883978,59339,13,0,0,0,0,0,17,1,136638,17,0,0,0,58560,51843732976,439745641772
2022-09-10,Z3059YFD,0,232037576,14,0,737094053,59362,13,0,0,0,0,0,17,1,136638,17,0,0,0,58584,51870775648,439919322122
2022-09-11,Z3059YFD,0,21176952,14,0,738135656,59386,13,0,0,0,0,0,18,1,136638,18,0,0,0,58608,51897508208,440104407564
2022-09-12,Z3059YFD,0,103249808,14,0,739922210,59410,13,0,0,0,0,0,17,1,136638,17,0,0,0,58631,51918395888,440243397807
2022-09-13,Z3059YFD,0,109782552,14,0,741045222,59434,13,0,0,0,0,0,17,1,136638,17,0,0,0,58655,51948327400,440402594829
2022-09-14,Z3059YFD,0,154170280,14,0,741998051,59458,13,0,0,0,0,0,17,1,136638,17,0,0,0,58679,51973528800,440582708434
2022-09-15,Z3059YFD,0,228404728,14,0,742922624,59482,13,0,0,0,0,0,17,1,136638,17,0,0,0,58703,52000624800,440752516249
2022-09-16,Z3059YFD,0,54514696,14,0,743852781,59505,13,0,0,0,0,0,18,1,136638,18,0,0,0,58727,52026742560,440909312336
2022-09-17,Z3059YFD,0,165750720,14,0,746065085,59529,13,0,0,0,0,0,17,1,136638,17,0,0,0,58751,52046811176,441147933333
2022-09-18,Z3059YFD,0,81567488,14,0,746954959,59553,13,0,0,0,0,0,18,1,136638,18,0,0,0,58775,52073928376,441317413110
2022-09-19,Z3059YFD,0,78063568,14,0,748691205,59577,13,0,0,0,0,0,18,1,136638,18,0,0,0,58798,52100497512,441491707431
2022-09-20,Z3059YFD,0,76106240,14,0,749980889,59601,13,0,0,0,0,0,18,1,136638,18,0,0,0,58822,52124155776,441659320263
2022-09-21,Z3059YFD,0,61341776,14,0,751669198,59625,13,0,0,0,0,0,17,1,136638,17,0,0,0,58846,52152829056,441849772368
2022-09-22,Z3059YFD,0,51709456,14,0,752694197,59649,13,0,0,0,0,0,18,1,136638,18,0,0,0,58870,52172520704,442046526914
2022-09-23,Z3059YFD,0,3572400,14,0,753681223,59672,13,0,0,0,0,0,17,1,136638,17,0,0,0,58894,52201510176,442231703510
2022-09-24,Z3059YFD,0,64743904,14,0,755908130,59696,13,0,0,0,0,0,17,1,136638,17,0,0,0,58918,52218449944,442444492864
2022-09-25,Z3059YFD,0,15121224,14,0,756781325,59720,13,0,0,0,0,0,17,1,136638,17,0,0,0,58942,52228998128,442612437290
2022-09-26,Z3059YFD,0,66119632,14,0,758465032,59744,13,0,0,0,0,0,17,1,136638,17,0,0,0,58965,52248606824,442743775778
2022-09-27,Z3059YFD,0,201265600,14,0,759801360,59768,13,0,0,0,0,0,17,1,136638,17,0,0,0,58989,52259384496,443005438814
2022-09-28,Z3059YFD,0,222526272,14,0,761656751,59792,13,0,0,0,0,0,17,1,136638,17,0,0,0,59013,52271469800,443364836640
2022-09-29,Z3059YFD,0,46325008,14,0,764086241,59816,13,0,0,0,0,0,17,1,136638,17,0,0,0,59037,52280328872,443679510828
2022-09-30,Z3059YFD,0,168783768,14,0,765492983,59840,13,0,0,0,0,0,18,1,136638,18,0,0,0,59061,52292045624,443998846857
2022-10-01,Z3059YFD,0,5674016,14,0,769170363,59864,13,0,0,0,0,0,17,1,136638,17,0,0,0,59085,52306421640,444346981128
2022-10-02,Z3059YFD,0,94930752,14,0,770112193,59888,13,0,0,0,0,0,17,1,136638,17,0,0,0,59109,52319941504,444634756735
2022-10-03,Z3059YFD,0,189879624,14,0,771785636,59912,13,0,0,0,0,0,17,1,136638,17,0,0,0,59133,52330579312,444849201040
2022-10-04,Z3059YFD,0,171444744,14,0,772941596,59936,13,0,0,0,0,0,17,1,136638,17,0,0,0,59158,52344120848,445049420954
2022-10-05,Z3059YFD,0,144652216,14,0,773989905,59960,13,0,0,0,0,0,17,1,136638,17,0,0,0,59181,52359707048,445286890203
2022-10-06,Z3059YFD,0,181501424,14,0,774907708,59984,13,1,0,0,0,0,17,1,136638,17,0,0,0,59205,52373475336,445559943111
2022-10-07,Z3059YFD,0,123206104,14,0,775557594,60008,13,1,0,0,0,0,17,1,136638,17,0,0,0,59229,52381324752,445729347166
2022-10-08,Z3059YFD,0,70954968,14,0,777669103,60032,13,1,0,0,0,0,17,1,136638,17,0,0,0,59253,52391859312,446005944570
2022-10-09,Z3059YFD,0,230065088,14,0,778834202,60056,13,1,0,0,0,0,22,1,136638,22,0,0,0,59277,52404987472,446230569540
2022-10-10,Z3059YFD,0,218233960,14,0,780065639,60079,13,1,0,0,0,0,17,1,136638,17,0,0,0,59301,52423303952,446376000968
2022-10-11,Z3059YFD,0,159916920,14,0,781376837,60103,13,1,0,0,0,0,17,1,136638,17,0,0,0,59325,52434167368,446530190509
2022-10-12,Z3059YFD,0,203033896,14,0,782100341,60127,13,1,0,0,0,0,17,1,136638,17,0,0,0,59348,52445023608,446684120096
2022-10-13,Z3059YFD,0,129535784,14,0,782957437,60151,13,1,0,0,0,0,17,1,136638,17,0,0,0,59372,52457720104,446908396196
2022-10-14,Z3059YFD,0,225765856,14,0,783787024,60175,13,1,0,0,0,0,17,1,136638,17,0,0,0,59396,52468935016,447135032140
2022-10-15,Z3059YFD,0,240578912,14,0,785914694,60199,13,1,0,0,0,0,18,1,136638,18,0,0,0,59420,52481687024,447408392429
2022-10-16,Z3059YFD,0,26165720,14,0,786636374,60222,13,1,0,0,0,0,17,1,136638,17,0,0,0,59444,52492015888,447564463225
2022-10-17,Z3059YFD,0,57360680,14,0,787723929,60246,13,1,0,0,0,0,17,1,136638,17,0,0,0,59468,52500620568,447706887473
2022-10-18,Z3059YFD,0,222399352,14,0,789649980,60270,13,1,0,0,0,0,18,1,136638,18,0,0,0,59492,52509361704,447882345401
2022-10-19,Z3059YFD,0,226988944,14,0,790414391,60294,13,1,0,0,0,0,17,1,136638,17,0,0,0,59515,52518627032,448059196447
2022-10-20,Z3059YFD,0,193772736,14,0,791192187,60318,13,1,0,0,0,0,18,1,136638,18,0,0,0,59539,52528586056,448249526345
2022-10-21,Z3059YFD,0,191440120,14,0,792053948,60342,13,1,0,0,0,0,17,1,136638,17,0,0,0,59563,52538488768,448446537832
2022-10-22,Z3059YFD,0,83311048,14,0,794331076,60366,13,1,0,0,0,0,17,1,136638,17,0,0,0,59587,52550921872,448688203720
2022-10-23,Z3059YFD,0,165447408,14,0,795462844,60389,13,1,0,0,0,0,17,1,136638,17,0,0,0,59611,52563051376,448815968358
2022-10-24,Z3059YFD,0,49239880,14,0,796416553,60413,13,1,0,0,0,0,17,1,136638,17,0,0,0,59635,52572414104,448919287545
2022-10-25,Z3059YFD,0,209848632,14,0,797972747,60437,13,1,0,0,0,0,17,1,136638,17,0,0,0,59659,52588899760,449045265999
2022-10-26,Z3059YFD,0,116356696,14,0,798696681,60461,13,1,0,0,0,0,17,1,136638,17,0,0,0,59683,52606452312,449168983944
2022-10-27,Z3059YFD,0,67287960,14,0,799504795,60485,13,1,0,0,0,0,17,1,136638,17,0,0,0,59706,52621164744,449319821610
2022-10-28,Z3059YFD,0,243273600,14,0,800367930,60509,13,1,0,0,0,0,17,1,136638,17,0,0,0,59730,52633686440,449490249553
2022-10-29,Z3059YFD,0,38797440,14,0,802373774,60533,13,1,0,0,0,0,17,1,136638,17,0,0,0,59754,52655999088,449692617238
2022-10-30,Z3059YFD,0,60394248,14,0,803293104,60557,13,1,0,0,0,0,17,1,136638,17,0,0,0,59778,52667330712,449861386129
2022-10-31,Z3059YFD,0,202055184,14,0,804334133,60581,13,1,0,0,0,0,18,1,136638,18,0,0,0,59802,52681078528,450017628650
2022-11-01,Z3059YFD,0,6099896,14,0,805620525,60605,13,1,0,0,0,0,17,1,136638,17,0,0,0,59826,52691452856,450119303035
2022-11-02,Z3059YFD,0,178878568,14,0,806378178,60629,13,1,0,0,0,0,17,1,136638,17,0,0,0,59850,52704291720,450294944279
2022-11-03,Z3059YFD,0,134025240,14,0,807398646,60664,13,1,0,0,0,0,17,1,136638,17,0,0,0,59885,52733719544,450466447509
2022-11-04,Z3059YFD,0,206613624,14,0,808235610,60688,13,1,0,0,0,0,17,1,136638,17,0,0,0,59909,52744101080,450641808357
2022-11-05,Z3059YFD,0,134810928,14,0,810319008,60711,13,1,0,0,0,0,17,1,136638,17,0,0,0,59933,52755890632,450879783308
2022-11-06,Z3059YFD,0,27694216,14,0,811157107,60735,13,1,0,0,0,0,17,1,136638,17,0,0,0,59956,52771814664,451081792730
2022-11-07,Z3059YFD,0,228735048,14,0,813739024,60759,13,1,0,0,0,0,18,1,136638,18,0,0,0,59980,52790974272,451216288004
2022-11-08,Z3059YFD,0,139761904,14,0,814930436,60783,13,1,0,0,0,0,17,1,136638,17,0,0,0,60004,52804569288,451401577571
2022-11-09,Z3059YFD,0,178219576,14,0,815431572,60794,13,1,0,0,0,0,17,1,136638,17,0,0,0,60016,52812154264,451506869022
2022-11-10,Z3059YFD,0,141075144,14,0,816237836,60818,13,1,0,0,0,0,17,1,136638,17,0,0,0,60039,52823028192,451666811937
2022-11-11,Z3059YFD,0,74286848,14,0,816998482,60842,13,1,0,0,0,0,17,1,136638,17,0,0,0,60063,52837142416,451829356906
2022-11-12,Z3059YFD,0,70488112,14,0,818537972,60866,13,1,0,0,0,0,18,1,136638,18,0,0,0,60087,52850028976,452007421224
2022-11-13,Z3059YFD,0,89991392,14,0,819914752,60889,13,1,0,0,0,0,18,1,136638,18,0,0,0,60111,52863293072,452208907901
2022-11-14,Z3059YFD,0,182896624,14,0,821324795,60913,13,1,0,0,0,0,17,1,136638,17,0,0,0,60134,52876178320,452534036758
2022-11-15,Z3059YFD,0,99360376,14,0,823965475,60937,13,1,0,0,0,0,17,1,136638,17,0,0,0,60158,52890316008,452739976426
2022-11-16,Z3059YFD,0,223407768,14,0,826565314,60961,13,1,0,0,0,0,17,1,136638,17,0,0,0,60182,52906124960,453052098569
2022-11-17,Z3059YFD,0,197281608,14,0,828092818,60984,13,1,0,0,0,0,18,1,136638,18,0,0,0,60206,52918844752,453167278766
2022-11-18,Z3059YFD,0,3449224,14,0,830405177,61008,13,1,0,0,0,0,17,1,136638,17,0,0,0,60229,52934112328,453252807377
2022-11-19,Z3059YFD,0,14907816,14,0,832888415,61032,13,1,0,0,0,0,18,1,136638,18,0,0,0,60253,52946489504,453339402913
2022-11-20,Z3059YFD,0,156874880,14,0,834201453,61056,13,1,0,0,0,0,17,1,136638,17,0,0,0,60277,52957273680,453592956864
2022-11-21,Z3059YFD,0,51191472,14,0,835645033,61080,13,1,0,0,0,0,17,1,136638,17,0,0,0,60301,52968369632,453879100727
2022-11-22,Z3059YFD,0,122031568,14,0,837531748,61103,13,1,0,0,0,0,17,1,136638,17,0,0,0,60325,52978930272,454066425432
2022-11-23,Z3059YFD,0,162267696,14,0,839105444,61139,13,1,0,0,0,0,18,1,136638,18,0,0,0,60360,53000137168,454471330427
2022-11-24,Z3059YFD,0,104204480,14,0,839983113,61163,13,1,0,0,0,0,17,1,136638,17,0,0,0,60384,53009510096,454684851008
2022-11-25,Z3059YFD,0,36707656,14,0,840989074,61187,13,1,0,0,0,0,18,1,136638,18,0,0,0,60408,53019770136,454926181088
2022-11-26,Z3059YFD,0,72081360,14,0,843076826,61211,13,1,0,0,0,0,18,1,136638,18,0,0,0,60432,53027154384,455207817635
2022-11-27,Z3059YFD,0,60491288,14,0,843815718,61234,13,1,0,0,0,0,18,1,136638,18,0,0,0,60456,53036113232,455431667923
2022-11-28,Z3059YFD,0,212294264,14,0,845057418,61258,13,1,0,0,0,0,18,1,136638,18,0,0,0,60480,53051638264,455584499208
2022-11-29,Z3059YFD,0,59001360,14,0,846408455,61282,13,1,0,0,0,0,17,1,136638,17,0,0,0,60503,53062158408,455749413383
2022-11-30,Z3059YFD,0,85083008,14,0,847079551,61306,13,1,0,0,0,0,18,1,136638,18,0,0,0,60527,53072764552,455892134613
2022-12-01,Z3059YFD,0,175607432,14,0,847772099,61330,13,1,0,0,0,0,17,1,136638,17,0,0,0,60551,53085950296,456065304631
2022-12-02,Z3059YFD,0,159118976,14,0,848582193,61354,13,1,0,0,0,0,18,1,136638,18,0,0,0,60575,53099010008,456259350219
2022-12-03,Z3059YFD,0,196881920,14,0,850888454,61377,13,1,0,0,0,0,18,1,136638,18,0,0,0,60599,53120398168,456534367989
2022-12-04,Z3059YFD,0,204715920,14,0,851707740,61401,13,1,0,0,0,0,18,1,136638,18,0,0,0,60623,53140162464,456755974820
2022-12-05,Z3059YFD,0,117148440,14,0,853402560,61425,13,1,0,0,0,0,17,1,136638,17,0,0,0,60646,53153055304,456938820316
2022-12-06,Z3059YFD,0,158557336,14,0,855087733,61449,13,1,0,0,0,0,17,1,136638,17,0,0,0,60670,53168128904,457050424932
2022-12-07,Z3059YFD,0,118368152,14,0,855912039,61473,13,1,0,0,0,0,18,1,136638,18,0,0,0,60694,53184449192,457224370457
2022-12-08,Z3059YFD,0,91523552,14,0,856751589,61497,13,1,0,0,0,0,18,1,136638,18,0,0,0,60718,53200134040,457416709859
2022-12-09,Z3059YFD,0,79047224,14,0,857601589,61521,13,1,0,0,0,0,18,1,136638,18,0,0,0,60742,53217444864,457612119364
2022-12-11,Z3059YFD,0,179322168,14,0,860821227,61568,13,1,0,0,0,0,18,1,136638,18,0,0,0,60790,53247324872,458090262190
2022-12-11,Z3059YFD,0,179322168,14,0,860821227,61568,13,1,0,0,0,0,18,1,136638,18,0,0,0,60790,53247324872,458090262190
2022-12-12,Z3059YFD,0,114053040,14,0,862070384,61592,13,1,0,0,0,0,18,1,136638,18,0,0,0,60814,53267767752,458240913498
2022-12-13,Z3059YFD,0,135602624,14,0,863437621,61616,13,1,0,0,0,0,17,1,136638,17,0,0,0,60838,53296354936,458316885892
2022-12-14,Z3059YFD,0,16030392,14,0,864237306,61640,13,1,0,0,0,0,17,1,136638,17,0,0,0,60861,53318316816,458430936392
2022-12-15,Z3059YFD,0,60341136,14,0,865105359,61664,13,1,0,0,0,0,18,1,136638,18,0,0,0,60885,53334268296,458601084056
2022-12-16,Z3059YFD,0,32224544,14,0,865834000,61688,13,1,0,0,0,0,17,1,136638,17,0,0,0,60909,53349041544,458722314028
2022-12-17,Z3059YFD,0,182089944,14,0,867940748,61712,13,1,0,0,0,0,17,1,136638,17,0,0,0,60933,53362584680,458896902853
2022-12-18,Z3059YFD,0,186001576,14,0,869618528,61736,13,1,0,0,0,0,17,1,136638,17,0,0,0,60957,53380646728,459070167685
2022-12-19,Z3059YFD,0,61866360,14,0,870826130,61759,13,1,0,0,0,0,17,1,136638,17,0,0,0,60981,53395943296,459203496408
2022-12-20,Z3059YFD,0,242842096,14,0,872168384,61783,13,1,0,0,0,0,17,1,136638,17,0,0,0,61005,53421414160,459316515147
2022-12-21,Z3059YFD,0,91711352,14,0,872991244,61807,13,1,0,0,0,0,18,1,136638,18,0,0,0,61029,53441664296,459466034796
2022-12-22,Z3059YFD,0,148361304,14,0,873811872,61831,13,1,0,0,0,0,18,1,136638,18,0,0,0,61052,53465736624,459641285520
2022-12-23,Z3059YFD,0,111518376,14,0,874598988,61855,13,1,0,0,0,0,17,1,136638,17,0,0,0,61076,53480405184,459826686906
2022-12-24,Z3059YFD,0,124494744,14,0,876671846,61879,13,1,0,0,0,0,17,1,136638,17,0,0,0,61100,53494291824,460024548075
2022-12-25,Z3059YFD,0,30650920,14,0,877601761,61903,13,1,0,0,0,0,17,1,136638,17,0,0,0,61124,53508083232,460219165678
2022-12-26,Z3059YFD,0,155240600,14,0,878852486,61926,13,1,0,0,0,0,17,1,136638,17,0,0,0,61148,53524558680,460390686182
2022-12-27,Z3059YFD,0,206997800,14,0,880521222,61950,13,1,0,0,0,0,18,1,136638,18,0,0,0,61172,53550307480,460550765775
2022-12-28,Z3059YFD,0,44007384,14,0,881442416,61974,13,1,0,0,0,0,17,1,136638,17,0,0,0,61196,53562700720,460763232710
2022-12-29,Z3059YFD,0,160750288,14,0,882489391,61998,13,1,0,0,0,0,17,1,136638,17,0,0,0,61219,53580171704,460976042301
2022-12-30,Z3059YFD,0,43969688,14,0,883293593,62022,13,1,0,0,0,0,17,1,136638,17,0,0,0,61243,53593628160,461147397727
2022-12-31,Z3059YFD,0,154832200,14,0,885731175,62046,13,1,0,0,0,0,17,1,136638,17,0,0,0,61267,53613566840,461412498886
