2022-01-01,Z305KVJ1,0,154852632,8,0,693778076,51316,8,3,0,0,0,0,26,1,57157,26,0,0,0,50956,55867647568,410148600236
2022-01-02,Z305KVJ1,0,213615720,8,0,695557127,51339,8,3,0,0,0,0,26,1,57157,26,0,0,0,50980,55881627432,410431147642
2022-01-03,Z305KVJ1,0,165032104,8,0,696533889,51363,8,3,0,0,0,0,28,1,57157,28,0,0,0,51003,55907719792,410544873266
2022-01-04,Z305KVJ1,0,89453760,8,0,700856416,51386,8,3,0,0,0,0,27,1,57157,27,0,0,0,51027,55928738128,410768719162
2022-01-05,Z305KVJ1,0,208063064,8,0,701945670,51410,8,3,0,0,0,0,26,1,57157,26,0,0,0,51051,55939924888,410895605938
2022-01-06,Z305KVJ1,0,187482912,8,0,703315220,51434,8,3,0,0,0,0,26,1,57157,26,0,0,0,51074,55945818832,410991649019
2022-01-07,Z305KVJ1,0,78838856,8,0,704710992,51457,8,3,0,0,0,0,27,1,57157,27,0,0,0,51098,55953605296,411077878230
2022-01-08,Z305KVJ1,0,112629360,8,0,706203134,51481,8,3,0,0,0,0,28,1,57157,28,0,0,0,51121,55960887656,411257839887
2022-01-09,Z305KVJ1,0,16063784,8,0,707335999,51504,8,3,0,0,0,0,27,1,57157,27,0,0,0,51145,55970360792,411416082891
2022-01-10,Z305KVJ1,0,196446112,8,0,708357484,51528,8,3,0,0,0,0,28,1,57157,28,0,0,0,51168,55976227176,411604115426
2022-01-11,Z305KVJ1,0,170756896,8,0,710803177,51551,8,3,0,0,0,0,28,1,57157,28,0,0,0,51192,55981566576,411787828173
2022-01-12,Z305KVJ1,0,24846528,8,0,711874490,51575,8,3,0,0,0,0,27,1,57157,27,0,0,0,51215,55992934472,411923600629
2022-01-13,Z305KVJ1,0,105727768,8,0,713431375,51598,8,3,0,0,0,0,27,1,57157,27,0,0,0,51239,55999767424,412109102969
2022-01-14,Z305KVJ1,0,23914600,8,0,715177349,51622,8,3,0,0,0,0,27,1,57157,27,0,0,0,51262,56009711768,412215049034
2022-01-15,Z305KVJ1,0,170563000,8,0,716383937,51645,8,3,0,0,0,0,26,1,57157,26,0,0,0,51286,56018930904,412386067491
2022-01-16,Z305KVJ1,0,76928648,8,0,717676503,51669,8,3,0,0,0,0,26,1,57157,26,0,0,0,51309,56029806888,416856978743
2022-01-17,Z305KVJ1,0,199111008,8,0,718971372,51692,8,3,0,0,0,0,25,1,57157,25,0,0,0,51333,56053948592,421329956580
2022-01-18,Z305KVJ1,0,5624952,8,0,721607072,51716,8,3,0,0,0,0,26,1,57157,26,0,0,0,51356,56071538600,421543102690
2022-01-19,Z305KVJ1,0,191125608,8,0,724102275,51751,8,3,0,0,0,0,27,1,57157,27,0,0,0,51391,56101366072,421899675086
2022-01-20,Z305KVJ1,0,218501368,8,0,725023895,51763,8,3,0,0,0,0,26,1,57157,26,0,0,0,51403,56113781920,422098565184
2022-01-21,Z305KVJ1,0,162632512,8,0,726765137,51786,8,3,0,0,0,0,26,1,57157,26,0,0,0,51427,56127974328,422302439643
2022-01-22,Z305KVJ1,0,185984888,8,0,728231973,51810,8,3,0,0,0,0,25,1,57157,25,0,0,0,51450,56141462976,422560685245
2022-01-23,Z305KVJ1,0,6101912,8,0,731124966,51833,8,3,0,0,0,0,26,1,57157,26,0,0,0,51474,56157640272,422824432234
2022-01-24,Z305KVJ1,0,132341640,8,0,732642168,51857,8,3,0,0,0,0,26,1,57157,26,0,0,0,51498,56170186176,423085331402
2022-01-25,Z305KVJ1,0,188215432,8,0,734501687,51881,8,3,0,0,0,0,26,1,57157,26,0,0,0,51521,56181987584,423264543232
2022-01-26,Z305KVJ1,0,237290592,8,0,737384333,51916,8,3,0,0,0,0,26,1,57157,26,0,0,0,51557,56200981112,423732331364
2022-01-27,Z305KVJ1,0,206332480,8,0,738463151,51940,8,3,0,0,0,0,25,1,57157,25,0,0,0,51580,56210859584,423839351215
2022-01-28,Z305KVJ1,0,185928888,8,0,740178507,51963,8,3,0,0,0,0,25,1,57157,25,0,0,0,51604,56222356680,424000438966
2022-01-29,Z305KVJ1,0,58044264,8,0,741320703,51987,8,3,0,0,0,0,25,1,57157,25,0,0,0,51627,56236737920,424250213808
2022-01-30,Z305KVJ1,0,152318480,8,0,742590746,52010,8,3,0,0,0,0,26,1,57157,26,0,0,0,51651,56251376712,424501088025
2022-01-31,Z305KVJ1,0,49506272,8,0,744016871,52034,8,3,0,0,0,0,25,1,57157,25,0,0,0,51674,56269850352,424781943487
2022-02-01,Z305KVJ1,0,95757576,8,0,746544709,52057,8,3,0,0,0,0,23,1,57157,23,0,0,0,51698,56285804632,425052438220
2022-02-02,Z305KVJ1,0,233801664,8,0,748111884,52081,8,3,0,0,0,0,24,1,57157,24,0,0,0,51721,56304282952,425290264500
2022-02-03,Z305KVJ1,0,133579088,8,0,749721311,52104,8,3,0,0,0,0,23,1,57157,23,0,0,0,51745,56313706128,425505298926
2022-02-04,Z305KVJ1,0,193339176,8,0,751528921,52128,8,3,0,0,0,0,24,1,57157,24,0,0,0,51768,56325645800,425658110325
2022-02-05,Z305KVJ1,0,107049848,8,0,753088509,52151,8,3,0,0,0,0,25,1,57157,25,0,0,0,51792,56342628520,425912002227
2022-02-06,Z305KVJ1,0,208110496,8,0,754979835,52175,8,3,0,0,0,0,25,1,57157,25,0,0,0,51815,56357951208,430463441127
2022-02-07,Z305KVJ1,0,90972320,8,0,756742260,52198,8,3,0,0,0,0,24,1,57157,24,0,0,0,51839,56371119976,430709370389
2022-02-08,Z305KVJ1,0,201063704,8,0,759577918,52222,8,3,0,0,0,0,25,1,57157,25,0,0,0,51862,56385119928,430986444118
2022-02-09,Z305KVJ1,0,242561312,8,0,761115984,52257,8,3,0,0,0,0,25,1,57157,25,0,0,0,51897,56410148488,431434464114
2022-02-10,Z305KVJ1,0,163946384,8,0,763246114,52280,8,3,0,0,0,0,25,1,57157,25,0,0,0,51921,56426359328,435877616248
2022-02-11,Z305KVJ1,0,16646192,8,0,764694236,52304,8,3,0,0,0,0,24,1,57157,24,0,0,0,51944,56441424208,436166587700
2022-02-12,Z305KVJ1,0,1674776,8,0,766227363,52327,8,3,0,0,0,0,25,1,57157,25,0,0,0,51968,56453697112,436442300242
2022-02-13,Z305KVJ1,0,69247520,8,0,768649218,52351,8,3,0,0,0,0,24,1,57157,24,0,0,0,51991,56466387264,436696227919
2022-02-14,Z305KVJ1,0,69633016,8,0,770610863,52374,8,3,0,0,0,0,24,1,57157,24,0,0,0,52015,56479524928,441187207009
2022-02-15,Z305KVJ1,0,157789608,8,0,773700891,52398,8,3,0,0,0,0,23,1,57157,23,0,0,0,52038,56490344288,441455944656
2022-02-16,Z305KVJ1,0,194708504,8,0,774766411,52421,8,3,0,0,0,0,23,1,57157,23,0,0,0,52062,56505295248,441606286666
2022-02-17,Z305KVJ1,0,99112264,8,0,775385565,52433,8,3,0,0,0,0,25,1,57157,25,0,0,0,52074,56513610792,441682598733
2022-02-18,Z305KVJ1,0,108949168,8,0,776900943,52457,8,3,0,0,0,0,25,1,57157,25,0,0,0,52097,56519554336,441835064190
2022-02-19,Z305KVJ1,0,210200120,8,0,777533795,52480,8,3,0,0,0,0,24,1,57157,24,0,0,0,52121,56523553472,441920487406
2022-02-20,Z305KVJ1,0,228123040,8,0,778762750,52504,8,3,0,0,0,0,24,1,57157,24,0,0,0,52144,56527593272,442072463885
2022-02-21,Z305KVJ1,0,204782152,8,0,780452448,52539,8,3,0,0,0,0,24,1,57157,24,0,0,0,52179,56530275648,442291825567
2022-02-22,Z305KVJ1,0,70867328,8,0,783102682,52562,8,3,0,0,0,0,24,1,57157,24,0,0,0,52203,56532065808,442488986684
2022-02-23,Z305KVJ1,0,222605952,8,0,784091355,52586,8,3,0,0,0,0,26,1,57157,26,0,0,0,52226,56534101616,442673504504
2022-02-24,Z305KVJ1,0,145972936,8,0,785669249,52610,8,3,0,0,0,0,25,1,57157,25,0,0,0,52250,56552703136,442812978891
2022-02-25,Z305KVJ1,0,14795784,8,0,787310381,52633,8,3,0,0,0,0,24,1,57157,24,0,0,0,52274,56556814720,442940040148
2022-02-26,Z305KVJ1,0,11397200,8,0,788415953,52657,8,3,0,0,0,0,24,1,57157,24,0,0,0,52297,56560827152,443088267920
2022-02-27,Z305KVJ1,0,195557032,8,0,789518682,52680,8,3,0,0,0,0,24,1,57157,24,0,0,0,52321,56563929720,443252149175
2022-02-28,Z305KVJ1,0,49388376,8,0,790656658,52704,8,3,0,0,0,0,24,1,57157,24,0,0,0,52344,56567819864,443412642346
2022-03-01,Z305KVJ1,0,211574176,8,0,793311791,52727,8,3,0,0,0,0,24,1,57157,24,0,0,0,52368,56584697984,443613449840
2022-03-02,Z305KVJ1,0,69386744,8,0,794487653,52751,8,3,0,0,0,0,24,1,57157,24,0,0,0,52391,56590692064,443794731676
2022-03-03,Z305KVJ1,0,40893168,8,0,796212149,52774,8,3,0,0,0,0,24,1,57157,24,0,0,0,52415,56595710736,444004206606
2022-03-04,Z305KVJ1,0,158419408,8,0,797636193,52798,8,3,0,0,0,0,24,1,57157,24,0,0,0,52438,56600430768,444255808961
2022-03-05,Z305KVJ1,0,198447824,8,0,799357387,52821,8,3,0,0,0,0,24,1,57157,24,0,0,0,52462,56621777648,444611518680
2022-03-06,Z305KVJ1,0,136411456,8,0,802200558,52845,8,3,0,0,0,0,24,1,57157,24,0,0,0,52485,56630172376,444863811245
2022-03-07,Z305KVJ1,0,185789136,8,0,804384909,52880,8,3,0,0,0,0,25,1,57157,25,0,0,0,52520,56642771272,445272948009
2022-03-08,Z305KVJ1,0,19601368,8,0,806823551,52903,8,3,0,0,0,0,25,1,57157,25,0,0,0,52544,56651816152,445464749733
2022-03-09,Z305KVJ1,0,136279240,8,0,808294102,52927,8,3,0,0,0,0,25,1,57157,25,0,0,0,52567,56658469472,445779428733
2022-03-10,Z305KVJ1,0,51722624,8,0,810257591,52950,8,3,0,0,0,0,24,1,57157,24,0,0,0,52591,56666094392,445906216412
2022-03-11,Z305KVJ1,0,141173984,8,0,811450660,52974,8,3,0,0,0,0,25,1,57157,25,0,0,0,52614,56674790672,446148633906
2022-03-12,Z305KVJ1,0,174380400,8,0,812566339,52997,8,3,0,0,0,0,24,1,57157,24,0,0,0,52638,56684597136,446377628355
2022-03-13,Z305KVJ1,0,227168712,8,0,813898463,53021,8,3,0,0,0,0,24,1,57157,24,0,0,0,52661,56692319672,446652162784
2022-03-14,Z305KVJ1,0,183924208,8,0,815392560,53044,8,3,0,0,0,0,25,1,57157,25,0,0,0,52685,56700952144,446945436991
2022-03-15,Z305KVJ1,0,124055080,8,0,818298563,53068,8,3,0,0,0,0,25,1,57157,25,0,0,0,52708,56710888256,447242118722
2022-03-16,Z305KVJ1,0,92171256,8,0,819604309,53091,8,3,0,0,0,0,26,1,57157,26,0,0,0,52732,56722212904,451762803079
2022-03-17,Z305KVJ1,0,40039440,8,0,821449153,53115,8,3,0,0,0,0,25,1,57157,25,0,0,0,52756,56734091456,451993524969
2022-03-18,Z305KVJ1,0,232882352,8,0,823091205,53139,8,3,0,0,0,0,24,1,57157,24,0,0,0,52779,56747034864,452213729613
2022-03-19,Z305KVJ1,0,142239496,8,0,824799316,53162,8,3,0,0,0,0,26,1,57157,26,0,0,0,52803,56757165712,452467586951
2022-03-20,Z305KVJ1,0,236056696,8,0,826116817,53186,8,3,0,0,0,0,26,1,57157,26,0,0,0,52826,56768401568,452701774808
2022-03-21,Z305KVJ1,0,209201984,8,0,827197072,53210,8,3,0,0,0,0,26,1,57157,26,0,0,0,52850,56776798304,452983358159
2022-03-22,Z305KVJ1,0,185789592,8,0,829633536,53233,8,3,0,0,0,0,25,1,57157,25,0,0,0,52874,56790329544,453282039963
2022-03-23,Z305KVJ1,0,95676088,8,0,831318492,53257,8,3,0,0,0,0,26,1,57157,26,0,0,0,52897,56798628560,453582170988
2022-03-24,Z305KVJ1,0,168371992,8,0,833996671,53280,8,3,0,0,0,0,26,1,57157,26,0,0,0,52921,56808767312,453838740443
2022-03-25,Z305KVJ1,0,119901760,8,0,835809415,53304,8,3,0,0,0,0,26,1,57157,26,0,0,0,52944,56818195104,453994414358
2022-03-26,Z305KVJ1,0,194838192,8,0,837487683,53327,8,3,0,0,0,0,25,1,57157,25,0,0,0,52968,56829459976,454254444592
2022-03-27,Z305KVJ1,0,178179032,8,0,838276206,53351,8,3,0,0,0,0,27,1,57157,27,0,0,0,52991,56845532456,454364737143
2022-03-28,Z305KVJ1,0,80309616,8,0,840140029,53375,8,3,0,0,0,0,25,1,57157,25,0,0,0,53015,56859855504,454652870227
2022-03-29,Z305KVJ1,0,146222296,8,0,842693277,53399,8,3,0,0,0,0,24,1,57157,24,0,0,0,53039,56869740280,454810327292
2022-03-30,Z305KVJ1,0,216387080,8,0,843819484,53422,8,3,0,0,0,0,25,1,57157,25,0,0,0,53063,56880148872,454955752634
2022-03-31,Z305KVJ1,0,78820368,8,0,845080313,53446,8,3,0,0,0,0,24,1,57157,24,0,0,0,53086,56891100192,455083364585
2022-04-01,Z305KVJ1,0,220345096,8,0,847114218,53470,8,3,0,0,0,0,26,1,57157,26,0,0,0,53110,56899556496,455206190472
2022-04-02,Z305KVJ1,0,217756760,8,0,847964444,53493,8,3,0,0,0,0,25,1,57157,25,0,0,0,53134,56907161816,455304303691
2022-04-03,Z305KVJ1,0,87924224,8,0,849672068,53517,8,3,0,0,0,0,24,1,57157,24,0,0,0,53157,56914079240,455497130519
2022-04-04,Z305KVJ1,0,232758552,8,0,850549855,53540,8,3,0,0,0,0,25,1,57157,25,0,0,0,53181,56920647480,455648869890
2022-04-05,Z305KVJ1,0,74407736,8,0,853226206,53564,8,3,0,0,0,0,26,1,57157,26,0,0,0,53204,56935088144,455879542438
2022-04-06,Z305KVJ1,0,136450632,8,0,854245598,53587,8,3,0,0,0,0,26,1,57157,26,0,0,0,53228,56942559448,456009721331
2022-04-07,Z305KVJ1,0,40110608,8,0,856851415,53622,8,3,0,0,0,0,25,1,57157,25,0,0,0,53263,56952742424,456205110446
2022-04-08,Z305KVJ1,0,42267352,8,0,857957885,53646,8,3,0,0,0,0,26,1,57157,26,0,0,0,53286,56959982512,456347123924
2022-04-09,Z305KVJ1,0,204268392,8,0,860781286,53669,8,3,0,0,0,0,26,1,57157,26,0,0,0,53310,56966770080,456535488100
2022-04-10,Z305KVJ1,0,147140432,8,0,861833297,53693,8,3,0,0,0,0,27,1,57157,27,0,0,0,53333,56975340624,456678948973
2022-04-11,Z305KVJ1,0,85569096,8,0,863097344,53716,8,3,0,0,0,0,28,1,57157,28,0,0,0,53357,56982066824,456897274462
2022-04-12,Z305KVJ1,0,86112944,8,0,865991290,53740,8,3,0,0,0,0,27,1,57157,27,0,0,0,53380,56989352728,457128195457
2022-04-13,Z305KVJ1,0,117960760,8,0,867288834,53763,8,3,0,0,0,0,29,1,57157,29,0,0,0,53404,56998087144,457393185682
2022-04-14,Z305KVJ1,0,229965400,8,0,869442285,53787,8,3,0,0,0,0,29,1,57157,29,0,0,0,53427,57004248456,457653615350
2022-04-15,Z305KVJ1,0,204653296,8,0,871134763,53810,8,3,0,0,0,0,29,1,57157,29,0,0,0,53451,57016461280,457883815068
2022-04-16,Z305KVJ1,0,25244472,8,0,872422558,53834,8,3,0,0,0,0,29,1,57157,29,0,0,0,53474,57023805944,458134240204
2022-04-17,Z305KVJ1,0,38281464,8,0,873808195,53857,8,3,0,0,0,0,28,1,57157,28,0,0,0,53498,57034470864,458375859409
2022-04-18,Z305KVJ1,0,238241496,8,0,874795087,53881,8,3,0,0,0,0,29,1,57157,29,0,0,0,53521,57041546144,458551493268
2022-04-19,Z305KVJ1,0,51668152,8,0,875983356,53893,8,3,0,0,0,0,26,1,57157,26,0,0,0,53533,57045999416,458744038678
2022-04-20,Z305KVJ1,0,238938424,8,0,878888545,53928,8,3,0,0,0,0,28,1,57157,28,0,0,0,53568,57057819528,459117502887
2022-04-21,Z305KVJ1,0,81892720,8,0,880181283,53951,8,3,0,0,0,0,27,1,57157,27,0,0,0,53592,57075012752,459303716141
2022-04-22,Z305KVJ1,0,120639440,8,0,882009811,53975,8,3,0,0,0,0,28,1,57157,28,0,0,0,53615,57084449064,459469309093
2022-04-23,Z305KVJ1,0,139298792,8,0,883224135,53998,8,3,0,0,0,0,27,1,57157,27,0,0,0,53639,57092097144,459728058299
2022-04-24,Z305KVJ1,0,161162856,8,0,884678000,54022,8,3,0,0,0,0,29,1,57157,29,0,0,0,53662,57099602984,460016813817
2022-04-25,Z305KVJ1,0,141911944,9,0,886946261,54045,9,3,0,0,0,0,27,1,57158,27,0,0,0,53686,57106347824,460289382592
2022-04-26,Z305KVJ1,0,151541528,10,0,889257726,54069,10,3,0,0,0,0,25,1,57159,25,0,0,0,53710,57115017168,460541541404
2022-04-27,Z305KVJ1,0,202445472,10,0,891573846,54093,10,3,0,0,0,0,26,1,57159,26,0,0,0,53733,57123555448,460802075250
2022-04-28,Z305KVJ1,0,55455744,10,0,893047584,54116,10,3,0,0,0,0,27,1,57159,27,0,0,0,53757,57131966664,461001720104
2022-04-29,Z305KVJ1,0,154708992,10,0,895113672,54140,10,3,0,0,0,0,27,1,57159,27,0,0,0,53780,57138234920,461146690478
2022-04-30,Z305KVJ1,0,164508368,10,0,896173096,54163,10,3,0,0,0,0,27,1,57159,27,0,0,0,53804,57144098696,461372526256
2022-05-01,Z305KVJ1,0,239082080,10,0,897057111,54187,10,3,0,0,0,0,26,1,57159,26,0,0,0,53827,57150906080,461571383875
2022-05-02,Z305KVJ1,0,173331536,10,0,898443931,54222,10,3,0,0,0,0,27,1,57159,27,0,0,0,53863,57163058784,462028354756
2022-05-03,Z305KVJ1,0,119820616,10,0,901515414,54246,10,3,0,0,0,0,27,1,57159,27,0,0,0,53886,57172407912,462370889841
2022-05-04,Z305KVJ1,0,241116712,10,0,902756081,54269,10,3,0,0,0,0,28,1,57159,28,0,0,0,53909,57180515256,462599852471
2022-05-05,Z305KVJ1,0,76857976,10,0,904770988,54293,10,3,0,0,0,0,26,1,57159,26,0,0,0,53933,57189073312,462747039254
2022-05-06,Z305KVJ1,0,120601832,10,0,906298894,54316,10,3,0,0,0,0,27,1,57159,27,0,0,0,53957,57196202496,462943042053
2022-05-07,Z305KVJ1,0,165427888,10,0,908415411,54340,10,3,0,0,0,0,28,1,57159,28,0,0,0,53980,57206522432,463104263518
2022-05-08,Z305KVJ1,0,84770720,10,0,909972310,54363,10,3,0,0,0,0,28,1,57159,28,0,0,0,54004,57215788712,463349986345
2022-05-09,Z305KVJ1,0,86594728,10,0,911165162,54387,10,3,0,0,0,0,27,1,57159,27,0,0,0,54027,57224807512,463508458586
2022-05-10,Z305KVJ1,0,130341408,10,0,913532915,54410,10,3,0,0,0,0,26,1,57159,26,0,0,0,54051,57236377656,463640778461
2022-05-11,Z305KVJ1,0,114042272,10,0,914861654,54434,10,3,0,0,0,0,25,1,57159,25,0,0,0,54074,57246189368,463796074663
2022-05-12,Z305KVJ1,0,147737144,10,0,916381341,54457,10,3,0,0,0,0,25,1,57159,25,0,0,0,54098,57254302088,463888098906
2022-05-13,Z305KVJ1,0,111064240,10,0,917999915,54481,10,3,0,0,0,0,26,1,57159,26,0,0,0,54121,57263846576,464018408482
2022-05-14,Z305KVJ1,0,221602584,10,0,919565540,54504,10,3,0,0,0,0,27,1,57159,27,0,0,0,54145,57277756576,464204749506
2022-05-15,Z305KVJ1,0,179885272,11,0,920434154,54528,11,3,0,0,0,0,22,1,57160,22,0,0,0,54169,57287291040,464361524618
2022-05-16,Z305KVJ1,0,200144600,11,0,921542538,54552,11,3,0,0,0,0,23,1,57160,23,0,0,0,54193,57301119088,464541735392
2022-05-17,Z305KVJ1,0,23162904,11,0,924114056,54576,11,3,0,0,0,0,27,1,57160,27,0,0,0,54216,57310601848,464697862304
2022-05-18,Z305KVJ1,0,117182280,11,0,926044130,54600,11,3,0,0,0,0,24,1,57160,24,0,0,0,54240,57325987480,464871630562
2022-05-19,Z305KVJ1,0,213039688,11,0,927301539,54623,11,3,0,0,0,0,22,1,57160,22,0,0,0,54264,57333286656,464995813969
2022-05-20,Z305KVJ1,0,43012176,11,0,929175907,54647,11,3,0,0,0,0,23,1,57160,23,0,0,0,54288,57342770024,465109302925
2022-05-21,Z305KVJ1,0,83046376,11,0,930062641,54671,11,3,0,0,0,0,27,1,57160,27,0,0,0,54311,57350822712,465222793263
2022-05-22,Z305KVJ1,0,745656,11,0,931330837,54694,11,3,0,0,0,0,27,1,57160,27,0,0,0,54335,57359513288,465422480904
2022-05-23,Z305KVJ1,0,35538968,11,0,932804807,54718,11,3,0,0,0,0,26,1,57160,26,0,0,0,54358,57380156296,465634088070
2022-05-24,Z305KVJ1,0,230684808,11,0,935709856,54741,11,3,0,0,0,0,26,1,57160,26,0,0,0,54382,57395342616,465928587411
2022-05-25,Z305KVJ1,0,32170328,12,0,937230435,54765,12,3,0,0,0,0,24,1,57161,24,0,0,0,54405,57405727712,466239464788
2022-05-26,Z305KVJ1,0,159398928,12,0,938893407,54788,12,3,0,0,0,0,22,1,57161,22,0,0,0,54429,57415414320,466473537275
2022-05-27,Z305KVJ1,0,79232368,12,0,942266490,54824,12,3,0,0,0,0,27,1,57161,27,0,0,0,54464,57430814360,466767130149
2022-05-28,Z305KVJ1,0,229253120,12,0,943458719,54847,12,3,0,0,0,0,26,1,57161,26,0,0,0,54488,57436847496,466963494441
2022-05-29,Z305KVJ1,0,154216504,12,0,944665025,54871,12,3,0,0,0,0,27,1,57161,27,0,0,0,54511,57445912136,467209508832
2022-05-30,Z305KVJ1,0,148793728,12,0,945888370,54894,12,3,0,0,0,0,26,1,57161,26,0,0,0,54535,57461959016,467443968438
2022-05-31,Z305KVJ1,0,121672344,12,0,948527405,54918,12,3,0,0,0,0,25,1,57161,25,0,0,0,54558,57471650888,467703618406
2022-06-01,Z305KVJ1,0,57534488,12,0,949702649,54941,12,3,0,0,0,0,26,1,57161,26,0,0,0,54582,57484340728,467947179849
2022-06-02,Z305KVJ1,0,226791544,12,0,951124112,54965,12,3,0,0,0,0,25,1,57161,25,0,0,0,54606,57493114840,468175636858
2022-06-03,Z305KVJ1,0,228087232,12,0,952617203,54989,12,3,0,0,0,0,27,1,57161,27,0,0,0,54629,57504153016,468467890449
2022-06-04,Z305KVJ1,0,223401728,12,0,953965242,55012,12,3,0,0,0,0,26,1,57161,26,0,0,0,54653,57513556520,468731306125
2022-06-05,Z305KVJ1,0,137011672,12,0,955433802,55036,12,3,0,0,0,0,26,1,57161,26,0,0,0,54676,57526517952,468986899134
2022-06-07,Z305KVJ1,0,144749352,12,0,961212886,55083,12,3,0,0,0,0,25,1,57161,25,0,0,0,54723,57559021704,469522596220
2022-06-08,Z305KVJ1,0,319200,12,0,962286146,55106,12,3,0,0,0,0,22,1,57161,22,0,0,0,54747,57571386136,469751122469
2022-06-09,Z305KVJ1,0,102787552,12,0,963978784,55130,12,3,0,0,0,0,23,1,57161,23,0,0,0,54770,57584803360,469916089753
2022-06-10,Z305KVJ1,0,88178960,12,0,965481646,55153,12,3,0,0,0,0,23,1,57161,23,0,0,0,54794,57598109992,470120037402
2022-06-11,Z305KVJ1,0,233163432,12,0,966578574,55177,12,3,0,0,0,0,23,1,57161,23,0,0,0,54817,57613933440,470460747640
2022-06-12,Z305KVJ1,0,146198248,12,0,967426997,55200,12,3,0,0,0,0,23,1,57161,23,0,0,0,54841,57623845760,470709744013
2022-06-13,Z305KVJ1,0,168652272,12,0,969236203,55224,12,3,0,0,0,0,27,1,57161,27,0,0,0,54864,57636772336,471021396851
2022-06-14,Z305KVJ1,0,51675408,12,0,972155717,55248,12,3,0,0,0,0,26,1,57161,26,0,0,0,54888,57649078944,471272693291
2022-06-15,Z305KVJ1,0,31535928,12,0,973620937,55271,12,3,0,0,0,0,24,1,57161,24,0,0,0,54912,57658715864,471500045733
2022-06-16,Z305KVJ1,0,101601768,12,0,974709415,55295,12,3,0,0,0,0,22,1,57161,22,0,0,0,54935,57666471728,471604403868
2022-06-17,Z305KVJ1,0,54836720,12,0,976532995,55318,12,3,0,0,0,0,28,1,57161,28,0,0,0,54959,57678022640,471875576571
2022-06-18,Z305KVJ1,0,28402696,12,0,978078868,55342,12,3,0,0,0,0,26,1,57161,26,0,0,0,54982,57685275360,476308507375
2022-06-19,Z305KVJ1,0,2982672,12,0,979238466,55365,12,3,0,0,0,0,27,1,57161,27,0,0,0,55006,57694204816,476455902590
2022-06-20,Z305KVJ1,0,170423520,12,0,980323760,55389,12,3,0,0,0,0,27,1,57161,27,0,0,0,55029,57703981944,476586696489
2022-06-21,Z305KVJ1,0,43671168,12,0,982847956,55412,12,3,0,0,0,0,25,1,57161,25,0,0,0,55053,57713518560,476738328907
2022-06-22,Z305KVJ1,0,198330424,12,0,984118671,55436,12,3,0,0,0,0,23,1,57161,23,0,0,0,55077,57723447896,476881007359
2022-06-23,Z305KVJ1,0,58215872,12,0,985781245,55460,12,3,0,0,0,0,23,1,57161,23,0,0,0,55100,57733079976,477063521607
2022-06-24,Z305KVJ1,0,12532136,12,0,988108934,55483,12,3,0,0,0,0,24,1,57161,24,0,0,0,55124,57743224096,477172335144
2022-06-25,Z305KVJ1,0,115758432,12,0,989230847,55507,12,3,0,0,0,0,27,1,57161,27,0,0,0,55148,57752549920,477359535189
2022-06-26,Z305KVJ1,0,243742328,12,0,990227424,55531,12,3,0,0,0,0,24,1,57161,24,0,0,0,55171,57760885104,477497172251
2022-06-27,Z305KVJ1,0,41155520,12,0,991318906,55555,12,3,0,0,0,0,26,1,57161,26,0,0,0,55195,57773128640,477636699071
2022-06-28,Z305KVJ1,0,169449104,12,0,993652301,55578,12,3,0,0,0,0,25,1,57161,25,0,0,0,55219,57779292888,477817192585
2022-06-29,Z305KVJ1,0,223365912,12,0,995388780,55602,12,3,0,0,0,0,25,1,57161,25,0,0,0,55243,57787542224,477984170400
2022-06-30,Z305KVJ1,0,33659392,12,0,996419165,55626,12,3,0,0,0,0,27,1,57161,27,0,0,0,55266,57795379600,478145270729
2022-07-01,Z305KVJ1,0,71845008,12,0,998513618,55649,12,3,0,0,0,0,27,1,57161,27,0,0,0,55290,57805109736,478262628776
2022-07-02,Z305KVJ1,0,122133688,12,0,999927696,55673,12,3,0,0,0,0,26,1,57161,26,0,0,0,55314,57814486232,478475382735
2022-07-03,Z305KVJ1,0,224679496,12,0,1314594,55697,12,3,0,0,0,0,28,1,57161,28,0,0,0,55338,57835651872,478700607329
2022-07-04,Z305KVJ1,0,210180224,12,0,3860483,55733,12,3,0,0,0,0,25,1,57161,25,0,0,0,55373,57857292648,479185541138
2022-07-05,Z305KVJ1,0,50475080,12,0,6684080,55756,12,3,0,0,0,0,27,1,57161,27,0,0,0,55397,57865313888,479448682039
2022-07-06,Z305KVJ1,0,55517400,12,0,8103522,55780,12,3,0,0,0,0,26,1,57161,26,0,0,0,55421,57873641312,479710033523
2022-07-07,Z305KVJ1,0,15323248,12,0,9206134,55804,12,3,0,0,0,0,28,1,57161,28,0,0,0,55445,57881606472,479848393318
2022-07-08,Z305KVJ1,0,112629424,12,0,10880407,55828,12,3,0,0,0,0,24,1,57161,24,0,0,0,55468,57888897432,480163115805
2022-07-09,Z305KVJ1,0,165187696,12,0,11999378,55851,12,3,0,0,0,0,22,1,57161,22,0,0,0,55492,57900454656,480379100758
2022-07-10,Z305KVJ1,0,186887976,12,0,12973697,55875,12,3,0,0,0,0,22,1,57161,22,0,0,0,55516,57906944368,480600821080
2022-07-11,Z305KVJ1,0,53977472,12,0,14232344,55899,12,3,0,0,0,0,23,1,57161,23,0,0,0,55539,57919122520,480873067276
2022-07-12,Z305KVJ1,0,39020016,12,0,17424676,55923,12,3,0,0,0,0,23,1,57161,23,0,0,0,55563,57930054392,481193797991
2022-07-13,Z305KVJ1,0,18023904,12,0,18700439,55946,12,3,0,0,0,0,23,1,57161,23,0,0,0,55587,57938183448,481455543237
2022-07-14,Z305KVJ1,0,205815736,12,0,20527832,55970,12,3,0,0,0,0,23,1,57161,23,0,0,0,55610,57948001320,481641008743
2022-07-15,Z305KVJ1,0,171806072,12,0,22447788,55993,12,3,0,0,0,0,23,1,57161,23,0,0,0,55634,57955872104,481858418389
2022-07-16,Z305KVJ1,0,191576968,12,0,24219773,56017,12,3,0,0,0,0,23,1,57161,23,0,0,0,55657,57966170680,482110402789
2022-07-17,Z305KVJ1,0,232393408,12,0,25337945,56040,12,3,0,0,0,0,23,1,57161,23,0,0,0,55681,57973797664,482332823102
2022-07-18,Z305KVJ1,0,39323288,12,0,26746018,56064,12,3,0,0,0,0,23,1,57161,23,0,0,0,55705,57981098088,482553363227
2022-07-19,Z305KVJ1,0,20450656,12,0,27776842,56087,12,3,0,0,0,0,23,1,57161,23,0,0,0,55728,57986960320,482791363663
2022-07-20,Z305KVJ1,0,161262624,12,0,28672354,56111,12,3,0,0,0,0,23,1,57161,23,0,0,0,55751,57994547112,483027011446
2022-07-21,Z305KVJ1,0,167456472,12,0,30051089,56135,12,3,0,0,0,0,22,1,57161,22,0,0,0,55775,58003416976,483307788450
2022-07-22,Z305KVJ1,0,211779344,12,0,31741462,56158,12,3,0,0,0,0,22,1,57161,22,0,0,0,55799,58014167512,483503734669
2022-07-23,Z305KVJ1,0,147346392,12,0,33489235,56182,12,3,0,0,0,0,22,1,57161,22,0,0,0,55822,58021554120,483819600605
2022-07-24,Z305KVJ1,0,128144648,12,0,36190085,56205,12,3,0,0,0,0,26,1,57161,26,0,0,0,55846,58029572296,484050470567
2022-07-25,Z305KVJ1,0,88805912,12,0,37821220,56229,12,3,0,0,0,0,24,1,57161,24,0,0,0,55869,58037590896,484270280620
2022-07-26,Z305KVJ1,0,101150864,12,0,40120933,56252,12,3,0,0,0,0,28,1,57161,28,0,0,0,55893,58047073008,484456904499
2022-07-27,Z305KVJ1,0,58577016,12,0,41773296,56276,12,3,0,0,0,0,27,1,57161,27,0,0,0,55916,58055150960,484675656064
2022-07-28,Z305KVJ1,0,166111288,12,0,42919959,56299,12,3,0,0,0,0,24,1,57161,24,0,0,0,55940,58064886912,484835473363
2022-07-29,Z305KVJ1,0,55113912,12,0,45090168,56323,12,3,0,0,0,0,25,1,57161,25,0,0,0,55964,58076545008,484950690420
2022-07-30,Z305KVJ1,0,67984448,12,0,45951383,56347,12,3,0,0,0,0,28,1,57161,28,0,0,0,55987,58092859352,485055819381
2022-07-31,Z305KVJ1,0,175893424,12,0,48619113,56370,12,3,0,0,0,0,26,1,57161,26,0,0,0,56011,58105415600,485212105136
2022-08-01,Z305KVJ1,0,59063600,12,0,50984119,56406,12,3,0,0,0,0,25,1,57161,25,0,0,0,56046,58123330648,485449950992
2022-08-02,Z305KVJ1,0,216572832,12,0,53458048,56429,12,3,0,0,0,0,25,1,57161,25,0,0,0,56070,58133015984,485624698036
2022-08-03,Z305KVJ1,0,130996528,12,0,54566395,56453,12,3,0,0,0,0,23,1,57161,23,0,0,0,56093,58141753976,485839539210
2022-08-04,Z305KVJ1,0,81925680,12,0,56446376,56476,12,3,0,0,0,0,23,1,57161,23,0,0,0,56117,58153059656,485957956677
2022-08-05,Z305KVJ1,0,183840992,12,0,57792399,56500,12,3,0,0,0,0,22,1,57161,22,0,0,0,56140,58163433976,486083301505
2022-08-06,Z305KVJ1,0,217669960,12,0,58903604,56523,12,3,0,0,0,0,24,1,57161,24,0,0,0,56164,58168277568,486233035874
2022-08-07,Z305KVJ1,0,212029592,12,0,59953521,56547,12,3,0,0,0,0,23,1,57161,23,0,0,0,56187,58176424016,486382765919
2022-08-08,Z305KVJ1,0,108497064,12,0,61260018,56570,12,3,0,0,0,0,22,1,57161,22,0,0,0,56211,58184604312,486517245545
2022-08-09,Z305KVJ1,0,61973624,12,0,64270727,56594,12,3,0,0,0,0,22,1,57161,22,0,0,0,56235,58193991688,486773500343
2022-08-10,Z305KVJ1,0,9112936,12,0,65837937,56618,12,3,0,0,0,0,22,1,57161,22,0,0,0,56258,58232019784,486993786740
2022-08-11,Z305KVJ1,0,66845312,12,0,67725932,56641,12,3,0,0,0,0,22,1,57161,22,0,0,0,56282,58241837720,487174591740
2022-08-12,Z305KVJ1,0,33038336,12,0,69663866,56665,12,3,0,0,0,0,22,1,57161,22,0,0,0,56305,58252389144,487480582013
2022-08-13,Z305KVJ1,0,227790728,12,0,71061711,56688,12,3,0,0,0,0,22,1,57161,22,0,0,0,56329,58259157304,487732868451
2022-08-14,Z305KVJ1,0,31963376,12,0,72275605,56712,12,3,0,0,0,0,21,1,57161,21,0,0,0,56352,58266533584,487973523032
2022-08-15,Z305KVJ1,0,228835576,12,0,73595446,56735,12,3,0,0,0,0,22,1,57161,22,0,0,0,56376,58283650800,488192499259
2022-08-16,Z305KVJ1,0,8404440,12,0,76643769,56759,12,3,0,0,0,0,22,1,57161,22,0,0,0,56399,58294437192,488431825099
2022-08-17,Z305KVJ1,0,231885856,12,0,78286587,56782,12,3,0,0,0,0,22,1,57161,22,0,0,0,56423,58300799592,488721880397
2022-08-18,Z305KVJ1,0,115031912,12,0,79641577,56806,12,3,0,0,0,0,22,1,57161,22,0,0,0,56447,58309670704,488935239107
2022-08-19,Z305KVJ1,0,159492424,12,0,81431950,56830,12,3,0,0,0,0,22,1,57161,22,0,0,0,56470,58316168816,489099181737
2022-08-20,Z305KVJ1,0,184421152,12,0,82620656,56853,12,3,0,0,0,0,22,1,57161,22,0,0,0,56494,58324155416,489354391954
2022-08-21,Z305KVJ1,0,113121224,12,0,84030362,56877,12,3,0,0,0,0,22,1,57161,22,0,0,0,56518,58336292608,489637985942
2022-08-22,Z305KVJ1,0,171576568,12,0,85305478,56901,12,3,0,0,0,0,24,1,57161,24,0,0,0,56541,58350317568,489882999893
2022-08-23,Z305KVJ1,0,191895856,12,0,88072157,56924,12,3,0,0,0,0,23,1,57161,23,0,0,0,56565,58358778728,490163448482
2022-08-24,Z305KVJ1,0,129909576,12,0,90911346,56960,12,3,0,0,0,0,23,1,57161,23,0,0,0,56600,58374009120,490559946780
2022-08-25,Z305KVJ1,0,44579600,12,0,93241074,56983,12,3,0,0,0,0,25,1,57161,25,0,0,0,56624,58385157960,490719983921
2022-08-26,Z305KVJ1,0,87581120,12,0,94824527,57007,12,3,0,0,0,0,25,1,57161,25,0,0,0,56647,58393234928,490946912995
2022-08-27,Z305KVJ1,0,55863304,12,0,95836603,57030,12,3,0,0,0,0,24,1,57161,24,0,0,0,56671,58399698728,491175206919
2022-08-28,Z305KVJ1,0,40382136,12,0,96881899,57054,12,3,0,0,0,0,25,1,57161,25,0,0,0,56694,58408099056,491405730835
2022-08-29,Z305KVJ1,0,87334680,12,0,97932764,57077,12,3,0,0,0,0,24,1,57161,24,0,0,0,56718,58418309944,491648421839
2022-08-30,Z305KVJ1,0,226760544,12,0,100589353,57101,12,3,0,0,0,0,23,1,57161,23,0,0,0,56741,58433032368,492013091619
2022-08-31,Z305KVJ1,0,117684584,12,0,101726835,57124,12,3,0,0,0,0,22,1,57161,22,0,0,0,56765,58440294712,492293862870
2022-09-01,Z305KVJ1,0,207515040,12,0,104316726,57148,12,3,0,0,0,0,22,1,57161,22,0,0,0,56788,58457908856,492519483705
2022-09-02,Z305KVJ1,0,109893328,12,0,106371731,57172,12,3,0,0,0,0,22,1,57161,22,0,0,0,56812,58472326440,492683861000
2022-09-03,Z305KVJ1,0,198958184,12,0,107752593,57195,12,3,0,0,0,0,23,1,57161,23,0,0,0,56836,58481481128,492909020188
2022-09-04,Z305KVJ1,0,123938360,12,0,108888890,57219,12,3,0,0,0,0,22,1,57161,22,0,0,0,56859,58500356968,493073334679
2022-09-05,Z305KVJ1,0,206260768,12,0,110462625,57242,12,3,0,0,0,0,23,1,57161,23,0,0,0,56883,58511936384,493325844103
2022-09-06,Z305KVJ1,0,158384064,12,0,113359971,57266,12,3,0,0,0,0,23,1,57161,23,0,0,0,56906,58521886704,493469382577
2022-09-07,Z305KVJ1,0,74072808,12,0,114645974,57289,12,3,0,0,0,0,22,1,57161,22,0,0,0,56930,58530672696,493641990465
2022-09-08,Z305KVJ1,0,56094328,12,0,115858379,57313,12,3,0,0,0,0,22,1,57161,22,0,0,0,56953,58547035784,493757375802
2022-09-09,Z305KVJ1,0,36752568,12,0,116995137,57337,12,3,0,0,0,0,22,1,57161,22,0,0,0,56977,58561452312,493898029830
2022-09-10,Z305KVJ1,0,17699512,12,0,118022585,57360,12,3,0,0,0,0,22,1,57161,22,0,0,0,57001,58580768040,494016874741
2022-09-11,Z305KVJ1,0,70493832,12,0,119639259,57384,12,3,0,0,0,0,22,1,57161,22,0,0,0,57024,58592368832,494209553107
2022-09-12,Z305KVJ1,0,100792144,12,0,120619110,57407,12,3,0,0,0,0,22,1,57161,22,0,0,0,57048,58603698568,494371960488
2022-09-13,Z305KVJ1,0,236747968,12,0,123492035,57431,12,3,0,0,0,0,22,1,57161,22,0,0,0,57072,58614401368,494579727098
2022-09-14,Z305KVJ1,0,166316752,12,0,124817347,57455,12,3,0,0,0,0,23,1,57161,23,0,0,0,57095,58625740232,494743303842
2022-09-15,Z305KVJ1,0,179224048,12,0,126030500,57478,12,3,0,0,0,0,23,1,57161,23,0,0,0,57119,58642496912,494861466524
2022-09-16,Z305KVJ1,0,43768960,12,0,127324471,57502,12,3,0,0,0,0,24,1,57161,24,0,0,0,57142,58653002824,495109459838
2022-09-17,Z305KVJ1,0,63988544,12,0,131288033,57525,12,3,0,0,0,0,24,1,57161,24,0,0,0,57166,58656968504,496038918160
2022-09-18,Z305KVJ1,0,3281744,12,0,132424760,57549,12,3,0,0,0,0,25,1,57161,25,0,0,0,57189,58668276392,496196270637
2022-09-19,Z305KVJ1,0,106442016,12,0,133639860,57572,12,3,0,0,0,0,27,1,57161,27,0,0,0,57213,58678983432,496411471888
2022-09-20,Z305KVJ1,0,206370704,12,0,137593567,57608,12,3,0,0,0,0,25,1,57161,25,0,0,0,57248,58708597392,496760083346
2022-09-21,Z305KVJ1,0,226396544,12,0,138431331,57620,12,3,0,0,0,0,24,1,57161,24,0,0,0,57260,58716424832,496975103588
2022-09-22,Z305KVJ1,0,98892920,12,0,139710422,57643,12,3,0,0,0,0,24,1,57161,24,0,0,0,57283,58725813680,497197744355
2022-09-23,Z305KVJ1,0,170778272,12,0,141944170,57667,12,3,0,0,0,0,23,1,57161,23,0,0,0,57307,58737127880,497345516970
2022-09-24,Z305KVJ1,0,39634784,12,0,143480113,57690,12,3,0,0,0,0,23,1,57161,23,0,0,0,57331,58750192224,497629583318
2022-09-25,Z305KVJ1,0,119774856,12,0,145186558,57725,12,3,0,0,0,0,22,1,57161,22,0,0,0,57366,58759092096,497926598002
2022-09-26,Z305KVJ1,0,59560888,12,0,146438648,57749,12,3,0,0,0,0,22,1,57161,22,0,0,0,57390,58760441752,498197020953
2022-09-27,Z305KVJ1,0,120696248,12,0,147647366,57773,12,3,0,0,0,0,22,1,57161,22,0,0,0,57413,58761674816,498444983737
2022-09-28,Z305KVJ1,0,95389112,12,0,148829682,57796,12,3,0,0,0,0,24,1,57161,24,0,0,0,57437,58763089624,498674690266
2022-09-29,Z305KVJ1,0,176074720,12,0,150785188,57820,12,3,0,0,0,0,22,1,57161,22,0,0,0,57460,58764610848,503165858487
2022-09-30,Z305KVJ1,0,87237216,12,0,152414569,57843,12,3,0,0,0,0,22,1,57161,22,0,0,0,57484,58766148512,503429961844
2022-10-01,Z305KVJ1,0,222662200,12,0,153707190,57867,12,3,0,0,0,0,22,1,57161,22,0,0,0,57508,58767551784,503690438344
2022-10-02,Z305KVJ1,0,92492560,12,0,155144001,57891,12,3,0,0,0,0,22,1,57161,22,0,0,0,57531,58769483952,503954818095
2022-10-03,Z305KVJ1,0,232590376,12,0,156924265,57914,12,3,0,0,0,0,22,1,57161,22,0,0,0,57555,58771492224,504220566470
2022-10-04,Z305KVJ1,0,140218760,12,0,159860918,57938,12,3,0,0,0,0,22,1,57161,22,0,0,0,57579,58773816384,504528760916
2022-10-05,Z305KVJ1,0,140680208,12,0,160758342,57962,12,3,0,0,0,0,22,1,57161,22,0,0,0,57602,58775388496,504746001069
2022-10-06,Z305KVJ1,0,241221456,12,0,161988671,57985,12,3,0,0,0,0,22,1,57161,22,0,0,0,57626,58777427760,504961141973
2022-10-07,Z305KVJ1,0,68244680,12,0,162938910,58009,12,3,0,0,0,0,22,1,57161,22,0,0,0,57649,58778701864,505212191545
2022-10-08,Z305KVJ1,0,59332832,12,0,164428322,58032,12,3,0,0,0,0,22,1,57161,22,0,0,0,57673,58779797168,505463150027
2022-10-09,Z305KVJ1,0,57809368,12,0,165251063,58056,12,3,0,0,0,0,22,1,57161,22,0,0,0,57697,58781363536,505785336994
2022-10-10,Z305KVJ1,0,213785480,12,0,166298159,58080,12,3,0,0,0,0,23,1,57161,23,0,0,0,57720,58783005584,506069407410
2022-10-11,Z305KVJ1,0,170801096,12,0,169417488,58103,12,3,0,0,0,0,23,1,57161,23,0,0,0,57744,58784607744,506376390154
2022-10-12,Z305KVJ1,0,52230472,12,0,170905364,58127,12,3,0,0,0,0,23,1,57161,23,0,0,0,57767,58786609744,506634707930
2022-10-13,Z305KVJ1,0,117071120,12,0,172034152,58150,12,3,0,0,0,0,22,1,57161,22,0,0,0,57791,58787999816,506759999218
2022-10-14,Z305KVJ1,0,128369456,12,0,173687336,58174,12,3,0,0,0,0,22,1,57161,22,0,0,0,57815,58789275688,506852183483
2022-10-15,Z305KVJ1,0,71810800,12,0,174926426,58198,12,3,0,0,0,0,22,1,57161,22,0,0,0,57838,58790533368,507064955241
2022-10-16,Z305KVJ1,0,242155096,12,0,176073820,58221,12,3,0,0,0,0,23,1,57161,23,0,0,0,57862,58791841408,507232780446
2022-10-17,Z305KVJ1,0,19155312,12,0,176627179,58245,12,3,0,0,0,0,24,1,57161,24,0,0,0,57885,58793323152,507317351962
2022-10-18,Z305KVJ1,0,4896960,12,0,179275895,58268,12,3,0,0,0,0,23,1,57161,23,0,0,0,57909,58795050248,507504289210
2022-10-19,Z305KVJ1,0,104178696,12,0,180576904,58292,12,3,0,0,0,0,22,1,57161,22,0,0,0,57933,58796482184,507633681853
2022-10-20,Z305KVJ1,0,125641824,12,0,182102379,58315,12,3,0,0,0,0,22,1,57161,22,0,0,0,57956,58798128248,507815646925
2022-10-21,Z305KVJ1,0,85350576,12,0,184013615,58339,12,3,0,0,0,0,22,1,57161,22,0,0,0,57980,58799467080,507931877030
2022-10-22,Z305KVJ1,0,65078296,12,0,185071374,58363,12,3,0,0,0,0,25,1,57161,25,0,0,0,58003,58800987352,508140369881
2022-10-23,Z305KVJ1,0,174204120,12,0,186552373,58398,12,3,0,0,0,0,23,1,57161,23,0,0,0,58039,58803098920,508360078851
2022-10-24,Z305KVJ1,0,64906104,12,0,187618454,58422,12,3,0,0,0,0,22,1,57161,22,0,0,0,58062,58806955592,508525067203
2022-10-25,Z305KVJ1,0,58675184,12,0,190283966,58445,12,3,0,0,0,0,24,1,57161,24,0,0,0,58086,58808446664,508714230540
2022-10-26,Z305KVJ1,0,210998000,12,0,191471335,58469,12,3,0,0,0,0,24,1,57161,24,0,0,0,58110,58809795112,508925713165
2022-10-27,Z305KVJ1,0,122247400,12,0,193308525,58493,12,3,0,0,0,0,24,1,57161,24,0,0,0,58133,58811394192,509063636656
2022-10-28,Z305KVJ1,0,19998944,12,0,194985047,58516,12,3,0,0,0,0,22,1,57161,22,0,0,0,58157,58812637600,509273609748
2022-10-29,Z305KVJ1,0,140792728,12,0,196888326,58540,12,3,0,0,0,0,24,1,57161,24,0,0,0,58180,58813651080,509630405690
2022-10-30,Z305KVJ1,0,77819960,12,0,198182763,58563,12,3,0,0,0,0,24,1,57161,24,0,0,0,58204,58815640256,509885552150
2022-10-31,Z305KVJ1,0,187403544,12,0,199386097,58587,12,3,0,0,0,0,23,1,57161,23,0,0,0,58228,58816798448,510142845511
2022-11-01,Z305KVJ1,0,90412104,12,0,202002008,58611,12,3,0,0,0,0,24,1,57161,24,0,0,0,58251,58818082736,510351059772
2022-11-02,Z305KVJ1,0,173954832,12,0,203208362,58634,12,3,0,0,0,0,23,1,57161,23,0,0,0,58275,58819513960,510630025045
2022-11-03,Z305KVJ1,0,147209136,12,0,204942232,58658,12,3,0,0,0,0,26,1,57161,26,0,0,0,58298,58820599640,510791023789
2022-11-04,Z305KVJ1,0,54320136,12,0,206392846,58681,12,3,0,0,0,0,22,1,57161,22,0,0,0,58321,58821734944,510991875291
2022-11-05,Z305KVJ1,0,243779968,12,0,207323420,58704,12,3,0,0,0,0,24,1,57161,24,0,0,0,58345,58822765872,511213252110
2022-11-06,Z305KVJ1,0,166887560,13,0,208549712,58728,13,3,0,0,0,0,23,1,57162,23,0,0,0,58369,58823738240,511497357715
2022-11-07,Z305KVJ1,0,194879160,14,0,209671680,58751,14,3,0,0,0,0,23,1,57163,23,0,0,0,58392,58824792280,511735907895
2022-11-08,Z305KVJ1,0,147989872,14,0,212926840,58775,14,3,0,0,0,0,23,1,57163,23,0,0,0,58415,58826075216,512036876437
2022-11-09,Z305KVJ1,0,148063544,14,0,214694151,58798,14,3,0,0,0,0,26,1,57163,26,0,0,0,58439,58827191600,512311529539
2022-11-10,Z305KVJ1,0,67284120,14,0,216373824,58821,14,3,0,0,0,0,27,1,57163,27,0,0,0,58462,58829320952,512545103778
2022-11-11,Z305KVJ1,0,65057904,14,0,218399272,58845,14,3,0,0,0,0,25,1,57163,25,0,0,0,58485,58830370680,512729437212
2022-11-12,Z305KVJ1,0,188767032,14,0,219229878,58868,14,3,0,0,0,0,25,1,57163,25,0,0,0,58509,58831355624,512950695088
2022-11-13,Z305KVJ1,0,17712256,14,0,220087519,58892,14,3,0,0,0,0,25,1,57163,25,0,0,0,58532,58832283240,513178057640
2022-11-14,Z305KVJ1,0,127187512,14,0,221570134,58927,14,3,0,0,0,0,26,1,57163,26,0,0,0,58567,58833625808,513595254222
2022-11-15,Z305KVJ1,0,67806152,14,0,223978259,58950,14,3,0,0,0,0,26,1,57163,26,0,0,0,58591,58834728232,513909740546
2022-11-16,Z305KVJ1,0,216697256,14,0,225664484,58973,14,3,0,0,0,0,26,1,57163,26,0,0,0,58614,58835787744,514140045835
2022-11-17,Z305KVJ1,0,177794472,14,0,230440927,58997,14,3,0,0,0,0,26,1,57163,26,0,0,0,58637,58836831496,535739605324
2022-11-18,Z305KVJ1,0,70679200,14,0,234362799,59020,14,3,0,0,0,0,26,1,57163,26,0,0,0,58661,58837875168,540141691811
2022-11-19,Z305KVJ1,0,192363016,14,0,238082922,59043,14,3,0,0,0,0,25,1,57163,25,0,0,0,58684,58840892920,553175008755
2022-11-20,Z305KVJ1,0,45663120,14,0,238918406,59055,14,3,0,0,0,0,24,1,57163,24,0,0,0,58696,58841837920,553326114990
2022-11-21,Z305KVJ1,0,125200992,14,0,240864296,59090,14,3,0,0,0,0,26,1,57163,26,0,0,0,58731,58843241576,553684958332
2022-11-22,Z305KVJ1,0,142201408,14,0,243176688,59114,14,3,0,0,0,0,25,1,57163,25,0,0,0,58754,58844489064,553834836636
2022-11-23,Z305KVJ1,0,204044632,14,0,244784909,59137,14,3,0,0,0,0,24,1,57163,24,0,0,0,58778,58859247032,554109579144
2022-11-24,Z305KVJ1,0,49266328,14,0,246255913,59161,14,3,0,0,0,0,23,1,57163,23,0,0,0,58801,58860105368,554214594774
2022-11-25,Z305KVJ1,0,52226112,14,0,247832662,59184,14,3,0,0,0,0,22,1,57163,22,0,0,0,58825,58861565232,554369051147
2022-11-26,Z305KVJ1,0,29892544,14,0,248521381,59208,14,3,0,0,0,0,23,1,57163,23,0,0,0,58848,58862906016,554469691571
2022-11-27,Z305KVJ1,0,144536376,14,0,249423694,59231,14,3,0,0,0,0,22,1,57163,22,0,0,0,58872,58863759320,554590010380
2022-11-28,Z305KVJ1,0,197654760,14,0,250318761,59254,14,3,0,0,0,0,23,1,57163,23,0,0,0,58895,58864704312,554723141670
2022-11-29,Z305KVJ1,0,129956808,14,0,253528855,59278,14,3,0,0,0,0,23,1,57163,23,0,0,0,58918,58866015120,554944267895
2022-11-30,Z305KVJ1,0,24038888,14,0,254463303,59301,14,3,0,0,0,0,26,1,57163,26,0,0,0,58942,58866900928,555118059439
2022-12-01,Z305KVJ1,0,23001592,14,0,255576822,59324,14,3,0,0,0,0,27,1,57163,27,0,0,0,58965,58867679984,555251943347
2022-12-02,Z305KVJ1,0,153296432,14,0,257499074,59348,14,3,0,0,0,0,29,1,57163,29,0,0,0,58989,58868972632,555386624948
2022-12-03,Z305KVJ1,0,54770584,14,0,258521590,59371,14,3,0,0,0,0,28,1,57163,28,0,0,0,59012,58869814960,555542737993
2022-12-04,Z305KVJ1,0,167402624,14,0,260057657,59407,14,3,0,0,0,0,27,1,57163,27,0,0,0,59047,58871570024,555782923792
2022-12-05,Z305KVJ1,0,122793440,14,0,260703062,59418,14,3,0,0,0,0,25,1,57163,25,0,0,0,59059,58872025920,555908204820
2022-12-06,Z305KVJ1,0,31078520,14,0,264515207,59453,14,3,0,0,0,0,27,1,57163,27,0,0,0,59094,58873844688,556257224524
2022-12-07,Z305KVJ1,0,30083360,14,0,265883006,59477,14,3,0,0,0,0,26,1,57163,26,0,0,0,59117,58874646640,556607066786
2022-12-08,Z305KVJ1,0,169263872,14,0,267935422,59500,14,3,0,0,0,0,27,1,57163,27,0,0,0,59141,58875374840,556776780596
2022-12-09,Z305KVJ1,0,120446688,14,0,269106250,59524,14,3,0,0,0,0,26,1,57163,26,0,0,0,59164,58876285336,556971456588
2022-12-11,Z305KVJ1,0,48414288,14,0,271233743,59570,14,3,0,0,0,0,24,1,57163,24,0,0,0,59211,58878778840,557391735968
2022-12-11,Z305KVJ1,0,48414288,14,0,271233743,59570,14,3,0,0,0,0,24,1,57163,24,0,0,0,59211,58878778840,557391735968
2022-12-12,Z305KVJ1,0,62705616,14,0,272443370,59594,14,3,0,0,0,0,26,1,57163,26,0,0,0,59234,58879697400,557667570333
2022-12-13,Z305KVJ1,0,157189560,14,0,275108894,59617,14,3,0,0,0,0,26,1,57163,26,0,0,0,59258,58880745536,557948334736
2022-12-14,Z305KVJ1,0,61172616,14,0,276042182,59640,14,3,0,0,0,0,25,1,57163,25,0,0,0,59281,58881954632,558164298408
2022-12-15,Z305KVJ1,0,244071320,14,0,277753428,59664,14,3,0,0,0,0,26,1,57163,26,0,0,0,59305,58883078528,558375585364
2022-12-16,Z305KVJ1,0,79533440,14,0,279905406,59688,14,3,0,0,0,0,25,1,57163,25,0,0,0,59328,58884270712,558623318340
2022-12-17,Z305KVJ1,0,98453856,14,0,281134792,59711,14,3,0,0,0,0,27,1,57163,27,0,0,0,59352,58885411888,558894316427
2022-12-18,Z305KVJ1,0,173286016,14,0,282537661,59735,14,3,0,0,0,0,26,1,57163,26,0,0,0,59376,58886665072,559136035311
2022-12-19,Z305KVJ1,0,217478376,14,0,284028999,59759,14,3,0,0,0,0,24,1,57163,24,0,0,0,59399,58887897072,559392115330
2022-12-20,Z305KVJ1,0,108254064,14,0,286657457,59782,14,3,0,0,0,0,28,1,57163,28,0,0,0,59423,58889460552,559663815698
2022-12-21,Z305KVJ1,0,157241240,14,0,287836418,59806,14,3,0,0,0,0,25,1,57163,25,0,0,0,59447,58894204576,559900639144
2022-12-22,Z305KVJ1,0,25859560,14,0,289073985,59830,14,3,0,0,0,0,25,1,57163,25,0,0,0,59470,58895121808,560114166909
2022-12-23,Z305KVJ1,0,55841536,14,0,290877938,59853,14,3,0,0,0,0,27,1,57163,27,0,0,0,59494,58896324664,560301635852
2022-12-24,Z305KVJ1,0,240302344,14,0,291986458,59877,14,3,0,0,0,0,26,1,57163,26,0,0,0,59518,58901128344,560646330099
2022-12-25,Z305KVJ1,0,28461200,14,0,292975059,59901,14,3,0,0,0,0,27,1,57163,27,0,0,0,59541,58902636208,560924621236
2022-12-26,Z305KVJ1,0,125877688,14,0,294384615,59924,14,3,0,0,0,0,26,1,57163,26,0,0,0,59565,58904250280,561190920134
2022-12-27,Z305KVJ1,0,181008032,14,0,297332521,59948,14,3,0,0,0,0,27,1,57163,27,0,0,0,59588,58905800256,561488117104
2022-12-28,Z305KVJ1,0,148340384,14,0,298675708,59971,14,3,0,0,0,0,26,1,57163,26,0,0,0,59612,58907208624,561599033425
2022-12-29,Z305KVJ1,0,4712840,14,0,300357379,59995,14,3,0,0,0,0,26,1,57163,26,0,0,0,59636,58908144800,561869895162
2022-12-30,Z305KVJ1,0,122679976,14,0,302261591,60019,14,3,0,0,0,0,25,1,57163,25,0,0,0,59659,58909143712,561981768859
2022-12-31,Z305KVJ1,0,43942648,14,0,303190906,60042,14,3,0,0,0,0,26,1,57163,26,0,0,0,59683,58910278128,562116368665
